{
  "credit": "Blockbench",
  "textures": {
    "1": "infinitecrops:item/crops/dollar_tree/green_tree"
  },
  "elements": [
    {
      "from": [
        6.3425,
        -14,
        6.674
      ],
      "to": [
        9.6575,
        5.89,
        9.989
      ],
      "rotation": {
        "angle": 0,
        "axis": "y",
        "origin": [
          -18.52,
          -14,
          -18.52
        ]
      },
      "faces": {
        "north": {
          "uv": [
            16,
            3.275,
            15.5,
            5.725
          ],
          "texture": "#1"
        },
        "east": {
          "uv": [
            15.5,
            3.275,
            16,
            5.725
          ],
          "texture": "#1"
        },
        "south": {
          "uv": [
            16,
            3.275,
            15.5,
            5.725
          ],
          "texture": "#1"
        },
        "west": {
          "uv": [
            15.5,
            3.275,
            16,
            5.725
          ],
          "texture": "#1"
        },
        "up": {
          "uv": [
            15.5,
            3.275,
            16,
            5.725
          ],
          "texture": "#1"
        },
        "down": {
          "uv": [
            15.5,
            3.275,
            16,
            5.725
          ],
          "texture": "#1"
        }
      }
    },
    {
      "from": [
        7.337,
        -14,
        8
      ],
      "to": [
        10.652,
        -12.011,
        14.63
      ],
      "rotation": {
        "angle": 22.5,
        "axis": "x",
        "origin": [
          9.6575,
          -13.0055,
          11.315
        ]
      },
      "faces": {
        "north": {
          "uv": [
            15.5,
            5.475,
            16,
            6.225
          ],
          "texture": "#1"
        },
        "east": {
          "uv": [
            15.75,
            5.475,
            15.5,
            6.225
          ],
          "texture": "#1"
        },
        "south": {
          "uv": [
            16,
            5.475,
            15.5,
            6.225
          ],
          "texture": "#1"
        },
        "west": {
          "uv": [
            16,
            5.475,
            15.75,
            6.225
          ],
          "texture": "#1"
        },
        "up": {
          "uv": [
            16,
            5.475,
            15.5,
            6.225
          ],
          "texture": "#1"
        },
        "down": {
          "uv": [
            16,
            5.475,
            15.5,
            6.225
          ],
          "texture": "#1"
        }
      }
    },
    {
      "from": [
        1.37,
        -14.663,
        8.3315
      ],
      "to": [
        8,
        -12.674,
        11.6465
      ],
      "rotation": {
        "angle": 22.5,
        "axis": "z",
        "origin": [
          2.3645,
          -13.0055,
          11.315
        ]
      },
      "faces": {
        "north": {
          "uv": [
            16,
            5.475,
            15.75,
            6.225
          ],
          "rotation": 90,
          "texture": "#1"
        },
        "east": {
          "uv": [
            15.5,
            5.475,
            16,
            6.225
          ],
          "texture": "#1"
        },
        "south": {
          "uv": [
            15.75,
            5.475,
            15.5,
            6.225
          ],
          "rotation": 90,
          "texture": "#1"
        },
        "west": {
          "uv": [
            16,
            5.475,
            15.5,
            6.225
          ],
          "texture": "#1"
        },
        "up": {
          "uv": [
            16,
            5.475,
            15.5,
            6.225
          ],
          "rotation": 90,
          "texture": "#1"
        },
        "down": {
          "uv": [
            15.5,
            5.475,
            16,
            6.225
          ],
          "rotation": 90,
          "texture": "#1"
        }
      }
    },
    {
      "from": [
        4.685,
        -14,
        1.37
      ],
      "to": [
        8,
        -12.011,
        8
      ],
      "rotation": {
        "angle": -22.5,
        "axis": "x",
        "origin": [
          9.6575,
          -13.0055,
          4.685
        ]
      },
      "faces": {
        "north": {
          "uv": [
            15.5,
            5.475,
            16,
            6.225
          ],
          "texture": "#1"
        },
        "east": {
          "uv": [
            15.5,
            5.475,
            15.75,
            6.225
          ],
          "texture": "#1"
        },
        "south": {
          "uv": [
            16,
            5.475,
            15.5,
            6.225
          ],
          "texture": "#1"
        },
        "west": {
          "uv": [
            15.75,
            5.475,
            16,
            6.225
          ],
          "texture": "#1"
        },
        "up": {
          "uv": [
            16,
            6.225,
            15.5,
            5.475
          ],
          "texture": "#1"
        },
        "down": {
          "uv": [
            16,
            6.225,
            15.5,
            5.475
          ],
          "texture": "#1"
        }
      }
    },
    {
      "from": [
        8.97757,
        -14.55972,
        5.0165
      ],
      "to": [
        15.60757,
        -12.57072,
        8.3315
      ],
      "rotation": {
        "angle": -22.5,
        "axis": "z",
        "origin": [
          13.95007,
          -8.92422,
          6.011
        ]
      },
      "faces": {
        "north": {
          "uv": [
            15.75,
            6.225,
            15.5,
            5.475
          ],
          "rotation": 90,
          "texture": "#1"
        },
        "east": {
          "uv": [
            16,
            5.475,
            15.5,
            6.225
          ],
          "texture": "#1"
        },
        "south": {
          "uv": [
            16,
            6.225,
            15.75,
            5.475
          ],
          "rotation": 90,
          "texture": "#1"
        },
        "west": {
          "uv": [
            15.5,
            5.475,
            16,
            6.225
          ],
          "texture": "#1"
        },
        "up": {
          "uv": [
            15.5,
            5.475,
            16,
            6.225
          ],
          "rotation": 90,
          "texture": "#1"
        },
        "down": {
          "uv": [
            16,
            5.475,
            15.5,
            6.225
          ],
          "rotation": 90,
          "texture": "#1"
        }
      }
    },
    {
      "from": [
        -0.8,
        12.43,
        -7.015
      ],
      "to": [
        15.7,
        27.5,
        8.385
      ],
      "rotation": {
        "angle": 0,
        "axis": "y",
        "origin": [
          -5.2,
          3.3,
          -5.2
        ]
      },
      "faces": {
        "north": {
          "uv": [
            0,
            0,
            2,
            2
          ],
          "texture": "#1"
        },
        "east": {
          "uv": [
            1.25,
            0.5,
            3.25,
            2.5
          ],
          "texture": "#1"
        },
        "south": {
          "uv": [
            0,
            0,
            2,
            2
          ],
          "texture": "#1"
        },
        "west": {
          "uv": [
            0,
            0,
            2,
            2
          ],
          "texture": "#1"
        },
        "up": {
          "uv": [
            0,
            0,
            2,
            2
          ],
          "texture": "#1"
        },
        "down": {
          "uv": [
            0,
            0,
            2,
            2
          ],
          "texture": "#1"
        }
      }
    },
    {
      "from": [
        -8.5,
        4.51,
        2.445
      ],
      "to": [
        8,
        19.58,
        17.845
      ],
      "rotation": {
        "angle": 0,
        "axis": "y",
        "origin": [
          -5.2,
          3.3,
          -5.2
        ]
      },
      "faces": {
        "north": {
          "uv": [
            0,
            0,
            2,
            2
          ],
          "texture": "#1"
        },
        "east": {
          "uv": [
            0,
            0,
            2,
            2
          ],
          "texture": "#1"
        },
        "south": {
          "uv": [
            0,
            0,
            2,
            2
          ],
          "texture": "#1"
        },
        "west": {
          "uv": [
            1.25,
            1.25,
            3.25,
            3.25
          ],
          "texture": "#1"
        },
        "up": {
          "uv": [
            0,
            0,
            2,
            2
          ],
          "texture": "#1"
        },
        "down": {
          "uv": [
            0,
            0,
            2,
            2
          ],
          "texture": "#1"
        }
      }
    },
    {
      "from": [
        5.5,
        0.71,
        -1.855
      ],
      "to": [
        22,
        15.78,
        13.545
      ],
      "rotation": {
        "angle": 0,
        "axis": "y",
        "origin": [
          -5.2,
          3.3,
          -5.2
        ]
      },
      "faces": {
        "north": {
          "uv": [
            0,
            0,
            2,
            2
          ],
          "texture": "#1"
        },
        "east": {
          "uv": [
            0,
            0,
            2,
            2
          ],
          "texture": "#1"
        },
        "south": {
          "uv": [
            0,
            0,
            2,
            2
          ],
          "texture": "#1"
        },
        "west": {
          "uv": [
            1.25,
            1.25,
            3.25,
            3.25
          ],
          "texture": "#1"
        },
        "up": {
          "uv": [
            0,
            0,
            2,
            2
          ],
          "texture": "#1"
        },
        "down": {
          "uv": [
            0,
            0,
            2,
            2
          ],
          "texture": "#1"
        }
      }
    },
    {
      "from": [
        3.6,
        8.25,
        8.165
      ],
      "to": [
        21.2,
        25.63,
        24.665
      ],
      "rotation": {
        "angle": 0,
        "axis": "y",
        "origin": [
          -5.2,
          3.3,
          -5.2
        ]
      },
      "faces": {
        "north": {
          "uv": [
            0,
            0,
            2.25,
            2
          ],
          "texture": "#1"
        },
        "east": {
          "uv": [
            0.75,
            2,
            3,
            4
          ],
          "texture": "#1"
        },
        "south": {
          "uv": [
            1.25,
            1.25,
            3.5,
            3.25
          ],
          "texture": "#1"
        },
        "west": {
          "uv": [
            0,
            0,
            2.25,
            2
          ],
          "texture": "#1"
        },
        "up": {
          "uv": [
            1.5,
            6.25,
            3.75,
            8.25
          ],
          "texture": "#1"
        },
        "down": {
          "uv": [
            0,
            0,
            2.25,
            2
          ],
          "texture": "#1"
        }
      }
    },
    {
      "from": [
        -14,
        2.2,
        10.2
      ],
      "to": [
        27.8,
        32,
        10.2
      ],
      "rotation": {
        "angle": -45,
        "axis": "y",
        "origin": [
          6.9,
          18.7,
          10.2
        ]
      },
      "faces": {
        "north": {
          "uv": [
            7.75,
            0.75,
            12.25,
            4.75
          ],
          "texture": "#1"
        },
        "east": {
          "uv": [
            7.75,
            0.75,
            12.25,
            4.75
          ],
          "texture": "#1"
        },
        "south": {
          "uv": [
            7.75,
            0.75,
            12.25,
            4.75
          ],
          "texture": "#1"
        },
        "west": {
          "uv": [
            7.75,
            0.75,
            12.25,
            4.75
          ],
          "texture": "#1"
        },
        "up": {
          "uv": [
            7.75,
            0.75,
            12.25,
            4.75
          ],
          "texture": "#1"
        },
        "down": {
          "uv": [
            7.75,
            0.75,
            12.25,
            4.75
          ],
          "texture": "#1"
        }
      }
    },
    {
      "from": [
        6.9,
        2.2,
        -10.7
      ],
      "to": [
        6.9,
        32,
        31.1
      ],
      "rotation": {
        "angle": -22.5,
        "axis": "y",
        "origin": [
          6.9,
          18.7,
          10.2
        ]
      },
      "faces": {
        "north": {
          "uv": [
            7.75,
            0.75,
            12.25,
            4.75
          ],
          "texture": "#1"
        },
        "east": {
          "uv": [
            7.75,
            0.75,
            12.25,
            4.75
          ],
          "texture": "#1"
        },
        "south": {
          "uv": [
            7.75,
            0.75,
            12.25,
            4.75
          ],
          "texture": "#1"
        },
        "west": {
          "uv": [
            7.75,
            0.75,
            12.25,
            4.75
          ],
          "texture": "#1"
        },
        "up": {
          "uv": [
            7.75,
            0.75,
            12.25,
            4.75
          ],
          "rotation": 270,
          "texture": "#1"
        },
        "down": {
          "uv": [
            7.75,
            0.75,
            12.25,
            4.75
          ],
          "rotation": 90,
          "texture": "#1"
        }
      }
    },
    {
      "from": [
        -14,
        2.2,
        10.2
      ],
      "to": [
        27.8,
        32,
        10.2
      ],
      "rotation": {
        "angle": 0,
        "axis": "y",
        "origin": [
          6.9,
          18.7,
          10.2
        ]
      },
      "faces": {
        "north": {
          "uv": [
            7.75,
            0.75,
            12.25,
            4.75
          ],
          "texture": "#1"
        },
        "east": {
          "uv": [
            7.75,
            0.75,
            12.25,
            4.75
          ],
          "texture": "#1"
        },
        "south": {
          "uv": [
            7.75,
            0.75,
            12.25,
            4.75
          ],
          "texture": "#1"
        },
        "west": {
          "uv": [
            7.75,
            0.75,
            12.25,
            4.75
          ],
          "texture": "#1"
        },
        "up": {
          "uv": [
            7.75,
            0.75,
            12.25,
            4.75
          ],
          "texture": "#1"
        },
        "down": {
          "uv": [
            7.75,
            0.75,
            12.25,
            4.75
          ],
          "texture": "#1"
        }
      }
    },
    {
      "from": [
        -7.5012,
        11.755,
        4.19118
      ],
      "to": [
        -2.04,
        15.3958,
        6.01158
      ],
      "rotation": {
        "angle": 45,
        "axis": "y",
        "origin": [
          -10.4706,
          17.5754,
          0.09228
        ]
      },
      "faces": {
        "north": {
          "uv": [
            13.75,
            14.25,
            15.25,
            15.25
          ],
          "texture": "#1"
        },
        "east": {
          "uv": [
            13.75,
            14.25,
            15.25,
            15.25
          ],
          "texture": "#1"
        },
        "south": {
          "uv": [
            13.75,
            14.25,
            15.25,
            15.25
          ],
          "texture": "#1"
        },
        "west": {
          "uv": [
            14.75,
            14.25,
            15.25,
            15.25
          ],
          "texture": "#1"
        },
        "up": {
          "uv": [
            13.75,
            14.75,
            15.25,
            15.25
          ],
          "texture": "#1"
        },
        "down": {
          "uv": [
            13.75,
            14.75,
            15.25,
            15.25
          ],
          "texture": "#1"
        }
      }
    },
    {
      "from": [
        -6.591,
        10.8448,
        4.17297
      ],
      "to": [
        -2.9502,
        16.306,
        5.99337
      ],
      "rotation": {
        "angle": 45,
        "axis": "y",
        "origin": [
          -10.4706,
          17.5754,
          0.09228
        ]
      },
      "faces": {
        "north": {
          "uv": [
            14,
            13.75,
            15,
            15.5
          ],
          "texture": "#1"
        },
        "east": {
          "uv": [
            14,
            13.75,
            15,
            15.5
          ],
          "texture": "#1"
        },
        "south": {
          "uv": [
            14,
            13.75,
            15,
            15.5
          ],
          "texture": "#1"
        },
        "west": {
          "uv": [
            14.5,
            13.75,
            15,
            15.5
          ],
          "texture": "#1"
        },
        "up": {
          "uv": [
            14,
            13.75,
            15,
            14.25
          ],
          "texture": "#1"
        },
        "down": {
          "uv": [
            14,
            15,
            15,
            15.5
          ],
          "texture": "#1"
        }
      }
    },
    {
      "from": [
        14.91079,
        16.655,
        3.85808
      ],
      "to": [
        20.37199,
        20.2958,
        5.67848
      ],
      "rotation": {
        "angle": -45,
        "axis": "y",
        "origin": [
          15.64139,
          20.5754,
          4.75918
        ]
      },
      "faces": {
        "north": {
          "uv": [
            13.75,
            14.25,
            15.25,
            15.25
          ],
          "texture": "#1"
        },
        "east": {
          "uv": [
            13.75,
            14.25,
            15.25,
            15.25
          ],
          "texture": "#1"
        },
        "south": {
          "uv": [
            13.75,
            14.25,
            15.25,
            15.25
          ],
          "texture": "#1"
        },
        "west": {
          "uv": [
            14.75,
            14.25,
            15.25,
            15.25
          ],
          "texture": "#1"
        },
        "up": {
          "uv": [
            13.75,
            14.75,
            15.25,
            15.25
          ],
          "texture": "#1"
        },
        "down": {
          "uv": [
            13.75,
            14.75,
            15.25,
            15.25
          ],
          "texture": "#1"
        }
      }
    },
    {
      "from": [
        15.82099,
        15.7448,
        3.83988
      ],
      "to": [
        19.46179,
        21.206,
        5.66028
      ],
      "rotation": {
        "angle": -45,
        "axis": "y",
        "origin": [
          15.64139,
          20.5754,
          4.75918
        ]
      },
      "faces": {
        "north": {
          "uv": [
            14,
            13.75,
            15,
            15.5
          ],
          "texture": "#1"
        },
        "east": {
          "uv": [
            14,
            13.75,
            15,
            15.5
          ],
          "texture": "#1"
        },
        "south": {
          "uv": [
            14,
            13.75,
            15,
            15.5
          ],
          "texture": "#1"
        },
        "west": {
          "uv": [
            14.5,
            13.75,
            15,
            15.5
          ],
          "texture": "#1"
        },
        "up": {
          "uv": [
            14,
            13.75,
            15,
            14.25
          ],
          "texture": "#1"
        },
        "down": {
          "uv": [
            14,
            15,
            15,
            15.5
          ],
          "texture": "#1"
        }
      }
    },
    {
      "from": [
        16.91447,
        3.655,
        24.12097
      ],
      "to": [
        18.73487,
        7.2958,
        29.58217
      ],
      "rotation": {
        "angle": -45,
        "axis": "y",
        "origin": [
          24.83378,
          18.4754,
          13.95157
        ]
      },
      "faces": {
        "north": {
          "uv": [
            14.75,
            14.25,
            15.25,
            15.25
          ],
          "texture": "#1"
        },
        "east": {
          "uv": [
            13.75,
            14.25,
            15.25,
            15.25
          ],
          "texture": "#1"
        },
        "south": {
          "uv": [
            13.75,
            14.25,
            15.25,
            15.25
          ],
          "texture": "#1"
        },
        "west": {
          "uv": [
            13.75,
            14.25,
            15.25,
            15.25
          ],
          "texture": "#1"
        },
        "up": {
          "uv": [
            13.75,
            14.75,
            15.25,
            15.25
          ],
          "rotation": 90,
          "texture": "#1"
        },
        "down": {
          "uv": [
            13.75,
            14.75,
            15.25,
            15.25
          ],
          "rotation": 270,
          "texture": "#1"
        }
      }
    },
    {
      "from": [
        16.93268,
        2.7448,
        25.03117
      ],
      "to": [
        18.75308,
        8.206,
        28.67197
      ],
      "rotation": {
        "angle": -45,
        "axis": "y",
        "origin": [
          24.83378,
          18.4754,
          13.95157
        ]
      },
      "faces": {
        "north": {
          "uv": [
            14.5,
            13.75,
            15,
            15.5
          ],
          "texture": "#1"
        },
        "east": {
          "uv": [
            14,
            13.75,
            15,
            15.5
          ],
          "texture": "#1"
        },
        "south": {
          "uv": [
            14,
            13.75,
            15,
            15.5
          ],
          "texture": "#1"
        },
        "west": {
          "uv": [
            14,
            13.75,
            15,
            15.5
          ],
          "texture": "#1"
        },
        "up": {
          "uv": [
            14,
            13.75,
            15,
            14.25
          ],
          "rotation": 90,
          "texture": "#1"
        },
        "down": {
          "uv": [
            14,
            15,
            15,
            15.5
          ],
          "rotation": 270,
          "texture": "#1"
        }
      }
    },
    {
      "from": [
        0.47198,
        20.555,
        8.52183
      ],
      "to": [
        2.29238,
        24.1958,
        13.98303
      ],
      "rotation": {
        "angle": 45,
        "axis": "y",
        "origin": [
          3.69128,
          28.4754,
          11.05243
        ]
      },
      "faces": {
        "north": {
          "uv": [
            14.75,
            14.25,
            15.25,
            15.25
          ],
          "texture": "#1"
        },
        "east": {
          "uv": [
            13.75,
            14.25,
            15.25,
            15.25
          ],
          "texture": "#1"
        },
        "south": {
          "uv": [
            13.75,
            14.25,
            15.25,
            15.25
          ],
          "texture": "#1"
        },
        "west": {
          "uv": [
            13.75,
            14.25,
            15.25,
            15.25
          ],
          "texture": "#1"
        },
        "up": {
          "uv": [
            13.75,
            14.75,
            15.25,
            15.25
          ],
          "rotation": 90,
          "texture": "#1"
        },
        "down": {
          "uv": [
            13.75,
            14.75,
            15.25,
            15.25
          ],
          "rotation": 270,
          "texture": "#1"
        }
      }
    },
    {
      "from": [
        0.49019,
        19.6448,
        9.43203
      ],
      "to": [
        2.31059,
        25.106,
        13.07283
      ],
      "rotation": {
        "angle": 45,
        "axis": "y",
        "origin": [
          3.69128,
          28.4754,
          11.05243
        ]
      },
      "faces": {
        "north": {
          "uv": [
            14.5,
            13.75,
            15,
            15.5
          ],
          "texture": "#1"
        },
        "east": {
          "uv": [
            14,
            13.75,
            15,
            15.5
          ],
          "texture": "#1"
        },
        "south": {
          "uv": [
            14,
            13.75,
            15,
            15.5
          ],
          "texture": "#1"
        },
        "west": {
          "uv": [
            14,
            13.75,
            15,
            15.5
          ],
          "texture": "#1"
        },
        "up": {
          "uv": [
            14,
            13.75,
            15,
            14.25
          ],
          "rotation": 90,
          "texture": "#1"
        },
        "down": {
          "uv": [
            14,
            15,
            15,
            15.5
          ],
          "rotation": 270,
          "texture": "#1"
        }
      }
    },
    {
      "from": [
        10.98186,
        2.655,
        -3.28406
      ],
      "to": [
        16.44306,
        6.2958,
        -1.46366
      ],
      "rotation": {
        "angle": 0,
        "axis": "y",
        "origin": [
          22.71246,
          6.4754,
          -9.38296
        ]
      },
      "faces": {
        "north": {
          "uv": [
            13.75,
            14.25,
            15.25,
            15.25
          ],
          "texture": "#1"
        },
        "east": {
          "uv": [
            13.75,
            14.25,
            15.25,
            15.25
          ],
          "texture": "#1"
        },
        "south": {
          "uv": [
            13.75,
            14.25,
            15.25,
            15.25
          ],
          "texture": "#1"
        },
        "west": {
          "uv": [
            14.75,
            14.25,
            15.25,
            15.25
          ],
          "texture": "#1"
        },
        "up": {
          "uv": [
            13.75,
            14.75,
            15.25,
            15.25
          ],
          "texture": "#1"
        },
        "down": {
          "uv": [
            13.75,
            14.75,
            15.25,
            15.25
          ],
          "texture": "#1"
        }
      }
    },
    {
      "from": [
        11.89206,
        1.7448,
        -3.30226
      ],
      "to": [
        15.53286,
        7.206,
        -1.48186
      ],
      "rotation": {
        "angle": 0,
        "axis": "y",
        "origin": [
          22.71246,
          6.4754,
          -9.38296
        ]
      },
      "faces": {
        "north": {
          "uv": [
            14,
            13.75,
            15,
            15.5
          ],
          "texture": "#1"
        },
        "east": {
          "uv": [
            14,
            13.75,
            15,
            15.5
          ],
          "texture": "#1"
        },
        "south": {
          "uv": [
            14,
            13.75,
            15,
            15.5
          ],
          "texture": "#1"
        },
        "west": {
          "uv": [
            14.5,
            13.75,
            15,
            15.5
          ],
          "texture": "#1"
        },
        "up": {
          "uv": [
            14,
            13.75,
            15,
            14.25
          ],
          "texture": "#1"
        },
        "down": {
          "uv": [
            14,
            15,
            15,
            15.5
          ],
          "texture": "#1"
        }
      }
    },
    {
      "from": [
        8.98186,
        -14.045,
        2.71594
      ],
      "to": [
        14.44306,
        -10.4042,
        4.53634
      ],
      "rotation": {
        "angle": 22.5,
        "axis": "x",
        "origin": [
          11.71246,
          -12.5246,
          2.61704
        ]
      },
      "faces": {
        "north": {
          "uv": [
            13.75,
            14.25,
            15.25,
            15.25
          ],
          "texture": "#1"
        },
        "east": {
          "uv": [
            13.75,
            14.25,
            15.25,
            15.25
          ],
          "texture": "#1"
        },
        "south": {
          "uv": [
            13.75,
            14.25,
            15.25,
            15.25
          ],
          "texture": "#1"
        },
        "west": {
          "uv": [
            14.75,
            14.25,
            15.25,
            15.25
          ],
          "texture": "#1"
        },
        "up": {
          "uv": [
            13.75,
            14.75,
            15.25,
            15.25
          ],
          "texture": "#1"
        },
        "down": {
          "uv": [
            13.75,
            14.75,
            15.25,
            15.25
          ],
          "texture": "#1"
        }
      }
    },
    {
      "from": [
        9.89206,
        -14.9552,
        2.69774
      ],
      "to": [
        13.53286,
        -9.494,
        4.51814
      ],
      "rotation": {
        "angle": 22.5,
        "axis": "x",
        "origin": [
          11.71246,
          -12.5246,
          2.61704
        ]
      },
      "faces": {
        "north": {
          "uv": [
            14,
            13.75,
            15,
            15.5
          ],
          "texture": "#1"
        },
        "east": {
          "uv": [
            14,
            13.75,
            15,
            15.5
          ],
          "texture": "#1"
        },
        "south": {
          "uv": [
            14,
            13.75,
            15,
            15.5
          ],
          "texture": "#1"
        },
        "west": {
          "uv": [
            14.5,
            13.75,
            15,
            15.5
          ],
          "texture": "#1"
        },
        "up": {
          "uv": [
            14,
            13.75,
            15,
            14.25
          ],
          "texture": "#1"
        },
        "down": {
          "uv": [
            14,
            15,
            15,
            15.5
          ],
          "texture": "#1"
        }
      }
    },
    {
      "from": [
        -5.01814,
        -13.68074,
        13.60486
      ],
      "to": [
        0.44306,
        -11.86034,
        17.24566
      ],
      "rotation": {
        "angle": 45,
        "axis": "y",
        "origin": [
          -2.28754,
          -12.76144,
          15.42526
        ]
      },
      "faces": {
        "north": {
          "uv": [
            13.75,
            14.75,
            15.25,
            15.25
          ],
          "rotation": 180,
          "texture": "#1"
        },
        "east": {
          "uv": [
            13.75,
            14.25,
            15.25,
            15.25
          ],
          "rotation": 270,
          "texture": "#1"
        },
        "south": {
          "uv": [
            13.75,
            14.75,
            15.25,
            15.25
          ],
          "texture": "#1"
        },
        "west": {
          "uv": [
            14.75,
            14.25,
            15.25,
            15.25
          ],
          "rotation": 90,
          "texture": "#1"
        },
        "up": {
          "uv": [
            13.75,
            14.25,
            15.25,
            15.25
          ],
          "rotation": 180,
          "texture": "#1"
        },
        "down": {
          "uv": [
            13.75,
            14.25,
            15.25,
            15.25
          ],
          "texture": "#1"
        }
      }
    },
    {
      "from": [
        -4.10794,
        -13.66254,
        12.69466
      ],
      "to": [
        -0.46714,
        -11.84214,
        18.15586
      ],
      "rotation": {
        "angle": 45,
        "axis": "y",
        "origin": [
          -2.28754,
          -12.76144,
          15.42526
        ]
      },
      "faces": {
        "north": {
          "uv": [
            14,
            15,
            15,
            15.5
          ],
          "rotation": 180,
          "texture": "#1"
        },
        "east": {
          "uv": [
            14,
            13.75,
            15,
            15.5
          ],
          "rotation": 270,
          "texture": "#1"
        },
        "south": {
          "uv": [
            14,
            13.75,
            15,
            14.25
          ],
          "texture": "#1"
        },
        "west": {
          "uv": [
            14.5,
            13.75,
            15,
            15.5
          ],
          "rotation": 90,
          "texture": "#1"
        },
        "up": {
          "uv": [
            14,
            13.75,
            15,
            15.5
          ],
          "rotation": 180,
          "texture": "#1"
        },
        "down": {
          "uv": [
            14,
            13.75,
            15,
            15.5
          ],
          "texture": "#1"
        }
      }
    }
  ],
  "gui_light": "front",
  "display": {
    "gui": {
      "rotation": [
        27.58,
        -40.86,
        7.41
      ],
      "scale": [
        0.4,
        0.4,
        0.4
      ]
    },
    "fixed": {
      "rotation": [
        -90,
        0,
        0
      ],
      "translation": [
        0.75,
        0,
        -43.5
      ],
      "scale": [
        2,
        2,
        2
      ]
    },
    "display": {
      "scale": [
        0.5,
        0.5,
        0.5
      ]
    },
    "thirdperson_righthand": {
      "rotation": [
        0.0,
        -180.0,
        0.0
      ],
      "translation": [
        0.0,
        2.75,
        0.75
      ],
      "scale": [
        0.4,
        0.4,
        0.4
      ]
    },
    "thirdperson_lefthand": {
      "rotation": [
        0.0,
        0.0,
        0.0
      ],
      "translation": [
        0.0,
        2.75,
        0.75
      ],
      "scale": [
        0.4,
        0.4,
        0.4
      ]
    },
    "firstperson_righthand": {
      "rotation": [
        0.0,
        140.0,
        0.0
      ],
      "translation": [
        3.5,
        2.5,
        0.0
      ],
      "scale": [
        0.4,
        0.4,
        0.4
      ]
    },
    "firstperson_lefthand": {
      "rotation": [
        0.0,
        -44.0,
        0.0
      ],
      "translation": [
        -1.0,
        4.25,
        2.75
      ],
      "scale": [
        0.4,
        0.4,
        0.4
      ]
    },
    "ground": {
      "translation": [
        0.0,
        2.0,
        0.0
      ],
      "scale": [
        0.5,
        0.5,
        0.5
      ]
    }
  },
  "groups": [
    0,
    1,
    2,
    3,
    4,
    5,
    6,
    7,
    8,
    9,
    10,
    11,
    {
      "name": "coin",
      "origin": [
        0,
        0,
        0
      ],
      "color": 0,
      "children": [
        12,
        13
      ]
    },
    {
      "name": "coin",
      "origin": [
        0,
        0,
        0
      ],
      "color": 0,
      "children": [
        14,
        15
      ]
    },
    {
      "name": "coin",
      "origin": [
        0,
        0,
        0
      ],
      "color": 0,
      "children": [
        16,
        17
      ]
    },
    {
      "name": "coin",
      "origin": [
        0,
        0,
        0
      ],
      "color": 0,
      "children": [
        18,
        19
      ]
    },
    {
      "name": "coin",
      "origin": [
        0,
        0,
        0
      ],
      "color": 0,
      "children": [
        20,
        21
      ]
    },
    {
      "name": "coin",
      "origin": [
        0,
        0,
        0
      ],
      "color": 0,
      "children": [
        22,
        23
      ]
    },
    {
      "name": "coin",
      "origin": [
        0,
        0,
        0
      ],
      "color": 0,
      "children": [
        24,
        25
      ]
    }
  ]
}