{
  "textures": {
    "1": "infinitecrops:item/crops/tomato/stage_2",
    "2": "infinitecrops:item/crops/tomato/stick",
    "particle": "infinitecrops:item/crops/tomato/stick"
  },
  "elements": [
    {
      "from": [
        -0.47071,
        0,
        7.91213
      ],
      "to": [
        17.52929,
        16,
        7.91213
      ],
      "rotation": {
        "angle": 0,
        "axis": "y",
        "origin": [
          7.92929,
          8,
          8.21213
        ]
      },
      "faces": {
        "north": {
          "uv": [
            0,
            0,
            16,
            16
          ],
          "texture": "#1"
        },
        "east": {
          "uv": [
            0,
            0,
            0,
            16
          ],
          "texture": "#1"
        },
        "south": {
          "uv": [
            16,
            0,
            0,
            16
          ],
          "texture": "#1"
        },
        "west": {
          "uv": [
            0,
            0,
            0,
            16
          ],
          "texture": "#1"
        },
        "up": {
          "uv": [
            0,
            0,
            16,
            0
          ],
          "texture": "#1"
        },
        "down": {
          "uv": [
            0,
            0,
            16,
            0
          ],
          "texture": "#1"
        }
      }
    },
    {
      "from": [
        7.92929,
        0,
        -0.58787
      ],
      "to": [
        7.92929,
        16,
        17.41213
      ],
      "rotation": {
        "angle": 0,
        "axis": "y",
        "origin": [
          7.92929,
          8,
          8.21213
        ]
      },
      "faces": {
        "north": {
          "uv": [
            0,
            0,
            0,
            16
          ],
          "texture": "#1"
        },
        "east": {
          "uv": [
            0,
            0,
            16,
            16
          ],
          "texture": "#1"
        },
        "south": {
          "uv": [
            0,
            0,
            0,
            16
          ],
          "texture": "#1"
        },
        "west": {
          "uv": [
            16,
            0,
            0,
            16
          ],
          "texture": "#1"
        },
        "up": {
          "uv": [
            0,
            0,
            16,
            0
          ],
          "rotation": 270,
          "texture": "#1"
        },
        "down": {
          "uv": [
            0,
            0,
            16,
            0
          ],
          "rotation": 90,
          "texture": "#1"
        }
      }
    },
    {
      "from": [
        7.5,
        0,
        7.4
      ],
      "to": [
        8.5,
        15,
        8.4
      ],
      "faces": {
        "north": {
          "uv": [
            0,
            0,
            1,
            15
          ],
          "texture": "#2"
        },
        "east": {
          "uv": [
            0,
            0,
            1,
            15
          ],
          "texture": "#2"
        },
        "south": {
          "uv": [
            0,
            0,
            1,
            15
          ],
          "texture": "#2"
        },
        "west": {
          "uv": [
            0,
            0,
            1,
            15
          ],
          "texture": "#2"
        },
        "up": {
          "uv": [
            0,
            0,
            1,
            1
          ],
          "texture": "#2"
        },
        "down": {
          "uv": [
            0,
            0,
            1,
            1
          ],
          "texture": "#2"
        }
      }
    }
  ],
  "gui_light": "front",
  "display": {
    "gui": {
      "rotation": [
        22.51,
        -26.93,
        10.89
      ],
      "translation": [
        0,
        -1,
        0
      ]
    },
    "fixed": {
      "rotation": [
        -90,
        0,
        0
      ],
      "translation": [
        0,
        0,
        -15
      ],
      "scale": [
        2,
        2,
        2
      ]
    },
    "display": {
      "scale": [
        0.5,
        0.5,
        0.5
      ]
    },
    "thirdperson_righthand": {
      "rotation": [
        0.0,
        -180.0,
        0.0
      ],
      "translation": [
        0.0,
        2.75,
        0.75
      ],
      "scale": [
        0.4,
        0.4,
        0.4
      ]
    },
    "thirdperson_lefthand": {
      "rotation": [
        0.0,
        0.0,
        0.0
      ],
      "translation": [
        0.0,
        2.75,
        0.75
      ],
      "scale": [
        0.4,
        0.4,
        0.4
      ]
    },
    "firstperson_righthand": {
      "rotation": [
        0.0,
        140.0,
        0.0
      ],
      "translation": [
        3.5,
        2.5,
        0.0
      ],
      "scale": [
        0.4,
        0.4,
        0.4
      ]
    },
    "firstperson_lefthand": {
      "rotation": [
        0.0,
        -44.0,
        0.0
      ],
      "translation": [
        -1.0,
        4.25,
        2.75
      ],
      "scale": [
        0.4,
        0.4,
        0.4
      ]
    },
    "ground": {
      "translation": [
        0.0,
        2.0,
        0.0
      ],
      "scale": [
        0.5,
        0.5,
        0.5
      ]
    }
  }
}