{
  "credit": "Made with Blockbench",
  "parent": "minecraft:item/generated",
  "textures": {
    "layer0": "infinitecrops:item/basics/battery_ultra"
  },
  "display": {
    "thirdperson_righthand": {
      "scale": [
        0.3,
        0.3,
        0.5
      ]
    },
    "thirdperson_lefthand": {
      "scale": [
        0.3,
        0.3,
        0.5
      ]
    },
    "firstperson_righthand": {
      "translation": [
        4.0,
        1.25,
        0.0
      ],
      "scale": [
        0.3,
        0.3,
        0.5
      ]
    },
    "firstperson_lefthand": {
      "rotation": [
        0,
        141,
        0
      ],
      "translation": [
        4.0,
        1.25,
        0.0
      ],
      "scale": [
        0.3,
        0.3,
        0.5
      ]
    },
    "ground": {
      "translation": [
        0.0,
        1.0,
        0.0
      ],
      "scale": [
        0.3,
        0.3,
        0.5
      ]
    },
    "gui": {
      "translation": [
        0.25,
        -0.25,
        0
      ]
    },
    "fixed": {
      "scale": [
        1.0,
        1.0,
        1.0
      ]
    }
  }
}