{
	"textures": {
		"layer0": "infinitecrops:item/basics/dead_crop"
	},
	"texture_size": [64, 64],
	"elements": [
		{
			"from": [8, 0, -0.5],
			"to": [8, 16, 15.5],
			"rotation": {"angle": 0, "axis": "y", "origin": [8, 8, 8]},
			"faces": {
				"north": {"uv": [0, 0, 0, 16], "texture": "#layer0"},
				"east": {"uv": [0, 0, 16, 16], "texture": "#layer0"},
				"south": {"uv": [0, 0, 0, 16], "texture": "#layer0"},
				"west": {"uv": [16, 0, 0, 16], "texture": "#layer0"},
				"up": {"uv": [0, 0, 16, 0], "rotation": 90, "texture": "#layer0"},
				"down": {"uv": [0, 0, 16, 0], "rotation": 270, "texture": "#layer0"}
			}
		},
		{
			"from": [0.5, 0, 8],
			"to": [16.5, 16, 8],
			"rotation": {"angle": 0, "axis": "y", "origin": [8, 8, 8]},
			"faces": {
				"north": {"uv": [16, 0, 0, 16], "texture": "#layer0"},
				"east": {"uv": [0, 0, 0, 16], "texture": "#layer0"},
				"south": {"uv": [0, 0, 16, 16], "texture": "#layer0"},
				"west": {"uv": [0, 0, 0, 16], "texture": "#layer0"},
				"up": {"uv": [0, 0, 16, 0], "texture": "#layer0"},
				"down": {"uv": [0, 0, 16, 0], "texture": "#layer0"}
			}
		}
	],
	"gui_light": "front",
	"display": {
		"thirdperson_righthand": {
			"scale": [0.5, 0.5, 0.5]
		},
		"thirdperson_lefthand": {
			"scale": [0.5, 0.5, 0.5]
		},
		"ground": {
			"translation": [0, 7.25, 0]
		},
		"fixed": {
			"rotation": [-90, 0, 0],
			"translation": [0, 0, -14.75],
			"scale": [2, 2, 2]
		}
	}
}