{
	"credit": "Blockbench",
	"parent": "block/block",
	"ambientocclusion": false,
	"texture_size": [32, 16],
	"textures": {
		"0": "infinitecrops:item/basics/pot",
		"1": "block/farmland",
		"particle": "infinitecrops:item/basics/pot"
	},
	"elements": [
		{
			"from": [0, 0, 0],
			"to": [16, 16, 16],
			"faces": {
				"north": {"uv": [0, 1.2, 16, 16], "texture": "#0"},
				"east": {"uv": [0, 1.2, 16, 16], "texture": "#0"},
				"south": {"uv": [0, 1.2, 16, 16], "texture": "#0"},
				"west": {"uv": [0, 1.2, 16, 16], "texture": "#0"},
				"up": {"uv": [0, 1.2, 16, 16], "texture": "#0"},
				"down": {"uv": [0, 1.2, 16, 16], "texture": "#0"}
			}
		},
		{
			"from": [0, 16, 0],
			"to": [16, 16, 16],
			"faces": {
				"up": {"uv": [0, 0, 16, 16], "texture": "#1"}
			}
		},
		{
			"from": [14, 16, 0],
			"to": [16, 18, 2],
			"faces": {
				"north": {"uv": [0, 0, 1, 2], "texture": "#0", "cullface": "east"},
				"east": {"uv": [12, 9, 13, 11], "texture": "#0", "cullface": "east"},
				"south": {"uv": [12, 8, 13, 10], "texture": "#0", "cullface": "east"},
				"west": {"uv": [12, 9, 13, 11], "texture": "#0", "cullface": "east"},
				"up": {"uv": [8, 12, 9, 14], "texture": "#0", "cullface": "east"},
				"down": {"uv": [0, 0, 0, 0], "texture": "#0"}
			}
		},
		{
			"from": [14, 16, 14],
			"to": [16, 18, 16],
			"faces": {
				"north": {"uv": [10, 6, 11, 8], "texture": "#0", "cullface": "east"},
				"east": {"uv": [11, 8, 12, 10], "texture": "#0", "cullface": "east"},
				"south": {"uv": [12, 6, 13, 8], "texture": "#0", "cullface": "east"},
				"west": {"uv": [10, 5, 11, 7], "texture": "#0", "cullface": "east"},
				"up": {"uv": [10.5, 7, 11.5, 9], "texture": "#0", "cullface": "east"},
				"down": {"uv": [0, 0, 0, 0], "texture": "#0"}
			}
		},
		{
			"from": [0, 16, 14],
			"to": [2, 18, 16],
			"faces": {
				"north": {"uv": [11, 7, 12, 9], "texture": "#0", "cullface": "west"},
				"east": {"uv": [11, 9, 12, 11], "texture": "#0", "cullface": "west"},
				"south": {"uv": [14, 4, 15, 6], "texture": "#0", "cullface": "west"},
				"west": {"uv": [11.5, 5, 12.5, 7], "texture": "#0", "cullface": "west"},
				"up": {"uv": [14, 9, 15, 11], "texture": "#0", "cullface": "west"},
				"down": {"uv": [0, 0, 0, 0], "texture": "#0"}
			}
		},
		{
			"from": [0, 16, 0],
			"to": [2, 18, 2],
			"faces": {
				"north": {"uv": [13.5, 5, 14.5, 7], "texture": "#0", "cullface": "west"},
				"east": {"uv": [12.5, 12, 13.5, 14], "texture": "#0", "cullface": "west"},
				"south": {"uv": [10, 4, 11, 6], "texture": "#0", "cullface": "west"},
				"west": {"uv": [13, 7, 14, 9], "texture": "#0", "cullface": "west"},
				"up": {"uv": [13, 4, 14, 6], "texture": "#0", "cullface": "west"},
				"down": {"uv": [0, 0, 0, 0], "texture": "#0"}
			}
		},
		{
			"from": [14, 16, 0],
			"to": [16, 18, 2],
			"faces": {
				"north": {"uv": [3.5, 0, 4.5, 2], "texture": "#0", "cullface": "north"},
				"east": {"uv": [2, 0, 3, 2], "texture": "#0", "cullface": "north"},
				"south": {"uv": [8, 14, 9, 16], "texture": "#0", "cullface": "north"},
				"west": {"uv": [1, 7, 2, 9], "texture": "#0", "cullface": "north"},
				"up": {"uv": [7.5, 0, 8.5, 2], "texture": "#0", "cullface": "north"},
				"down": {"uv": [0, 0, 0, 0], "texture": "#0"}
			}
		},
		{
			"from": [14, 16, 14],
			"to": [16, 18, 16],
			"faces": {
				"north": {"uv": [9.5, 5, 10.5, 7], "texture": "#0", "cullface": "south"},
				"east": {"uv": [10.5, 1, 11.5, 3], "texture": "#0", "cullface": "south"},
				"south": {"uv": [4.5, 0, 5.5, 2], "texture": "#0", "cullface": "south"},
				"west": {"uv": [9.5, 6, 10.5, 8], "texture": "#0", "cullface": "south"},
				"up": {"uv": [9, 13, 10, 15], "texture": "#0", "cullface": "south"},
				"down": {"uv": [0, 0, 0, 0], "texture": "#0"}
			}
		},
		{
			"from": [0, 16, 14],
			"to": [2, 18, 16],
			"faces": {
				"north": {"uv": [0, 0, 1, 2], "texture": "#0", "cullface": "south"},
				"east": {"uv": [6, 0, 7, 2], "texture": "#0", "cullface": "south"},
				"south": {"uv": [4, 0, 5, 2], "texture": "#0", "cullface": "south"},
				"west": {"uv": [0, 0, 1, 2], "texture": "#0", "cullface": "south"},
				"up": {"uv": [6, 0, 7, 2], "texture": "#0", "cullface": "south"},
				"down": {"uv": [0, 0, 0, 0], "texture": "#0"}
			}
		},
		{
			"from": [14, 16, 2],
			"to": [16, 17, 14],
			"faces": {
				"east": {"uv": [8.5, 0, 14.5, 1], "texture": "#0", "cullface": "east"},
				"west": {"uv": [2, 0, 8, 1], "texture": "#0", "cullface": "east"},
				"up": {"uv": [0, 0, 6, 2], "rotation": 90, "texture": "#0", "cullface": "east"},
				"down": {"uv": [0, 0, 0, 0], "texture": "#0"}
			}
		},
		{
			"from": [2, 16, 0],
			"to": [14, 17, 2],
			"faces": {
				"north": {"uv": [0, 0, 6, 1], "texture": "#0", "cullface": "north"},
				"south": {"uv": [9.5, 0, 15.5, 1], "texture": "#0", "cullface": "north"},
				"up": {"uv": [9, 0, 15, 2], "texture": "#0", "cullface": "north"},
				"down": {"uv": [0, 0, 0, 0], "texture": "#0"}
			}
		},
		{
			"from": [0, 16, 2],
			"to": [2, 17, 14],
			"faces": {
				"east": {"uv": [0, 0, 6, 1], "texture": "#0", "cullface": "west"},
				"west": {"uv": [9, 0, 15, 1], "texture": "#0", "cullface": "west"},
				"up": {"uv": [8.5, 0, 15.5, 2], "rotation": 90, "texture": "#0", "cullface": "west"},
				"down": {"uv": [0, 0, 0, 0], "texture": "#0"}
			}
		},
		{
			"from": [2, 16, 14],
			"to": [14, 17, 16],
			"faces": {
				"north": {"uv": [8.5, 0, 14.5, 1], "texture": "#0", "cullface": "south"},
				"south": {"uv": [0.5, 0, 6.5, 1], "texture": "#0", "cullface": "south"},
				"up": {"uv": [9.5, 0, 15.5, 2], "texture": "#0", "cullface": "south"},
				"down": {"uv": [0, 0, 0, 0], "texture": "#0"}
			}
		},
		{
			"from": [0, 16, 0],
			"to": [2, 18, 2],
			"faces": {
				"north": {"uv": [2, 0, 3, 2], "texture": "#0", "cullface": "north"},
				"east": {"uv": [0, 14, 1, 16], "texture": "#0", "cullface": "north"},
				"south": {"uv": [0, 0, 1, 2], "texture": "#0", "cullface": "north"},
				"west": {"uv": [2, 0, 3, 2], "texture": "#0", "cullface": "north"},
				"up": {"uv": [7.5, 0, 8.5, 2], "texture": "#0", "cullface": "north"},
				"down": {"uv": [0, 0, 0, 0], "texture": "#0"}
			}
		}
	],
	"gui_light": "front",
	"display": {
		"thirdperson_righthand": {
			"rotation": [75, 45, 0],
			"translation": [0, 2.5, 0],
			"scale": [0.4, 0.4, 0.4]
		},
		"thirdperson_lefthand": {
			"rotation": [55, 40, 0],
			"translation": [0, 1.25, 0],
			"scale": [0.4, 0.4, 0.4]
		},
		"firstperson_righthand": {
			"rotation": [0, 45, 0],
			"scale": [0.4, 0.4, 0.4]
		},
		"firstperson_lefthand": {
			"rotation": [0, 225, 0],
			"scale": [0.4, 0.4, 0.4]
		},
		"ground": {
			"translation": [0, 3, 0],
			"scale": [0.5, 0.5, 0.5]
		},
		"gui": {
			"rotation": [30, 225, 0],
			"translation": [0, -0.75, 0],
			"scale": [0.7, 0.7, 0.7]
		},
		"fixed": {
			"rotation": [-90, 0, 0],
			"translation": [0.001, 0.001, -16],
			"scale": [2.002, 2.002, 2.002]
		}
	}
}