{
  "credit": "Blockbench",
  "textures": {
    "1": "infinitecrops:item/basics/solar_panel"
  },
  "elements": [
    {
      "from": [
        0,
        0.5,
        -3
      ],
      "to": [
        16,
        1.5,
        13
      ],
      "rotation": {
        "angle": -22.5,
        "axis": "x",
        "origin": [
          8,
          8,
          0.5
        ]
      },
      "faces": {
        "north": {
          "uv": [
            0,
            0,
            16,
            1
          ],
          "rotation": 180,
          "texture": "#1"
        },
        "east": {
          "uv": [
            0,
            0,
            1,
            16
          ],
          "rotation": 270,
          "texture": "#1"
        },
        "south": {
          "uv": [
            0,
            0,
            16,
            1
          ],
          "texture": "#1"
        },
        "west": {
          "uv": [
            0,
            0,
            1,
            16
          ],
          "rotation": 90,
          "texture": "#1"
        },
        "up": {
          "uv": [
            0,
            0,
            16,
            16
          ],
          "rotation": 180,
          "texture": "#1"
        },
        "down": {
          "uv": [
            0,
            0,
            16,
            16
          ],
          "texture": "#1"
        }
      }
    },
    {
      "from": [
        0,
        0,
        11
      ],
      "to": [
        1,
        5,
        12
      ],
      "faces": {
        "north": {
          "uv": [
            0,
            0,
            1,
            5
          ],
          "texture": "#1"
        },
        "east": {
          "uv": [
            0,
            0,
            1,
            5
          ],
          "texture": "#1"
        },
        "south": {
          "uv": [
            0,
            0,
            1,
            5
          ],
          "texture": "#1"
        },
        "west": {
          "uv": [
            0,
            0,
            1,
            5
          ],
          "texture": "#1"
        },
        "up": {
          "uv": [
            0,
            0,
            1,
            1
          ],
          "texture": "#1"
        },
        "down": {
          "uv": [
            0,
            0,
            1,
            1
          ],
          "texture": "#1"
        }
      }
    },
    {
      "from": [
        15,
        0,
        11
      ],
      "to": [
        16,
        5,
        12
      ],
      "faces": {
        "north": {
          "uv": [
            0,
            0,
            1,
            5
          ],
          "texture": "#1"
        },
        "east": {
          "uv": [
            0,
            0,
            1,
            5
          ],
          "texture": "#1"
        },
        "south": {
          "uv": [
            0,
            0,
            1,
            5
          ],
          "texture": "#1"
        },
        "west": {
          "uv": [
            0,
            0,
            1,
            5
          ],
          "texture": "#1"
        },
        "up": {
          "uv": [
            0,
            0,
            1,
            1
          ],
          "texture": "#1"
        },
        "down": {
          "uv": [
            0,
            0,
            1,
            1
          ],
          "texture": "#1"
        }
      }
    }
  ],
  "gui_light": "front",
  "display": {
    "thirdperson_righthand": {
      "translation": [
        0.0,
        3.0,
        0.0
      ],
      "rotation": [
        75.0,
        0.0,
        0.0
      ],
      "scale": [
        0.5,
        0.5,
        0.5
      ]
    },
    "thirdperson_lefthand": {
      "translation": [
        0.0,
        3.0,
        0.0
      ],
      "rotation": [
        75.0,
        0.0,
        0.0
      ],
      "scale": [
        0.5,
        0.5,
        0.5
      ]
    },
    "firstperson_righthand": {
      "rotation": [
        12,
        121,
        0
      ],
      "translation": [
        1.0,
        3.75,
        2.75
      ],
      "scale": [
        0.5,
        0.5,
        0.5
      ]
    },
    "firstperson_lefthand": {
      "rotation": [
        0,
        109,
        55
      ],
      "translation": [
        1.5,
        3.75,
        4.0
      ],
      "scale": [
        0.5,
        0.5,
        0.5
      ]
    },
    "ground": {
      "translation": [
        0.0,
        2.0,
        0.0
      ],
      "scale": [
        0.5,
        0.5,
        0.5
      ]
    },
    "gui": {
      "rotation": [
        -123.95,
        27.4,
        157.7
      ],
      "translation": [
        -1.5,
        3,
        0
      ],
      "scale": [
        0.8,
        0.8,
        0.8
      ]
    },
    "head": {
      "translation": [
        0,
        14.25,
        0
      ]
    },
    "fixed": {
      "rotation": [
        -90,
        0,
        0
      ],
      "translation": [
        0,
        1.5,
        -14.75
      ],
      "scale": [
        2,
        2,
        2
      ]
    }
  }
}