{
  "credit": "TopOrigin",
  "textures": {
    "0": "infinitecrops:item/wateringcans/watering_can_1",
    "particle": "infinitecrops:item/wateringcans/watering_can_1"
  },
  "elements": [
    {
      "from": [
        4,
        0,
        4
      ],
      "to": [
        11.2,
        8,
        10
      ],
      "faces": {
        "north": {
          "uv": [
            0,
            0,
            5,
            5
          ],
          "texture": "#0"
        },
        "east": {
          "uv": [
            6.5,
            0,
            10.5,
            5
          ],
          "texture": "#0"
        },
        "south": {
          "uv": [
            0,
            0,
            5,
            5
          ],
          "texture": "#0"
        },
        "west": {
          "uv": [
            6.5,
            0,
            10.5,
            5
          ],
          "texture": "#0"
        },
        "up": {
          "uv": [
            0,
            6.5,
            5,
            10.5
          ],
          "texture": "#0"
        },
        "down": {
          "uv": [
            0,
            0,
            5,
            5
          ],
          "texture": "#0"
        }
      }
    },
    {
      "from": [
        15.5448,
        8.5696,
        5.0672
      ],
      "to": [
        16.4392,
        11.8144,
        8.3484
      ],
      "rotation": {
        "angle": 45,
        "axis": "z",
        "origin": [
          17.1,
          9.1,
          6.05
        ]
      },
      "faces": {
        "north": {
          "uv": [
            12.05,
            0.05,
            12.45,
            2.438
          ],
          "texture": "#0"
        },
        "east": {
          "uv": [
            12.05,
            0.05,
            14.45,
            2.438
          ],
          "texture": "#0"
        },
        "south": {
          "uv": [
            12.05,
            0.05,
            12.45,
            2.438
          ],
          "texture": "#0"
        },
        "west": {
          "uv": [
            12.05,
            0.05,
            14.45,
            2.438
          ],
          "texture": "#0"
        },
        "up": {
          "uv": [
            14.05,
            0.05,
            14.45,
            2.438
          ],
          "texture": "#0"
        },
        "down": {
          "uv": [
            14.05,
            0.05,
            14.45,
            2.438
          ],
          "texture": "#0"
        }
      }
    },
    {
      "from": [
        9.18533,
        4.65678,
        5.7068
      ],
      "to": [
        16.22613,
        6.58598,
        7.6932
      ],
      "rotation": {
        "angle": 45,
        "axis": "z",
        "origin": [
          11.91573,
          6.33638,
          6.7
        ]
      },
      "faces": {
        "north": {
          "uv": [
            0.5,
            5,
            1.5,
            0
          ],
          "rotation": 270,
          "texture": "#0"
        },
        "east": {
          "uv": [
            0.5,
            0,
            1.5,
            1
          ],
          "rotation": 270,
          "texture": "#0"
        },
        "south": {
          "uv": [
            0.5,
            0,
            1.5,
            5
          ],
          "rotation": 270,
          "texture": "#0"
        },
        "west": {
          "uv": [
            0.5,
            0,
            1.5,
            4
          ],
          "rotation": 270,
          "texture": "#0"
        },
        "up": {
          "uv": [
            0.5,
            0,
            1.5,
            5
          ],
          "rotation": 270,
          "texture": "#0"
        },
        "down": {
          "uv": [
            0.5,
            0,
            1.5,
            5
          ],
          "rotation": 270,
          "texture": "#0"
        }
      }
    },
    {
      "from": [
        7.3,
        8,
        4
      ],
      "to": [
        8.1,
        12,
        4.8
      ],
      "faces": {
        "north": {
          "uv": [
            0,
            4,
            0.5,
            0
          ],
          "texture": "#0"
        },
        "east": {
          "uv": [
            0,
            4,
            0.5,
            0
          ],
          "texture": "#0"
        },
        "south": {
          "uv": [
            0,
            4,
            0.5,
            0
          ],
          "texture": "#0"
        },
        "west": {
          "uv": [
            0,
            4,
            0.5,
            0
          ],
          "texture": "#0"
        },
        "up": {
          "uv": [
            0,
            3.5,
            0.5,
            4
          ],
          "texture": "#0"
        },
        "down": {
          "uv": [
            0,
            0,
            0.5,
            1
          ],
          "texture": "#0"
        }
      }
    },
    {
      "from": [
        7.3,
        8,
        9.2
      ],
      "to": [
        8.1,
        12,
        10
      ],
      "faces": {
        "north": {
          "uv": [
            0,
            4,
            0.5,
            0
          ],
          "texture": "#0"
        },
        "east": {
          "uv": [
            0,
            4,
            0.5,
            0
          ],
          "texture": "#0"
        },
        "south": {
          "uv": [
            0,
            4,
            0.5,
            0
          ],
          "texture": "#0"
        },
        "west": {
          "uv": [
            0,
            4,
            0.5,
            0
          ],
          "texture": "#0"
        },
        "up": {
          "uv": [
            0,
            3.5,
            0.5,
            4
          ],
          "texture": "#0"
        },
        "down": {
          "uv": [
            0,
            0,
            0.5,
            1
          ],
          "texture": "#0"
        }
      }
    },
    {
      "from": [
        7.3,
        11,
        4
      ],
      "to": [
        8.1,
        12,
        10
      ],
      "faces": {
        "north": {
          "uv": [
            0.5,
            3.5,
            0,
            4.5
          ],
          "texture": "#0"
        },
        "east": {
          "uv": [
            5,
            3.5,
            0,
            4.5
          ],
          "texture": "#0"
        },
        "south": {
          "uv": [
            0.5,
            3.5,
            0,
            4.5
          ],
          "texture": "#0"
        },
        "west": {
          "uv": [
            5,
            3.5,
            0,
            4.5
          ],
          "texture": "#0"
        },
        "up": {
          "uv": [
            0,
            4,
            5,
            3.5
          ],
          "rotation": 90,
          "texture": "#0"
        },
        "down": {
          "uv": [
            5,
            4,
            0,
            4.5
          ],
          "rotation": 90,
          "texture": "#0"
        }
      }
    },
    {
      "from": [
        0.5,
        7.2,
        6.6
      ],
      "to": [
        4,
        8,
        7.4
      ],
      "rotation": {
        "angle": 0,
        "axis": "z",
        "origin": [
          2.7,
          10,
          4.4
        ]
      },
      "faces": {
        "north": {
          "uv": [
            0,
            4,
            0.5,
            0.5
          ],
          "rotation": 90,
          "texture": "#0"
        },
        "east": {
          "uv": [
            0,
            0,
            0.5,
            1
          ],
          "rotation": 270,
          "texture": "#0"
        },
        "south": {
          "uv": [
            0,
            4,
            0.5,
            0.5
          ],
          "rotation": 270,
          "texture": "#0"
        },
        "west": {
          "uv": [
            0,
            3.5,
            0.5,
            4
          ],
          "rotation": 270,
          "texture": "#0"
        },
        "up": {
          "uv": [
            0,
            4,
            0.5,
            0.5
          ],
          "rotation": 270,
          "texture": "#0"
        },
        "down": {
          "uv": [
            0,
            4,
            0.5,
            0.5
          ],
          "rotation": 270,
          "texture": "#0"
        }
      }
    },
    {
      "from": [
        0.5,
        5,
        6.6
      ],
      "to": [
        1.5,
        8,
        7.4
      ],
      "rotation": {
        "angle": 0,
        "axis": "y",
        "origin": [
          1.8,
          11,
          7
        ]
      },
      "faces": {
        "north": {
          "uv": [
            5,
            3.5,
            1.5,
            4.5
          ],
          "rotation": 90,
          "texture": "#0"
        },
        "east": {
          "uv": [
            5,
            4,
            1.5,
            4.5
          ],
          "rotation": 270,
          "texture": "#0"
        },
        "south": {
          "uv": [
            1.5,
            3.5,
            5,
            4.5
          ],
          "rotation": 270,
          "texture": "#0"
        },
        "west": {
          "uv": [
            5,
            4,
            1.5,
            3.5
          ],
          "rotation": 90,
          "texture": "#0"
        },
        "up": {
          "uv": [
            1.05,
            4.5,
            1.45,
            3.5
          ],
          "rotation": 270,
          "texture": "#0"
        },
        "down": {
          "uv": [
            1.45,
            4.5,
            1.05,
            3.5
          ],
          "rotation": 270,
          "texture": "#0"
        }
      }
    },
    {
      "from": [
        1,
        4.2,
        6.6
      ],
      "to": [
        2.8,
        5,
        7.4
      ],
      "rotation": {
        "angle": 0,
        "axis": "y",
        "origin": [
          2.7,
          10,
          4.4
        ]
      },
      "faces": {
        "north": {
          "uv": [
            0,
            2.5,
            0.5,
            1
          ],
          "rotation": 90,
          "texture": "#0"
        },
        "east": {
          "uv": [
            0,
            1.5,
            0.5,
            1
          ],
          "rotation": 90,
          "texture": "#0"
        },
        "south": {
          "uv": [
            0,
            1,
            0.5,
            2.5
          ],
          "rotation": 90,
          "texture": "#0"
        },
        "west": {
          "uv": [
            0,
            2.5,
            0.5,
            2.1
          ],
          "rotation": 90,
          "texture": "#0"
        },
        "up": {
          "uv": [
            0.5,
            1,
            0,
            2.5
          ],
          "rotation": 90,
          "texture": "#0"
        },
        "down": {
          "uv": [
            0,
            1,
            0.5,
            2.5
          ],
          "rotation": 90,
          "texture": "#0"
        }
      }
    },
    {
      "from": [
        2.8,
        3.4,
        6.6
      ],
      "to": [
        4,
        4.2,
        7.4
      ],
      "rotation": {
        "angle": 0,
        "axis": "y",
        "origin": [
          2.7,
          10,
          4.4
        ]
      },
      "faces": {
        "north": {
          "uv": [
            0,
            1.5,
            0.5,
            0.5
          ],
          "rotation": 90,
          "texture": "#0"
        },
        "east": {
          "uv": [
            0,
            0.5,
            0.5,
            0
          ],
          "rotation": 90,
          "texture": "#0"
        },
        "south": {
          "uv": [
            0,
            0.5,
            0.5,
            1.5
          ],
          "rotation": 90,
          "texture": "#0"
        },
        "west": {
          "uv": [
            0,
            1.5,
            0.5,
            1.1
          ],
          "rotation": 90,
          "texture": "#0"
        },
        "up": {
          "uv": [
            0.5,
            0.5,
            0,
            1.5
          ],
          "rotation": 90,
          "texture": "#0"
        },
        "down": {
          "uv": [
            0,
            0.5,
            0.5,
            1.5
          ],
          "rotation": 90,
          "texture": "#0"
        }
      }
    }
  ],
  "display": {
    "thirdperson_righthand": {
      "rotation": [
        0.0,
        90.0,
        65.0
      ],
      "translation": [
        0.75,
        5.25,
        0.5
      ],
      "scale": [
        0.8,
        0.8,
        0.8
      ]
    },
    "thirdperson_lefthand": {
      "rotation": [
        81.0,
        -87.0,
        13.0
      ],
      "translation": [
        -0.75,
        -2.75,
        -2.25
      ],
      "scale": [
        0.8,
        0.8,
        0.8
      ]
    },
    "firstperson_righthand": {
      "rotation": [
        -176.0,
        80.0,
        -177.0
      ],
      "translation": [
        -1.0,
        5.5,
        4.5
      ],
      "scale": [
        0.45,
        0.6,
        0.4
      ]
    },
    "firstperson_lefthand": {
      "rotation": [
        180.0,
        -114.0,
        -180.0
      ],
      "translation": [
        -1.0,
        4.75,
        4.5
      ],
      "scale": [
        0.45,
        0.6,
        0.4
      ]
    },
    "ground": {
      "translation": [
        0.0,
        3.0,
        0.0
      ],
      "rotation": [
        0.0,
        0.0,
        0.0
      ],
      "scale": [
        0.45,
        0.6,
        0.4
      ]
    },
    "gui": {
      "rotation": [
        -158.25,
        -39.5,
        180
      ],
      "translation": [
        -1.5,
        2.25,
        0
      ]
    },
    "fixed": {
      "translation": [
        0,
        5.5,
        -3.25
      ],
      "scale": [
        2,
        2,
        2
      ]
    }
  }
}