{
  "credit": "Blockbench",
  "textures": {
    "1": "infinitecrops:item/crops/apple_tree/stage_1",
    "2": "infinitecrops:item/crops/apple_tree/apple_green",
    "particle": "infinitecrops:item/crops/apple_tree/apple_green"
  },
  "elements": [
    {
      "from": [
        6.3425,
        -14,
        6.674
      ],
      "to": [
        9.6575,
        5.89,
        9.989
      ],
      "rotation": {
        "angle": 0,
        "axis": "y",
        "origin": [
          -18.52,
          -14,
          -18.52
        ]
      },
      "faces": {
        "north": {
          "uv": [
            16,
            3.275,
            15.5,
            5.725
          ],
          "texture": "#1"
        },
        "east": {
          "uv": [
            15.5,
            3.275,
            16,
            5.725
          ],
          "texture": "#1"
        },
        "south": {
          "uv": [
            16,
            3.275,
            15.5,
            5.725
          ],
          "texture": "#1"
        },
        "west": {
          "uv": [
            15.5,
            3.275,
            16,
            5.725
          ],
          "texture": "#1"
        },
        "up": {
          "uv": [
            15.5,
            3.275,
            16,
            5.725
          ],
          "texture": "#1"
        },
        "down": {
          "uv": [
            15.5,
            3.275,
            16,
            5.725
          ],
          "texture": "#1"
        }
      }
    },
    {
      "from": [
        7.337,
        -14,
        8
      ],
      "to": [
        10.652,
        -12.011,
        14.63
      ],
      "rotation": {
        "angle": 22.5,
        "axis": "x",
        "origin": [
          9.6575,
          -13.0055,
          11.315
        ]
      },
      "faces": {
        "north": {
          "uv": [
            15.5,
            5.475,
            16,
            6.225
          ],
          "texture": "#1"
        },
        "east": {
          "uv": [
            15.75,
            5.475,
            15.5,
            6.225
          ],
          "texture": "#1"
        },
        "south": {
          "uv": [
            16,
            5.475,
            15.5,
            6.225
          ],
          "texture": "#1"
        },
        "west": {
          "uv": [
            16,
            5.475,
            15.75,
            6.225
          ],
          "texture": "#1"
        },
        "up": {
          "uv": [
            16,
            5.475,
            15.5,
            6.225
          ],
          "texture": "#1"
        },
        "down": {
          "uv": [
            16,
            5.475,
            15.5,
            6.225
          ],
          "texture": "#1"
        }
      }
    },
    {
      "from": [
        1.37,
        -14.663,
        8.3315
      ],
      "to": [
        8,
        -12.674,
        11.6465
      ],
      "rotation": {
        "angle": 22.5,
        "axis": "z",
        "origin": [
          2.3645,
          -13.0055,
          11.315
        ]
      },
      "faces": {
        "north": {
          "uv": [
            16,
            5.475,
            15.75,
            6.225
          ],
          "rotation": 90,
          "texture": "#1"
        },
        "east": {
          "uv": [
            15.5,
            5.475,
            16,
            6.225
          ],
          "texture": "#1"
        },
        "south": {
          "uv": [
            15.75,
            5.475,
            15.5,
            6.225
          ],
          "rotation": 90,
          "texture": "#1"
        },
        "west": {
          "uv": [
            16,
            5.475,
            15.5,
            6.225
          ],
          "texture": "#1"
        },
        "up": {
          "uv": [
            16,
            5.475,
            15.5,
            6.225
          ],
          "rotation": 90,
          "texture": "#1"
        },
        "down": {
          "uv": [
            15.5,
            5.475,
            16,
            6.225
          ],
          "rotation": 90,
          "texture": "#1"
        }
      }
    },
    {
      "from": [
        4.685,
        -14,
        1.37
      ],
      "to": [
        8,
        -12.011,
        8
      ],
      "rotation": {
        "angle": -22.5,
        "axis": "x",
        "origin": [
          9.6575,
          -13.0055,
          4.685
        ]
      },
      "faces": {
        "north": {
          "uv": [
            15.5,
            5.475,
            16,
            6.225
          ],
          "texture": "#1"
        },
        "east": {
          "uv": [
            15.5,
            5.475,
            15.75,
            6.225
          ],
          "texture": "#1"
        },
        "south": {
          "uv": [
            16,
            5.475,
            15.5,
            6.225
          ],
          "texture": "#1"
        },
        "west": {
          "uv": [
            15.75,
            5.475,
            16,
            6.225
          ],
          "texture": "#1"
        },
        "up": {
          "uv": [
            16,
            6.225,
            15.5,
            5.475
          ],
          "texture": "#1"
        },
        "down": {
          "uv": [
            16,
            6.225,
            15.5,
            5.475
          ],
          "texture": "#1"
        }
      }
    },
    {
      "from": [
        8.97757,
        -14.55972,
        5.0165
      ],
      "to": [
        15.60757,
        -12.57072,
        8.3315
      ],
      "rotation": {
        "angle": -22.5,
        "axis": "z",
        "origin": [
          13.95007,
          -8.92422,
          6.011
        ]
      },
      "faces": {
        "north": {
          "uv": [
            15.75,
            6.225,
            15.5,
            5.475
          ],
          "rotation": 90,
          "texture": "#1"
        },
        "east": {
          "uv": [
            16,
            5.475,
            15.5,
            6.225
          ],
          "texture": "#1"
        },
        "south": {
          "uv": [
            16,
            6.225,
            15.75,
            5.475
          ],
          "rotation": 90,
          "texture": "#1"
        },
        "west": {
          "uv": [
            15.5,
            5.475,
            16,
            6.225
          ],
          "texture": "#1"
        },
        "up": {
          "uv": [
            15.5,
            5.475,
            16,
            6.225
          ],
          "rotation": 90,
          "texture": "#1"
        },
        "down": {
          "uv": [
            16,
            5.475,
            15.5,
            6.225
          ],
          "rotation": 90,
          "texture": "#1"
        }
      }
    },
    {
      "from": [
        -0.8,
        12.43,
        -7.015
      ],
      "to": [
        15.7,
        27.5,
        8.385
      ],
      "rotation": {
        "angle": 0,
        "axis": "y",
        "origin": [
          -5.2,
          3.3,
          -5.2
        ]
      },
      "faces": {
        "north": {
          "uv": [
            0,
            0,
            2,
            2
          ],
          "texture": "#1"
        },
        "east": {
          "uv": [
            1.25,
            0.5,
            3.25,
            2.5
          ],
          "texture": "#1"
        },
        "south": {
          "uv": [
            0,
            0,
            2,
            2
          ],
          "texture": "#1"
        },
        "west": {
          "uv": [
            0,
            0,
            2,
            2
          ],
          "texture": "#1"
        },
        "up": {
          "uv": [
            0,
            0,
            2,
            2
          ],
          "texture": "#1"
        },
        "down": {
          "uv": [
            0,
            0,
            2,
            2
          ],
          "texture": "#1"
        }
      }
    },
    {
      "from": [
        -8.5,
        4.51,
        2.445
      ],
      "to": [
        8,
        19.58,
        17.845
      ],
      "rotation": {
        "angle": 0,
        "axis": "y",
        "origin": [
          -5.2,
          3.3,
          -5.2
        ]
      },
      "faces": {
        "north": {
          "uv": [
            0,
            0,
            2,
            2
          ],
          "texture": "#1"
        },
        "east": {
          "uv": [
            0,
            0,
            2,
            2
          ],
          "texture": "#1"
        },
        "south": {
          "uv": [
            0,
            0,
            2,
            2
          ],
          "texture": "#1"
        },
        "west": {
          "uv": [
            1.25,
            1.25,
            3.25,
            3.25
          ],
          "texture": "#1"
        },
        "up": {
          "uv": [
            0,
            0,
            2,
            2
          ],
          "texture": "#1"
        },
        "down": {
          "uv": [
            0,
            0,
            2,
            2
          ],
          "texture": "#1"
        }
      }
    },
    {
      "from": [
        5.5,
        0.71,
        -1.855
      ],
      "to": [
        22,
        15.78,
        13.545
      ],
      "rotation": {
        "angle": 0,
        "axis": "y",
        "origin": [
          -5.2,
          3.3,
          -5.2
        ]
      },
      "faces": {
        "north": {
          "uv": [
            0,
            0,
            2,
            2
          ],
          "texture": "#1"
        },
        "east": {
          "uv": [
            0,
            0,
            2,
            2
          ],
          "texture": "#1"
        },
        "south": {
          "uv": [
            0,
            0,
            2,
            2
          ],
          "texture": "#1"
        },
        "west": {
          "uv": [
            1.25,
            1.25,
            3.25,
            3.25
          ],
          "texture": "#1"
        },
        "up": {
          "uv": [
            0,
            0,
            2,
            2
          ],
          "texture": "#1"
        },
        "down": {
          "uv": [
            0,
            0,
            2,
            2
          ],
          "texture": "#1"
        }
      }
    },
    {
      "from": [
        3.6,
        8.25,
        8.165
      ],
      "to": [
        21.2,
        25.63,
        24.665
      ],
      "rotation": {
        "angle": 0,
        "axis": "y",
        "origin": [
          -5.2,
          3.3,
          -5.2
        ]
      },
      "faces": {
        "north": {
          "uv": [
            0,
            0,
            2.25,
            2
          ],
          "texture": "#1"
        },
        "east": {
          "uv": [
            0.75,
            2,
            3,
            4
          ],
          "texture": "#1"
        },
        "south": {
          "uv": [
            1.25,
            1.25,
            3.5,
            3.25
          ],
          "texture": "#1"
        },
        "west": {
          "uv": [
            0,
            0,
            2.25,
            2
          ],
          "texture": "#1"
        },
        "up": {
          "uv": [
            1.5,
            6.25,
            3.75,
            8.25
          ],
          "texture": "#1"
        },
        "down": {
          "uv": [
            0,
            0,
            2.25,
            2
          ],
          "texture": "#1"
        }
      }
    },
    {
      "from": [
        -14,
        2.2,
        10.2
      ],
      "to": [
        27.8,
        32,
        10.2
      ],
      "rotation": {
        "angle": -45,
        "axis": "y",
        "origin": [
          6.9,
          18.7,
          10.2
        ]
      },
      "faces": {
        "north": {
          "uv": [
            7.75,
            0.75,
            12.25,
            4.75
          ],
          "texture": "#1"
        },
        "east": {
          "uv": [
            7.75,
            0.75,
            12.25,
            4.75
          ],
          "texture": "#1"
        },
        "south": {
          "uv": [
            7.75,
            0.75,
            12.25,
            4.75
          ],
          "texture": "#1"
        },
        "west": {
          "uv": [
            7.75,
            0.75,
            12.25,
            4.75
          ],
          "texture": "#1"
        },
        "up": {
          "uv": [
            7.75,
            0.75,
            12.25,
            4.75
          ],
          "texture": "#1"
        },
        "down": {
          "uv": [
            7.75,
            0.75,
            12.25,
            4.75
          ],
          "texture": "#1"
        }
      }
    },
    {
      "from": [
        6.9,
        2.2,
        -10.7
      ],
      "to": [
        6.9,
        32,
        31.1
      ],
      "rotation": {
        "angle": -22.5,
        "axis": "y",
        "origin": [
          6.9,
          18.7,
          10.2
        ]
      },
      "faces": {
        "north": {
          "uv": [
            7.75,
            0.75,
            12.25,
            4.75
          ],
          "texture": "#1"
        },
        "east": {
          "uv": [
            7.75,
            0.75,
            12.25,
            4.75
          ],
          "texture": "#1"
        },
        "south": {
          "uv": [
            7.75,
            0.75,
            12.25,
            4.75
          ],
          "texture": "#1"
        },
        "west": {
          "uv": [
            7.75,
            0.75,
            12.25,
            4.75
          ],
          "texture": "#1"
        },
        "up": {
          "uv": [
            7.75,
            0.75,
            12.25,
            4.75
          ],
          "rotation": 270,
          "texture": "#1"
        },
        "down": {
          "uv": [
            7.75,
            0.75,
            12.25,
            4.75
          ],
          "rotation": 90,
          "texture": "#1"
        }
      }
    },
    {
      "from": [
        -14,
        2.2,
        10.2
      ],
      "to": [
        27.8,
        32,
        10.2
      ],
      "rotation": {
        "angle": 0,
        "axis": "y",
        "origin": [
          6.9,
          18.7,
          10.2
        ]
      },
      "faces": {
        "north": {
          "uv": [
            7.75,
            0.75,
            12.25,
            4.75
          ],
          "texture": "#1"
        },
        "east": {
          "uv": [
            7.75,
            0.75,
            12.25,
            4.75
          ],
          "texture": "#1"
        },
        "south": {
          "uv": [
            7.75,
            0.75,
            12.25,
            4.75
          ],
          "texture": "#1"
        },
        "west": {
          "uv": [
            7.75,
            0.75,
            12.25,
            4.75
          ],
          "texture": "#1"
        },
        "up": {
          "uv": [
            7.75,
            0.75,
            12.25,
            4.75
          ],
          "texture": "#1"
        },
        "down": {
          "uv": [
            7.75,
            0.75,
            12.25,
            4.75
          ],
          "texture": "#1"
        }
      }
    },
    {
      "from": [
        -4,
        1,
        1
      ],
      "to": [
        1,
        4,
        6
      ],
      "rotation": {
        "angle": 0,
        "axis": "y",
        "origin": [
          -1.575,
          -2.175,
          -11.5
        ]
      },
      "faces": {
        "north": {
          "uv": [
            0,
            0,
            16,
            12
          ],
          "texture": "#2"
        },
        "east": {
          "uv": [
            0,
            0,
            16,
            12
          ],
          "texture": "#2"
        },
        "south": {
          "uv": [
            0,
            0,
            16,
            12
          ],
          "texture": "#2"
        },
        "west": {
          "uv": [
            0,
            0,
            16,
            12
          ],
          "texture": "#2"
        },
        "up": {
          "uv": [
            0,
            8,
            16,
            16
          ],
          "rotation": 90,
          "texture": "#2"
        },
        "down": {
          "uv": [
            0,
            0,
            16,
            12
          ],
          "texture": "#2"
        }
      }
    },
    {
      "from": [
        -3.5,
        -1,
        1.5
      ],
      "to": [
        0.5,
        1,
        5.5
      ],
      "rotation": {
        "angle": 0,
        "axis": "y",
        "origin": [
          -1.575,
          -2.175,
          -11.5
        ]
      },
      "faces": {
        "north": {
          "uv": [
            0,
            8,
            16,
            12
          ],
          "texture": "#2"
        },
        "east": {
          "uv": [
            0,
            8,
            16,
            12
          ],
          "texture": "#2"
        },
        "south": {
          "uv": [
            0,
            8,
            16,
            12
          ],
          "texture": "#2"
        },
        "west": {
          "uv": [
            0,
            8,
            16,
            12
          ],
          "texture": "#2"
        },
        "up": {
          "uv": [
            0,
            8,
            16,
            12
          ],
          "texture": "#2"
        },
        "down": {
          "uv": [
            0,
            8,
            16,
            12
          ],
          "texture": "#2"
        }
      }
    },
    {
      "from": [
        -2.1,
        4,
        3
      ],
      "to": [
        -1.2,
        5.3,
        4
      ],
      "rotation": {
        "angle": 0,
        "axis": "y",
        "origin": [
          -1.575,
          -2.175,
          -11.5
        ]
      },
      "faces": {
        "north": {
          "uv": [
            15.75,
            0,
            16,
            0.3
          ],
          "texture": "#1"
        },
        "east": {
          "uv": [
            15.75,
            0,
            16,
            0.3
          ],
          "texture": "#1"
        },
        "south": {
          "uv": [
            15.75,
            0,
            16,
            0.3
          ],
          "texture": "#1"
        },
        "west": {
          "uv": [
            15.75,
            0,
            16,
            0.3
          ],
          "texture": "#1"
        },
        "up": {
          "uv": [
            15.75,
            0,
            16,
            0.3
          ],
          "texture": "#1"
        },
        "down": {
          "uv": [
            15.75,
            0,
            16,
            0.3
          ],
          "texture": "#1"
        }
      }
    },
    {
      "from": [
        -2,
        10,
        17
      ],
      "to": [
        3,
        13,
        22
      ],
      "rotation": {
        "angle": 22.5,
        "axis": "y",
        "origin": [
          -1.575,
          2.325,
          19.5
        ]
      },
      "faces": {
        "north": {
          "uv": [
            0,
            0,
            16,
            12
          ],
          "texture": "#2"
        },
        "east": {
          "uv": [
            0,
            0,
            16,
            12
          ],
          "texture": "#2"
        },
        "south": {
          "uv": [
            0,
            0,
            16,
            12
          ],
          "texture": "#2"
        },
        "west": {
          "uv": [
            0,
            0,
            16,
            12
          ],
          "texture": "#2"
        },
        "up": {
          "uv": [
            0,
            8,
            16,
            16
          ],
          "rotation": 90,
          "texture": "#2"
        },
        "down": {
          "uv": [
            0,
            0,
            16,
            12
          ],
          "texture": "#2"
        }
      }
    },
    {
      "from": [
        -1.5,
        8,
        17.5
      ],
      "to": [
        2.5,
        10,
        21.5
      ],
      "rotation": {
        "angle": 22.5,
        "axis": "y",
        "origin": [
          -1.575,
          2.325,
          19.5
        ]
      },
      "faces": {
        "north": {
          "uv": [
            0,
            8,
            16,
            12
          ],
          "texture": "#2"
        },
        "east": {
          "uv": [
            0,
            8,
            16,
            12
          ],
          "texture": "#2"
        },
        "south": {
          "uv": [
            0,
            8,
            16,
            12
          ],
          "texture": "#2"
        },
        "west": {
          "uv": [
            0,
            8,
            16,
            12
          ],
          "texture": "#2"
        },
        "up": {
          "uv": [
            0,
            8,
            16,
            12
          ],
          "texture": "#2"
        },
        "down": {
          "uv": [
            0,
            8,
            16,
            12
          ],
          "texture": "#2"
        }
      }
    },
    {
      "from": [
        -0.1,
        13,
        19
      ],
      "to": [
        0.8,
        14.3,
        20
      ],
      "rotation": {
        "angle": 22.5,
        "axis": "y",
        "origin": [
          -1.575,
          2.325,
          19.5
        ]
      },
      "faces": {
        "north": {
          "uv": [
            15.75,
            0,
            16,
            0.3
          ],
          "texture": "#1"
        },
        "east": {
          "uv": [
            15.75,
            0,
            16,
            0.3
          ],
          "texture": "#1"
        },
        "south": {
          "uv": [
            15.75,
            0,
            16,
            0.3
          ],
          "texture": "#1"
        },
        "west": {
          "uv": [
            15.75,
            0,
            16,
            0.3
          ],
          "texture": "#1"
        },
        "up": {
          "uv": [
            15.75,
            0,
            16,
            0.3
          ],
          "texture": "#1"
        },
        "down": {
          "uv": [
            15.75,
            0,
            16,
            0.3
          ],
          "texture": "#1"
        }
      }
    },
    {
      "from": [
        8.2,
        8.6,
        -8.1
      ],
      "to": [
        13.2,
        11.6,
        -3.1
      ],
      "rotation": {
        "angle": 0,
        "axis": "y",
        "origin": [
          -1.575,
          -2.175,
          -11.5
        ]
      },
      "faces": {
        "north": {
          "uv": [
            0,
            0,
            16,
            12
          ],
          "texture": "#2"
        },
        "east": {
          "uv": [
            0,
            0,
            16,
            12
          ],
          "texture": "#2"
        },
        "south": {
          "uv": [
            0,
            0,
            16,
            12
          ],
          "texture": "#2"
        },
        "west": {
          "uv": [
            0,
            0,
            16,
            12
          ],
          "texture": "#2"
        },
        "up": {
          "uv": [
            0,
            8,
            16,
            16
          ],
          "rotation": 90,
          "texture": "#2"
        },
        "down": {
          "uv": [
            0,
            0,
            16,
            12
          ],
          "texture": "#2"
        }
      }
    },
    {
      "from": [
        8.7,
        6.6,
        -7.6
      ],
      "to": [
        12.7,
        8.6,
        -3.6
      ],
      "rotation": {
        "angle": 0,
        "axis": "y",
        "origin": [
          -1.575,
          -2.175,
          -11.5
        ]
      },
      "faces": {
        "north": {
          "uv": [
            0,
            8,
            16,
            12
          ],
          "texture": "#2"
        },
        "east": {
          "uv": [
            0,
            8,
            16,
            12
          ],
          "texture": "#2"
        },
        "south": {
          "uv": [
            0,
            8,
            16,
            12
          ],
          "texture": "#2"
        },
        "west": {
          "uv": [
            0,
            8,
            16,
            12
          ],
          "texture": "#2"
        },
        "up": {
          "uv": [
            0,
            8,
            16,
            12
          ],
          "texture": "#2"
        },
        "down": {
          "uv": [
            0,
            8,
            16,
            12
          ],
          "texture": "#2"
        }
      }
    },
    {
      "from": [
        10.1,
        11.6,
        -6.1
      ],
      "to": [
        11,
        12.9,
        -5.1
      ],
      "rotation": {
        "angle": 0,
        "axis": "y",
        "origin": [
          -1.575,
          -2.175,
          -11.5
        ]
      },
      "faces": {
        "north": {
          "uv": [
            15.75,
            0,
            16,
            0.3
          ],
          "texture": "#1"
        },
        "east": {
          "uv": [
            15.75,
            0,
            16,
            0.3
          ],
          "texture": "#1"
        },
        "south": {
          "uv": [
            15.75,
            0,
            16,
            0.3
          ],
          "texture": "#1"
        },
        "west": {
          "uv": [
            15.75,
            0,
            16,
            0.3
          ],
          "texture": "#1"
        },
        "up": {
          "uv": [
            15.75,
            0,
            16,
            0.3
          ],
          "texture": "#1"
        },
        "down": {
          "uv": [
            15.75,
            0,
            16,
            0.3
          ],
          "texture": "#1"
        }
      }
    },
    {
      "from": [
        13.4,
        4.3,
        19
      ],
      "to": [
        18.4,
        7.3,
        24
      ],
      "rotation": {
        "angle": 22.5,
        "axis": "z",
        "origin": [
          18.625,
          20.025,
          4.2
        ]
      },
      "faces": {
        "north": {
          "uv": [
            0,
            0,
            16,
            12
          ],
          "texture": "#2"
        },
        "east": {
          "uv": [
            0,
            0,
            16,
            12
          ],
          "texture": "#2"
        },
        "south": {
          "uv": [
            0,
            0,
            16,
            12
          ],
          "texture": "#2"
        },
        "west": {
          "uv": [
            0,
            0,
            16,
            12
          ],
          "texture": "#2"
        },
        "up": {
          "uv": [
            0,
            8,
            16,
            16
          ],
          "rotation": 90,
          "texture": "#2"
        },
        "down": {
          "uv": [
            0,
            0,
            16,
            12
          ],
          "texture": "#2"
        }
      }
    },
    {
      "from": [
        13.9,
        2.3,
        19.5
      ],
      "to": [
        17.9,
        4.3,
        23.5
      ],
      "rotation": {
        "angle": 22.5,
        "axis": "z",
        "origin": [
          18.625,
          20.025,
          4.2
        ]
      },
      "faces": {
        "north": {
          "uv": [
            0,
            8,
            16,
            12
          ],
          "texture": "#2"
        },
        "east": {
          "uv": [
            0,
            8,
            16,
            12
          ],
          "texture": "#2"
        },
        "south": {
          "uv": [
            0,
            8,
            16,
            12
          ],
          "texture": "#2"
        },
        "west": {
          "uv": [
            0,
            8,
            16,
            12
          ],
          "texture": "#2"
        },
        "up": {
          "uv": [
            0,
            8,
            16,
            12
          ],
          "texture": "#2"
        },
        "down": {
          "uv": [
            0,
            8,
            16,
            12
          ],
          "texture": "#2"
        }
      }
    },
    {
      "from": [
        15.3,
        7.3,
        21
      ],
      "to": [
        16.2,
        8.6,
        22
      ],
      "rotation": {
        "angle": 22.5,
        "axis": "z",
        "origin": [
          18.625,
          20.025,
          4.2
        ]
      },
      "faces": {
        "north": {
          "uv": [
            15.75,
            0,
            16,
            0.3
          ],
          "texture": "#1"
        },
        "east": {
          "uv": [
            15.75,
            0,
            16,
            0.3
          ],
          "texture": "#1"
        },
        "south": {
          "uv": [
            15.75,
            0,
            16,
            0.3
          ],
          "texture": "#1"
        },
        "west": {
          "uv": [
            15.75,
            0,
            16,
            0.3
          ],
          "texture": "#1"
        },
        "up": {
          "uv": [
            15.75,
            0,
            16,
            0.3
          ],
          "texture": "#1"
        },
        "down": {
          "uv": [
            15.75,
            0,
            16,
            0.3
          ],
          "texture": "#1"
        }
      }
    },
    {
      "from": [
        12.8,
        21,
        3
      ],
      "to": [
        17.8,
        24,
        8
      ],
      "rotation": {
        "angle": 45,
        "axis": "y",
        "origin": [
          18.425,
          22.325,
          5.5
        ]
      },
      "faces": {
        "north": {
          "uv": [
            0,
            0,
            16,
            12
          ],
          "texture": "#2"
        },
        "east": {
          "uv": [
            0,
            0,
            16,
            12
          ],
          "texture": "#2"
        },
        "south": {
          "uv": [
            0,
            0,
            16,
            12
          ],
          "texture": "#2"
        },
        "west": {
          "uv": [
            0,
            0,
            16,
            12
          ],
          "texture": "#2"
        },
        "up": {
          "uv": [
            0,
            8,
            16,
            16
          ],
          "rotation": 90,
          "texture": "#2"
        },
        "down": {
          "uv": [
            0,
            0,
            16,
            12
          ],
          "texture": "#2"
        }
      }
    },
    {
      "from": [
        13.3,
        19,
        3.5
      ],
      "to": [
        17.3,
        21,
        7.5
      ],
      "rotation": {
        "angle": 45,
        "axis": "y",
        "origin": [
          18.425,
          22.325,
          5.5
        ]
      },
      "faces": {
        "north": {
          "uv": [
            0,
            8,
            16,
            12
          ],
          "texture": "#2"
        },
        "east": {
          "uv": [
            0,
            8,
            16,
            12
          ],
          "texture": "#2"
        },
        "south": {
          "uv": [
            0,
            8,
            16,
            12
          ],
          "texture": "#2"
        },
        "west": {
          "uv": [
            0,
            8,
            16,
            12
          ],
          "texture": "#2"
        },
        "up": {
          "uv": [
            0,
            8,
            16,
            12
          ],
          "texture": "#2"
        },
        "down": {
          "uv": [
            0,
            8,
            16,
            12
          ],
          "texture": "#2"
        }
      }
    },
    {
      "from": [
        14.7,
        24,
        5
      ],
      "to": [
        15.6,
        25.3,
        6
      ],
      "rotation": {
        "angle": 45,
        "axis": "y",
        "origin": [
          18.425,
          22.325,
          5.5
        ]
      },
      "faces": {
        "north": {
          "uv": [
            15.75,
            0,
            16,
            0.3
          ],
          "texture": "#1"
        },
        "east": {
          "uv": [
            15.75,
            0,
            16,
            0.3
          ],
          "texture": "#1"
        },
        "south": {
          "uv": [
            15.75,
            0,
            16,
            0.3
          ],
          "texture": "#1"
        },
        "west": {
          "uv": [
            15.75,
            0,
            16,
            0.3
          ],
          "texture": "#1"
        },
        "up": {
          "uv": [
            15.75,
            0,
            16,
            0.3
          ],
          "texture": "#1"
        },
        "down": {
          "uv": [
            15.75,
            0,
            16,
            0.3
          ],
          "texture": "#1"
        }
      }
    }
  ],
  "gui_light": "front",
  "display": {
    "gui": {
      "rotation": [
        9.08,
        9.64,
        8.38
      ],
      "scale": [
        0.4,
        0.4,
        0.4
      ]
    },
    "fixed": {
      "rotation": [
        -90,
        0,
        0
      ],
      "translation": [
        0.75,
        0,
        -43.5
      ],
      "scale": [
        2,
        2,
        2
      ]
    },
    "display": {
      "scale": [
        0.5,
        0.5,
        0.5
      ]
    },
    "thirdperson_righthand": {
      "rotation": [
        0.0,
        -180.0,
        0.0
      ],
      "translation": [
        0.0,
        2.75,
        0.75
      ],
      "scale": [
        0.4,
        0.4,
        0.4
      ]
    },
    "thirdperson_lefthand": {
      "rotation": [
        0.0,
        0.0,
        0.0
      ],
      "translation": [
        0.0,
        2.75,
        0.75
      ],
      "scale": [
        0.4,
        0.4,
        0.4
      ]
    },
    "firstperson_righthand": {
      "rotation": [
        0.0,
        140.0,
        0.0
      ],
      "translation": [
        3.5,
        2.5,
        0.0
      ],
      "scale": [
        0.4,
        0.4,
        0.4
      ]
    },
    "firstperson_lefthand": {
      "rotation": [
        0.0,
        -44.0,
        0.0
      ],
      "translation": [
        -1.0,
        4.25,
        2.75
      ],
      "scale": [
        0.4,
        0.4,
        0.4
      ]
    },
    "ground": {
      "translation": [
        0.0,
        2.0,
        0.0
      ],
      "scale": [
        0.5,
        0.5,
        0.5
      ]
    }
  },
  "groups": [
    0,
    1,
    2,
    3,
    4,
    5,
    6,
    7,
    8,
    9,
    10,
    11,
    {
      "name": "apple",
      "origin": [
        0,
        0,
        0
      ],
      "color": 0,
      "children": [
        12,
        13,
        14
      ]
    },
    {
      "name": "apple",
      "origin": [
        0,
        0,
        0
      ],
      "color": 0,
      "children": [
        15,
        16,
        17
      ]
    },
    {
      "name": "apple",
      "origin": [
        0,
        0,
        0
      ],
      "color": 0,
      "children": [
        18,
        19,
        20
      ]
    },
    {
      "name": "apple",
      "origin": [
        0,
        0,
        0
      ],
      "color": 0,
      "children": [
        21,
        22,
        23
      ]
    },
    {
      "name": "apple",
      "origin": [
        0,
        0,
        0
      ],
      "color": 0,
      "children": [
        24,
        25,
        26
      ]
    }
  ]
}