{
  "credit": "Blockbench",
  "textures": {
    "0": "infinitecrops:item/crops/pitaya/stage_1",
    "particle": "infinitecrops:item/crops/pitaya/stage_1"
  },
  "elements": [
    {
      "from": [
        4.15355,
        4.7,
        7.74645
      ],
      "to": [
        12.35355,
        10.8,
        7.74645
      ],
      "rotation": {
        "angle": 0,
        "axis": "y",
        "origin": [
          8.25355,
          7.75,
          7.74645
        ]
      },
      "faces": {
        "north": {
          "uv": [
            0,
            0,
            2.25,
            1.75
          ],
          "texture": "#0"
        },
        "east": {
          "uv": [
            0,
            0,
            2.25,
            1.75
          ],
          "texture": "#0"
        },
        "south": {
          "uv": [
            0,
            0,
            2.25,
            1.75
          ],
          "texture": "#0"
        },
        "west": {
          "uv": [
            0,
            0,
            2.25,
            1.75
          ],
          "texture": "#0"
        },
        "up": {
          "uv": [
            0,
            0,
            2.25,
            1.75
          ],
          "texture": "#0"
        },
        "down": {
          "uv": [
            0,
            0,
            2.25,
            1.75
          ],
          "texture": "#0"
        }
      }
    },
    {
      "from": [
        8.25355,
        4.7,
        3.64645
      ],
      "to": [
        8.25355,
        10.8,
        11.84645
      ],
      "rotation": {
        "angle": 0,
        "axis": "y",
        "origin": [
          8.25355,
          7.75,
          7.74645
        ]
      },
      "faces": {
        "north": {
          "uv": [
            0,
            0,
            2.25,
            1.75
          ],
          "texture": "#0"
        },
        "east": {
          "uv": [
            0,
            0,
            2.25,
            1.75
          ],
          "texture": "#0"
        },
        "south": {
          "uv": [
            0,
            0,
            2.25,
            1.75
          ],
          "texture": "#0"
        },
        "west": {
          "uv": [
            0,
            0,
            2.25,
            1.75
          ],
          "texture": "#0"
        },
        "up": {
          "uv": [
            0,
            0,
            2.25,
            1.75
          ],
          "rotation": 270,
          "texture": "#0"
        },
        "down": {
          "uv": [
            0,
            0,
            2.25,
            1.75
          ],
          "rotation": 90,
          "texture": "#0"
        }
      }
    },
    {
      "from": [
        6.7,
        0,
        6.4
      ],
      "to": [
        9.6,
        4.1,
        9.2
      ],
      "faces": {
        "north": {
          "uv": [
            15.5,
            4.5,
            16,
            6.25
          ],
          "texture": "#0"
        },
        "east": {
          "uv": [
            15.5,
            4.5,
            16,
            6.25
          ],
          "texture": "#0"
        },
        "south": {
          "uv": [
            15.5,
            4.5,
            16,
            6.25
          ],
          "texture": "#0"
        },
        "west": {
          "uv": [
            15.5,
            4.5,
            16,
            6.25
          ],
          "texture": "#0"
        },
        "up": {
          "uv": [
            15.5,
            4.5,
            16,
            6.25
          ],
          "texture": "#0"
        },
        "down": {
          "uv": [
            15.5,
            4.5,
            16,
            6.25
          ],
          "texture": "#0"
        }
      }
    },
    {
      "from": [
        7.3,
        4,
        6.9
      ],
      "to": [
        9.1,
        8.1,
        8.5
      ],
      "faces": {
        "north": {
          "uv": [
            15.25,
            3.5,
            15.75,
            5.25
          ],
          "texture": "#0"
        },
        "east": {
          "uv": [
            15.25,
            3.5,
            15.75,
            5.25
          ],
          "texture": "#0"
        },
        "south": {
          "uv": [
            15.25,
            3.5,
            15.75,
            5.25
          ],
          "texture": "#0"
        },
        "west": {
          "uv": [
            15.25,
            3.5,
            15.75,
            5.25
          ],
          "texture": "#0"
        },
        "up": {
          "uv": [
            15.25,
            3.5,
            15.75,
            5.25
          ],
          "texture": "#0"
        },
        "down": {
          "uv": [
            15.25,
            3.5,
            15.75,
            5.25
          ],
          "texture": "#0"
        }
      }
    }
  ],
  "gui_light": "front",
  "display": {
    "gui": {
      "rotation": [
        13.14,
        19.17,
        10.86
      ],
      "translation": [
        0,
        -2,
        0
      ],
      "scale": [
        0.8,
        0.8,
        0.8
      ]
    },
    "fixed": {
      "rotation": [
        -90,
        0,
        0
      ],
      "translation": [
        0,
        0,
        -20.25
      ],
      "scale": [
        3,
        3,
        3
      ]
    },
    "display": {
      "scale": [
        0.5,
        0.5,
        0.5
      ]
    },
    "thirdperson_righthand": {
      "rotation": [
        0.0,
        -180.0,
        0.0
      ],
      "translation": [
        0.0,
        2.75,
        0.75
      ],
      "scale": [
        0.4,
        0.4,
        0.4
      ]
    },
    "thirdperson_lefthand": {
      "rotation": [
        0.0,
        0.0,
        0.0
      ],
      "translation": [
        0.0,
        2.75,
        0.75
      ],
      "scale": [
        0.4,
        0.4,
        0.4
      ]
    },
    "firstperson_righthand": {
      "rotation": [
        0.0,
        140.0,
        0.0
      ],
      "translation": [
        3.5,
        2.5,
        0.0
      ],
      "scale": [
        0.4,
        0.4,
        0.4
      ]
    },
    "firstperson_lefthand": {
      "rotation": [
        0.0,
        -44.0,
        0.0
      ],
      "translation": [
        -1.0,
        4.25,
        2.75
      ],
      "scale": [
        0.4,
        0.4,
        0.4
      ]
    },
    "ground": {
      "translation": [
        0.0,
        2.0,
        0.0
      ],
      "scale": [
        0.5,
        0.5,
        0.5
      ]
    }
  }
}