{
  "credit": "Blockbench",
  "textures": {
    "0": "infinitecrops:item/crops/pitaya/stage_1",
    "particle": "infinitecrops:item/crops/pitaya/stage_1"
  },
  "elements": [
    {
      "from": [
        6.7,
        6,
        6.4
      ],
      "to": [
        9.6,
        10.1,
        9.2
      ],
      "faces": {
        "north": {
          "uv": [
            15.5,
            4.5,
            16,
            6.25
          ],
          "texture": "#0"
        },
        "east": {
          "uv": [
            15.5,
            4.5,
            16,
            6.25
          ],
          "texture": "#0"
        },
        "south": {
          "uv": [
            15.5,
            4.5,
            16,
            6.25
          ],
          "texture": "#0"
        },
        "west": {
          "uv": [
            15.5,
            4.5,
            16,
            6.25
          ],
          "texture": "#0"
        },
        "up": {
          "uv": [
            15.5,
            4.5,
            16,
            6.25
          ],
          "texture": "#0"
        },
        "down": {
          "uv": [
            15.5,
            4.5,
            16,
            6.25
          ],
          "texture": "#0"
        }
      }
    },
    {
      "from": [
        6.1,
        0,
        5.8
      ],
      "to": [
        10.1,
        6.1,
        9.7
      ],
      "faces": {
        "north": {
          "uv": [
            15.25,
            4.5,
            16,
            6.25
          ],
          "texture": "#0"
        },
        "east": {
          "uv": [
            15.25,
            4.5,
            16,
            6.25
          ],
          "texture": "#0"
        },
        "south": {
          "uv": [
            15.25,
            4.5,
            16,
            6.25
          ],
          "texture": "#0"
        },
        "west": {
          "uv": [
            15.25,
            4.5,
            16,
            6.25
          ],
          "texture": "#0"
        },
        "up": {
          "uv": [
            15.25,
            4.5,
            16,
            6.25
          ],
          "texture": "#0"
        },
        "down": {
          "uv": [
            15.25,
            4.5,
            16,
            6.25
          ],
          "texture": "#0"
        }
      }
    },
    {
      "from": [
        7.3,
        10,
        6.9
      ],
      "to": [
        9.1,
        14.1,
        8.5
      ],
      "faces": {
        "north": {
          "uv": [
            15.25,
            2.5,
            15.75,
            4.25
          ],
          "texture": "#0"
        },
        "east": {
          "uv": [
            15.25,
            2.5,
            15.75,
            4.25
          ],
          "texture": "#0"
        },
        "south": {
          "uv": [
            15.25,
            2.5,
            15.75,
            4.25
          ],
          "texture": "#0"
        },
        "west": {
          "uv": [
            15.25,
            2.5,
            15.75,
            4.25
          ],
          "texture": "#0"
        },
        "up": {
          "uv": [
            15.25,
            2.5,
            15.75,
            2.75
          ],
          "texture": "#0"
        },
        "down": {
          "uv": [
            15.25,
            2.5,
            15.75,
            4.25
          ],
          "texture": "#0"
        }
      }
    },
    {
      "from": [
        6.5,
        14.8,
        4
      ],
      "to": [
        9.9,
        14.8,
        7
      ],
      "rotation": {
        "angle": 45,
        "axis": "x",
        "origin": [
          8.2,
          14.2,
          6.3
        ]
      },
      "faces": {
        "north": {
          "uv": [
            0.35,
            5.5,
            1.7,
            3.75
          ],
          "texture": "#0"
        },
        "east": {
          "uv": [
            0.35,
            5.5,
            1.7,
            3.75
          ],
          "texture": "#0"
        },
        "south": {
          "uv": [
            0.35,
            5.5,
            1.7,
            3.75
          ],
          "texture": "#0"
        },
        "west": {
          "uv": [
            0.35,
            5.5,
            1.7,
            3.75
          ],
          "texture": "#0"
        },
        "up": {
          "uv": [
            0.35,
            5.5,
            1.7,
            3.75
          ],
          "texture": "#0"
        },
        "down": {
          "uv": [
            0.35,
            3.75,
            1.7,
            5.5
          ],
          "texture": "#0"
        }
      }
    },
    {
      "from": [
        6.5,
        16.24961,
        2.09792
      ],
      "to": [
        9.9,
        16.24961,
        5.09792
      ],
      "rotation": {
        "angle": 0,
        "axis": "x",
        "origin": [
          8.2,
          16.24961,
          3.59792
        ]
      },
      "faces": {
        "north": {
          "uv": [
            0.35,
            5.5,
            1.7,
            3.75
          ],
          "texture": "#0"
        },
        "east": {
          "uv": [
            0.35,
            5.5,
            1.7,
            3.75
          ],
          "texture": "#0"
        },
        "south": {
          "uv": [
            0.35,
            5.5,
            1.7,
            3.75
          ],
          "texture": "#0"
        },
        "west": {
          "uv": [
            0.35,
            7.25,
            1.7,
            5.5
          ],
          "texture": "#0"
        },
        "up": {
          "uv": [
            0.35,
            7.25,
            1.7,
            5.5
          ],
          "texture": "#0"
        },
        "down": {
          "uv": [
            0.35,
            5.5,
            1.7,
            7.25
          ],
          "texture": "#0"
        }
      }
    },
    {
      "from": [
        6.5,
        15.18924,
        -0.46203
      ],
      "to": [
        9.9,
        15.18924,
        2.53797
      ],
      "rotation": {
        "angle": -45,
        "axis": "x",
        "origin": [
          8.2,
          15.18924,
          1.03797
        ]
      },
      "faces": {
        "north": {
          "uv": [
            0.35,
            5.5,
            1.7,
            3.75
          ],
          "texture": "#0"
        },
        "east": {
          "uv": [
            0.35,
            5.5,
            1.7,
            3.75
          ],
          "texture": "#0"
        },
        "south": {
          "uv": [
            0.35,
            5.5,
            1.7,
            3.75
          ],
          "texture": "#0"
        },
        "west": {
          "uv": [
            0.35,
            5.5,
            1.7,
            3.75
          ],
          "texture": "#0"
        },
        "up": {
          "uv": [
            0.35,
            13,
            1.7,
            11.25
          ],
          "texture": "#0"
        },
        "down": {
          "uv": [
            0.35,
            11.25,
            1.7,
            13
          ],
          "texture": "#0"
        }
      }
    },
    {
      "from": [
        6.5,
        14.8,
        8.4
      ],
      "to": [
        9.9,
        14.8,
        11.4
      ],
      "rotation": {
        "angle": -45,
        "axis": "x",
        "origin": [
          8.2,
          14.2,
          9.1
        ]
      },
      "faces": {
        "north": {
          "uv": [
            1.7,
            5.5,
            0.35,
            3.75
          ],
          "texture": "#0"
        },
        "east": {
          "uv": [
            1.7,
            5.5,
            0.35,
            3.75
          ],
          "texture": "#0"
        },
        "south": {
          "uv": [
            1.7,
            5.5,
            0.35,
            3.75
          ],
          "texture": "#0"
        },
        "west": {
          "uv": [
            1.7,
            5.5,
            0.35,
            3.75
          ],
          "texture": "#0"
        },
        "up": {
          "uv": [
            0.35,
            3.75,
            1.7,
            5.5
          ],
          "texture": "#0"
        },
        "down": {
          "uv": [
            0.35,
            5.5,
            1.7,
            3.75
          ],
          "texture": "#0"
        }
      }
    },
    {
      "from": [
        6.5,
        16.24961,
        10.30208
      ],
      "to": [
        9.9,
        16.24961,
        13.30208
      ],
      "rotation": {
        "angle": 0,
        "axis": "y",
        "origin": [
          8.2,
          16.24961,
          11.80208
        ]
      },
      "faces": {
        "north": {
          "uv": [
            1.7,
            5.5,
            0.35,
            3.75
          ],
          "texture": "#0"
        },
        "east": {
          "uv": [
            1.7,
            5.5,
            0.35,
            3.75
          ],
          "texture": "#0"
        },
        "south": {
          "uv": [
            1.7,
            5.5,
            0.35,
            3.75
          ],
          "texture": "#0"
        },
        "west": {
          "uv": [
            1.7,
            7.25,
            0.35,
            5.5
          ],
          "texture": "#0"
        },
        "up": {
          "uv": [
            0.35,
            5.5,
            1.7,
            7.25
          ],
          "texture": "#0"
        },
        "down": {
          "uv": [
            0.35,
            7.25,
            1.7,
            5.5
          ],
          "texture": "#0"
        }
      }
    },
    {
      "from": [
        6.5,
        15.18924,
        12.86203
      ],
      "to": [
        9.9,
        15.18924,
        15.86203
      ],
      "rotation": {
        "angle": 45,
        "axis": "x",
        "origin": [
          8.2,
          15.18924,
          14.36203
        ]
      },
      "faces": {
        "north": {
          "uv": [
            1.7,
            5.5,
            0.35,
            3.75
          ],
          "texture": "#0"
        },
        "east": {
          "uv": [
            1.7,
            5.5,
            0.35,
            3.75
          ],
          "texture": "#0"
        },
        "south": {
          "uv": [
            1.7,
            5.5,
            0.35,
            3.75
          ],
          "texture": "#0"
        },
        "west": {
          "uv": [
            1.7,
            5.5,
            0.35,
            3.75
          ],
          "texture": "#0"
        },
        "up": {
          "uv": [
            0.35,
            11.25,
            1.7,
            13
          ],
          "texture": "#0"
        },
        "down": {
          "uv": [
            0.35,
            13,
            1.7,
            11.25
          ],
          "texture": "#0"
        }
      }
    },
    {
      "from": [
        0,
        15.18924,
        6.06203
      ],
      "to": [
        3,
        15.18924,
        9.46203
      ],
      "rotation": {
        "angle": 45,
        "axis": "z",
        "origin": [
          1.5,
          15.18924,
          7.76203
        ]
      },
      "faces": {
        "north": {
          "uv": [
            1.7,
            5.5,
            0.35,
            3.75
          ],
          "texture": "#0"
        },
        "east": {
          "uv": [
            1.7,
            5.5,
            0.35,
            3.75
          ],
          "texture": "#0"
        },
        "south": {
          "uv": [
            1.7,
            5.5,
            0.35,
            3.75
          ],
          "texture": "#0"
        },
        "west": {
          "uv": [
            1.7,
            5.5,
            0.35,
            3.75
          ],
          "texture": "#0"
        },
        "up": {
          "uv": [
            0.35,
            11.25,
            1.7,
            13
          ],
          "rotation": 90,
          "texture": "#0"
        },
        "down": {
          "uv": [
            0.35,
            13,
            1.7,
            11.25
          ],
          "rotation": 270,
          "texture": "#0"
        }
      }
    },
    {
      "from": [
        4.46203,
        14.8,
        6.06203
      ],
      "to": [
        7.46203,
        14.8,
        9.46203
      ],
      "rotation": {
        "angle": -45,
        "axis": "z",
        "origin": [
          6.76203,
          14.2,
          7.76203
        ]
      },
      "faces": {
        "north": {
          "uv": [
            1.7,
            5.5,
            0.35,
            3.75
          ],
          "texture": "#0"
        },
        "east": {
          "uv": [
            1.7,
            5.5,
            0.35,
            3.75
          ],
          "texture": "#0"
        },
        "south": {
          "uv": [
            1.7,
            5.5,
            0.35,
            3.75
          ],
          "texture": "#0"
        },
        "west": {
          "uv": [
            1.7,
            5.5,
            0.35,
            3.75
          ],
          "texture": "#0"
        },
        "up": {
          "uv": [
            0.35,
            3.75,
            1.7,
            5.5
          ],
          "rotation": 90,
          "texture": "#0"
        },
        "down": {
          "uv": [
            0.35,
            5.5,
            1.7,
            3.75
          ],
          "rotation": 270,
          "texture": "#0"
        }
      }
    },
    {
      "from": [
        2.55995,
        16.24961,
        6.06203
      ],
      "to": [
        5.55995,
        16.24961,
        9.46203
      ],
      "rotation": {
        "angle": 0,
        "axis": "y",
        "origin": [
          4.05995,
          16.24961,
          7.76203
        ]
      },
      "faces": {
        "north": {
          "uv": [
            1.7,
            7.25,
            0.35,
            5.5
          ],
          "texture": "#0"
        },
        "east": {
          "uv": [
            1.7,
            5.5,
            0.35,
            3.75
          ],
          "texture": "#0"
        },
        "south": {
          "uv": [
            1.7,
            5.5,
            0.35,
            3.75
          ],
          "texture": "#0"
        },
        "west": {
          "uv": [
            1.7,
            5.5,
            0.35,
            3.75
          ],
          "texture": "#0"
        },
        "up": {
          "uv": [
            0.35,
            5.5,
            1.7,
            7.25
          ],
          "rotation": 90,
          "texture": "#0"
        },
        "down": {
          "uv": [
            0.35,
            7.25,
            1.7,
            5.5
          ],
          "rotation": 270,
          "texture": "#0"
        }
      }
    },
    {
      "from": [
        13,
        15.18924,
        6.06203
      ],
      "to": [
        16,
        15.18924,
        9.46203
      ],
      "rotation": {
        "angle": -45,
        "axis": "z",
        "origin": [
          14.5,
          15.18924,
          7.76203
        ]
      },
      "faces": {
        "north": {
          "uv": [
            0.35,
            5.5,
            1.7,
            3.75
          ],
          "texture": "#0"
        },
        "east": {
          "uv": [
            0.35,
            5.5,
            1.7,
            3.75
          ],
          "texture": "#0"
        },
        "south": {
          "uv": [
            0.35,
            5.5,
            1.7,
            3.75
          ],
          "texture": "#0"
        },
        "west": {
          "uv": [
            0.35,
            5.5,
            1.7,
            3.75
          ],
          "texture": "#0"
        },
        "up": {
          "uv": [
            0.35,
            13,
            1.7,
            11.25
          ],
          "rotation": 90,
          "texture": "#0"
        },
        "down": {
          "uv": [
            0.35,
            11.25,
            1.7,
            13
          ],
          "rotation": 270,
          "texture": "#0"
        }
      }
    },
    {
      "from": [
        8.53797,
        14.8,
        6.06203
      ],
      "to": [
        11.53797,
        14.8,
        9.46203
      ],
      "rotation": {
        "angle": 45,
        "axis": "z",
        "origin": [
          9.23797,
          14.2,
          7.76203
        ]
      },
      "faces": {
        "north": {
          "uv": [
            0.35,
            5.5,
            1.7,
            3.75
          ],
          "texture": "#0"
        },
        "east": {
          "uv": [
            0.35,
            5.5,
            1.7,
            3.75
          ],
          "texture": "#0"
        },
        "south": {
          "uv": [
            0.35,
            5.5,
            1.7,
            3.75
          ],
          "texture": "#0"
        },
        "west": {
          "uv": [
            0.35,
            5.5,
            1.7,
            3.75
          ],
          "texture": "#0"
        },
        "up": {
          "uv": [
            0.35,
            5.5,
            1.7,
            3.75
          ],
          "rotation": 90,
          "texture": "#0"
        },
        "down": {
          "uv": [
            0.35,
            3.75,
            1.7,
            5.5
          ],
          "rotation": 270,
          "texture": "#0"
        }
      }
    },
    {
      "from": [
        10.44005,
        16.24961,
        6.06203
      ],
      "to": [
        13.44005,
        16.24961,
        9.46203
      ],
      "rotation": {
        "angle": 0,
        "axis": "y",
        "origin": [
          11.94005,
          16.24961,
          7.76203
        ]
      },
      "faces": {
        "north": {
          "uv": [
            0.35,
            7.25,
            1.7,
            5.5
          ],
          "texture": "#0"
        },
        "east": {
          "uv": [
            0.35,
            5.5,
            1.7,
            3.75
          ],
          "texture": "#0"
        },
        "south": {
          "uv": [
            0.35,
            5.5,
            1.7,
            3.75
          ],
          "texture": "#0"
        },
        "west": {
          "uv": [
            0.35,
            5.5,
            1.7,
            3.75
          ],
          "texture": "#0"
        },
        "up": {
          "uv": [
            0.35,
            7.25,
            1.7,
            5.5
          ],
          "rotation": 90,
          "texture": "#0"
        },
        "down": {
          "uv": [
            0.35,
            5.5,
            1.7,
            7.25
          ],
          "rotation": 270,
          "texture": "#0"
        }
      }
    },
    {
      "from": [
        14.6,
        15.2,
        6.5
      ],
      "to": [
        16.6,
        15.2,
        8.5
      ],
      "rotation": {
        "angle": -45,
        "axis": "z",
        "origin": [
          15,
          16,
          7
        ]
      },
      "faces": {
        "north": {
          "uv": [
            3.75,
            0.5,
            4.5,
            1.25
          ],
          "texture": "#0"
        },
        "east": {
          "uv": [
            3.75,
            0.5,
            4.5,
            1.25
          ],
          "texture": "#0"
        },
        "south": {
          "uv": [
            3.75,
            0.5,
            4.5,
            1.25
          ],
          "texture": "#0"
        },
        "west": {
          "uv": [
            3.75,
            0.5,
            4.5,
            1.25
          ],
          "texture": "#0"
        },
        "up": {
          "uv": [
            3.75,
            0.5,
            4.5,
            1.25
          ],
          "texture": "#0"
        },
        "down": {
          "uv": [
            3.75,
            0.5,
            4.5,
            1.25
          ],
          "texture": "#0"
        }
      }
    },
    {
      "from": [
        9.31594,
        14.02426,
        1.7
      ],
      "to": [
        11.31594,
        16.02426,
        1.7
      ],
      "rotation": {
        "angle": -45,
        "axis": "y",
        "origin": [
          10.61594,
          16.42426,
          -0.5
        ]
      },
      "faces": {
        "north": {
          "uv": [
            3.75,
            0.5,
            4.5,
            1.25
          ],
          "rotation": 90,
          "texture": "#0"
        },
        "east": {
          "uv": [
            3.75,
            0.5,
            4.5,
            1.25
          ],
          "rotation": 90,
          "texture": "#0"
        },
        "south": {
          "uv": [
            3.75,
            0.5,
            4.5,
            1.25
          ],
          "rotation": 90,
          "texture": "#0"
        },
        "west": {
          "uv": [
            3.75,
            0.5,
            4.5,
            1.25
          ],
          "rotation": 270,
          "texture": "#0"
        },
        "up": {
          "uv": [
            3.75,
            0.5,
            4.5,
            1.25
          ],
          "texture": "#0"
        },
        "down": {
          "uv": [
            3.75,
            0.5,
            4.5,
            1.25
          ],
          "rotation": 180,
          "texture": "#0"
        }
      }
    },
    {
      "from": [
        8.71594,
        12.62426,
        13.5
      ],
      "to": [
        10.71594,
        14.62426,
        13.5
      ],
      "rotation": {
        "angle": -45,
        "axis": "z",
        "origin": [
          10.61594,
          16.42426,
          13.5
        ]
      },
      "faces": {
        "north": {
          "uv": [
            3.75,
            0.5,
            4.5,
            1.25
          ],
          "rotation": 90,
          "texture": "#0"
        },
        "east": {
          "uv": [
            3.75,
            0.5,
            4.5,
            1.25
          ],
          "rotation": 270,
          "texture": "#0"
        },
        "south": {
          "uv": [
            3.75,
            0.5,
            4.5,
            1.25
          ],
          "rotation": 90,
          "texture": "#0"
        },
        "west": {
          "uv": [
            3.75,
            0.5,
            4.5,
            1.25
          ],
          "rotation": 90,
          "texture": "#0"
        },
        "up": {
          "uv": [
            3.75,
            0.5,
            4.5,
            1.25
          ],
          "rotation": 180,
          "texture": "#0"
        },
        "down": {
          "uv": [
            3.75,
            0.5,
            4.5,
            1.25
          ],
          "texture": "#0"
        }
      }
    },
    {
      "from": [
        0.96497,
        13.26152,
        6.4
      ],
      "to": [
        0.96497,
        15.26152,
        8.4
      ],
      "rotation": {
        "angle": 0,
        "axis": "z",
        "origin": [
          1.56497,
          14.16152,
          7.5
        ]
      },
      "faces": {
        "north": {
          "uv": [
            3.75,
            0.5,
            4.5,
            1.25
          ],
          "rotation": 270,
          "texture": "#0"
        },
        "east": {
          "uv": [
            3.75,
            0.5,
            4.5,
            1.25
          ],
          "rotation": 90,
          "texture": "#0"
        },
        "south": {
          "uv": [
            3.75,
            0.5,
            4.5,
            1.25
          ],
          "rotation": 90,
          "texture": "#0"
        },
        "west": {
          "uv": [
            3.75,
            0.5,
            4.5,
            1.25
          ],
          "rotation": 90,
          "texture": "#0"
        },
        "up": {
          "uv": [
            3.75,
            0.5,
            4.5,
            1.25
          ],
          "rotation": 90,
          "texture": "#0"
        },
        "down": {
          "uv": [
            3.75,
            0.5,
            4.5,
            1.25
          ],
          "rotation": 90,
          "texture": "#0"
        }
      }
    }
  ],
  "gui_light": "front",
  "display": {
    "gui": {
      "rotation": [
        13.14,
        19.17,
        10.86
      ],
      "translation": [
        0,
        -2,
        0
      ],
      "scale": [
        0.8,
        0.8,
        0.8
      ]
    },
    "fixed": {
      "rotation": [
        -90,
        0,
        0
      ],
      "translation": [
        0,
        0,
        -20.25
      ],
      "scale": [
        3,
        3,
        3
      ]
    },
    "display": {
      "scale": [
        0.5,
        0.5,
        0.5
      ]
    },
    "thirdperson_righthand": {
      "rotation": [
        0.0,
        -180.0,
        0.0
      ],
      "translation": [
        0.0,
        2.75,
        0.75
      ],
      "scale": [
        0.4,
        0.4,
        0.4
      ]
    },
    "thirdperson_lefthand": {
      "rotation": [
        0.0,
        0.0,
        0.0
      ],
      "translation": [
        0.0,
        2.75,
        0.75
      ],
      "scale": [
        0.4,
        0.4,
        0.4
      ]
    },
    "firstperson_righthand": {
      "rotation": [
        0.0,
        140.0,
        0.0
      ],
      "translation": [
        3.5,
        2.5,
        0.0
      ],
      "scale": [
        0.4,
        0.4,
        0.4
      ]
    },
    "firstperson_lefthand": {
      "rotation": [
        0.0,
        -44.0,
        0.0
      ],
      "translation": [
        -1.0,
        4.25,
        2.75
      ],
      "scale": [
        0.4,
        0.4,
        0.4
      ]
    },
    "ground": {
      "translation": [
        0.0,
        2.0,
        0.0
      ],
      "scale": [
        0.5,
        0.5,
        0.5
      ]
    }
  }
}