{
  "credit": "Blockbench",
  "textures": {
    "0": "infinitecrops:item/crops/pitaya/stage_1",
    "particle": "infinitecrops:item/crops/pitaya/stage_1"
  },
  "elements": [
    {
      "from": [
        6.44,
        7.2,
        6.08
      ],
      "to": [
        9.92,
        12.12,
        9.44
      ],
      "rotation": {
        "angle": 0,
        "axis": "y",
        "origin": [
          -1.6,
          0,
          -1.6
        ]
      },
      "faces": {
        "north": {
          "uv": [
            15.5,
            4.5,
            16,
            6.25
          ],
          "texture": "#0"
        },
        "east": {
          "uv": [
            15.5,
            4.5,
            16,
            6.25
          ],
          "texture": "#0"
        },
        "south": {
          "uv": [
            15.5,
            4.5,
            16,
            6.25
          ],
          "texture": "#0"
        },
        "west": {
          "uv": [
            15.5,
            4.5,
            16,
            6.25
          ],
          "texture": "#0"
        },
        "up": {
          "uv": [
            15.5,
            4.5,
            16,
            6.25
          ],
          "texture": "#0"
        },
        "down": {
          "uv": [
            15.5,
            4.5,
            16,
            6.25
          ],
          "texture": "#0"
        }
      }
    },
    {
      "from": [
        5.72,
        0,
        5.36
      ],
      "to": [
        10.52,
        7.32,
        10.04
      ],
      "rotation": {
        "angle": 0,
        "axis": "y",
        "origin": [
          -1.6,
          0,
          -1.6
        ]
      },
      "faces": {
        "north": {
          "uv": [
            15.25,
            4.5,
            16,
            6.25
          ],
          "texture": "#0"
        },
        "east": {
          "uv": [
            15.25,
            4.5,
            16,
            6.25
          ],
          "texture": "#0"
        },
        "south": {
          "uv": [
            15.25,
            4.5,
            16,
            6.25
          ],
          "texture": "#0"
        },
        "west": {
          "uv": [
            15.25,
            4.5,
            16,
            6.25
          ],
          "texture": "#0"
        },
        "up": {
          "uv": [
            15.25,
            4.5,
            16,
            6.25
          ],
          "texture": "#0"
        },
        "down": {
          "uv": [
            15.25,
            4.5,
            16,
            6.25
          ],
          "texture": "#0"
        }
      }
    },
    {
      "from": [
        7.16,
        12,
        6.68
      ],
      "to": [
        9.32,
        16.92,
        8.6
      ],
      "rotation": {
        "angle": 0,
        "axis": "y",
        "origin": [
          -1.6,
          0,
          -1.6
        ]
      },
      "faces": {
        "north": {
          "uv": [
            15.25,
            2.5,
            15.75,
            4.25
          ],
          "texture": "#0"
        },
        "east": {
          "uv": [
            15.25,
            2.5,
            15.75,
            4.25
          ],
          "texture": "#0"
        },
        "south": {
          "uv": [
            15.25,
            2.5,
            15.75,
            4.25
          ],
          "texture": "#0"
        },
        "west": {
          "uv": [
            15.25,
            2.5,
            15.75,
            4.25
          ],
          "texture": "#0"
        },
        "up": {
          "uv": [
            15.25,
            2.5,
            15.75,
            2.75
          ],
          "texture": "#0"
        },
        "down": {
          "uv": [
            15.25,
            2.5,
            15.75,
            4.25
          ],
          "texture": "#0"
        }
      }
    },
    {
      "from": [
        14,
        18.22709,
        5.67444
      ],
      "to": [
        17.6,
        18.22709,
        9.75444
      ],
      "rotation": {
        "angle": -45,
        "axis": "z",
        "origin": [
          15.8,
          18.22709,
          7.71444
        ]
      },
      "faces": {
        "north": {
          "uv": [
            0.35,
            5.5,
            1.7,
            3.75
          ],
          "texture": "#0"
        },
        "east": {
          "uv": [
            0.35,
            5.5,
            1.7,
            3.75
          ],
          "texture": "#0"
        },
        "south": {
          "uv": [
            0.35,
            5.5,
            1.7,
            3.75
          ],
          "texture": "#0"
        },
        "west": {
          "uv": [
            0.35,
            5.5,
            1.7,
            3.75
          ],
          "texture": "#0"
        },
        "up": {
          "uv": [
            0.35,
            10,
            1.7,
            8.25
          ],
          "rotation": 90,
          "texture": "#0"
        },
        "down": {
          "uv": [
            0.35,
            8.25,
            1.7,
            10
          ],
          "rotation": 270,
          "texture": "#0"
        }
      }
    },
    {
      "from": [
        17.76136,
        11.0917,
        5.67444
      ],
      "to": [
        17.76136,
        17.0917,
        9.75444
      ],
      "rotation": {
        "angle": 22.5,
        "axis": "z",
        "origin": [
          17.76136,
          15.2917,
          7.71444
        ]
      },
      "faces": {
        "north": {
          "uv": [
            0.35,
            5.5,
            1.7,
            3.75
          ],
          "rotation": 270,
          "texture": "#0"
        },
        "east": {
          "uv": [
            0.35,
            13,
            1.7,
            10.5
          ],
          "rotation": 180,
          "texture": "#0"
        },
        "south": {
          "uv": [
            0.35,
            5.5,
            1.7,
            3.75
          ],
          "rotation": 90,
          "texture": "#0"
        },
        "west": {
          "uv": [
            0.35,
            10.5,
            1.7,
            13
          ],
          "texture": "#0"
        },
        "up": {
          "uv": [
            0.35,
            5.5,
            1.7,
            3.75
          ],
          "rotation": 90,
          "texture": "#0"
        },
        "down": {
          "uv": [
            0.35,
            5.5,
            1.7,
            3.75
          ],
          "rotation": 90,
          "texture": "#0"
        }
      }
    },
    {
      "from": [
        8.64556,
        17.76,
        5.67444
      ],
      "to": [
        12.24556,
        17.76,
        9.75444
      ],
      "rotation": {
        "angle": 45,
        "axis": "z",
        "origin": [
          9.48556,
          17.04,
          7.71444
        ]
      },
      "faces": {
        "north": {
          "uv": [
            0.35,
            5.5,
            1.7,
            3.75
          ],
          "texture": "#0"
        },
        "east": {
          "uv": [
            0.35,
            5.5,
            1.7,
            3.75
          ],
          "texture": "#0"
        },
        "south": {
          "uv": [
            0.35,
            5.5,
            1.7,
            3.75
          ],
          "texture": "#0"
        },
        "west": {
          "uv": [
            0.35,
            5.5,
            1.7,
            3.75
          ],
          "texture": "#0"
        },
        "up": {
          "uv": [
            0.35,
            5.5,
            1.7,
            3.75
          ],
          "rotation": 90,
          "texture": "#0"
        },
        "down": {
          "uv": [
            0.35,
            3.75,
            1.7,
            5.5
          ],
          "rotation": 270,
          "texture": "#0"
        }
      }
    },
    {
      "from": [
        10.92806,
        19.49953,
        5.67444
      ],
      "to": [
        14.52806,
        19.49953,
        9.75444
      ],
      "rotation": {
        "angle": 0,
        "axis": "y",
        "origin": [
          12.72806,
          19.49953,
          7.71444
        ]
      },
      "faces": {
        "north": {
          "uv": [
            0.35,
            7.25,
            1.7,
            5.5
          ],
          "texture": "#0"
        },
        "east": {
          "uv": [
            0.35,
            5.5,
            1.7,
            3.75
          ],
          "texture": "#0"
        },
        "south": {
          "uv": [
            0.35,
            5.5,
            1.7,
            3.75
          ],
          "texture": "#0"
        },
        "west": {
          "uv": [
            0.35,
            5.5,
            1.7,
            3.75
          ],
          "texture": "#0"
        },
        "up": {
          "uv": [
            0.35,
            7.25,
            1.7,
            5.5
          ],
          "rotation": 90,
          "texture": "#0"
        },
        "down": {
          "uv": [
            0.35,
            5.5,
            1.7,
            7.25
          ],
          "rotation": 270,
          "texture": "#0"
        }
      }
    },
    {
      "from": [
        -1.76136,
        11.0917,
        5.67444
      ],
      "to": [
        -1.76136,
        17.0917,
        9.75444
      ],
      "rotation": {
        "angle": -22.5,
        "axis": "z",
        "origin": [
          -1.76136,
          15.2917,
          7.71444
        ]
      },
      "faces": {
        "north": {
          "uv": [
            0.35,
            3.75,
            1.7,
            5.5
          ],
          "rotation": 270,
          "texture": "#0"
        },
        "east": {
          "uv": [
            1.7,
            10.5,
            0.35,
            13
          ],
          "texture": "#0"
        },
        "south": {
          "uv": [
            0.35,
            3.75,
            1.7,
            5.5
          ],
          "rotation": 90,
          "texture": "#0"
        },
        "west": {
          "uv": [
            1.7,
            13,
            0.35,
            10.5
          ],
          "rotation": 180,
          "texture": "#0"
        },
        "up": {
          "uv": [
            0.35,
            3.75,
            1.7,
            5.5
          ],
          "rotation": 90,
          "texture": "#0"
        },
        "down": {
          "uv": [
            0.35,
            3.75,
            1.7,
            5.5
          ],
          "rotation": 90,
          "texture": "#0"
        }
      }
    },
    {
      "from": [
        1.47194,
        19.49953,
        5.67444
      ],
      "to": [
        5.07194,
        19.49953,
        9.75444
      ],
      "rotation": {
        "angle": 0,
        "axis": "y",
        "origin": [
          3.27194,
          19.49953,
          7.71444
        ]
      },
      "faces": {
        "north": {
          "uv": [
            1.7,
            7.25,
            0.35,
            5.5
          ],
          "texture": "#0"
        },
        "east": {
          "uv": [
            1.7,
            5.5,
            0.35,
            3.75
          ],
          "texture": "#0"
        },
        "south": {
          "uv": [
            1.7,
            5.5,
            0.35,
            3.75
          ],
          "texture": "#0"
        },
        "west": {
          "uv": [
            1.7,
            5.5,
            0.35,
            3.75
          ],
          "texture": "#0"
        },
        "up": {
          "uv": [
            0.35,
            5.5,
            1.7,
            7.25
          ],
          "rotation": 90,
          "texture": "#0"
        },
        "down": {
          "uv": [
            0.35,
            7.25,
            1.7,
            5.5
          ],
          "rotation": 270,
          "texture": "#0"
        }
      }
    },
    {
      "from": [
        3.75444,
        17.76,
        5.67444
      ],
      "to": [
        7.35444,
        17.76,
        9.75444
      ],
      "rotation": {
        "angle": -45,
        "axis": "z",
        "origin": [
          6.51444,
          17.04,
          7.71444
        ]
      },
      "faces": {
        "north": {
          "uv": [
            1.7,
            5.5,
            0.35,
            3.75
          ],
          "texture": "#0"
        },
        "east": {
          "uv": [
            1.7,
            5.5,
            0.35,
            3.75
          ],
          "texture": "#0"
        },
        "south": {
          "uv": [
            1.7,
            5.5,
            0.35,
            3.75
          ],
          "texture": "#0"
        },
        "west": {
          "uv": [
            1.7,
            5.5,
            0.35,
            3.75
          ],
          "texture": "#0"
        },
        "up": {
          "uv": [
            0.35,
            3.75,
            1.7,
            5.5
          ],
          "rotation": 90,
          "texture": "#0"
        },
        "down": {
          "uv": [
            0.35,
            5.5,
            1.7,
            3.75
          ],
          "rotation": 270,
          "texture": "#0"
        }
      }
    },
    {
      "from": [
        -1.6,
        18.22709,
        5.67444
      ],
      "to": [
        2,
        18.22709,
        9.75444
      ],
      "rotation": {
        "angle": 45,
        "axis": "z",
        "origin": [
          0.2,
          18.22709,
          7.71444
        ]
      },
      "faces": {
        "north": {
          "uv": [
            1.7,
            5.5,
            0.35,
            3.75
          ],
          "texture": "#0"
        },
        "east": {
          "uv": [
            1.7,
            5.5,
            0.35,
            3.75
          ],
          "texture": "#0"
        },
        "south": {
          "uv": [
            1.7,
            5.5,
            0.35,
            3.75
          ],
          "texture": "#0"
        },
        "west": {
          "uv": [
            1.7,
            5.5,
            0.35,
            3.75
          ],
          "texture": "#0"
        },
        "up": {
          "uv": [
            0.35,
            8.25,
            1.7,
            10
          ],
          "rotation": 90,
          "texture": "#0"
        },
        "down": {
          "uv": [
            0.35,
            10,
            1.7,
            8.25
          ],
          "rotation": 270,
          "texture": "#0"
        }
      }
    },
    {
      "from": [
        5.86,
        18.22709,
        -1.58556
      ],
      "to": [
        9.94,
        18.22709,
        2.01444
      ],
      "rotation": {
        "angle": -45,
        "axis": "x",
        "origin": [
          7.9,
          18.22709,
          0.21444
        ]
      },
      "faces": {
        "north": {
          "uv": [
            1.7,
            5.5,
            0.35,
            3.75
          ],
          "texture": "#0"
        },
        "east": {
          "uv": [
            1.7,
            5.5,
            0.35,
            3.75
          ],
          "texture": "#0"
        },
        "south": {
          "uv": [
            1.7,
            5.5,
            0.35,
            3.75
          ],
          "texture": "#0"
        },
        "west": {
          "uv": [
            1.7,
            5.5,
            0.35,
            3.75
          ],
          "texture": "#0"
        },
        "up": {
          "uv": [
            0.35,
            8.25,
            1.7,
            10
          ],
          "rotation": 180,
          "texture": "#0"
        },
        "down": {
          "uv": [
            0.35,
            10,
            1.7,
            8.25
          ],
          "rotation": 180,
          "texture": "#0"
        }
      }
    },
    {
      "from": [
        5.86,
        11.0917,
        -1.74693
      ],
      "to": [
        9.94,
        17.0917,
        -1.74693
      ],
      "rotation": {
        "angle": 22.5,
        "axis": "x",
        "origin": [
          7.9,
          15.2917,
          -1.74693
        ]
      },
      "faces": {
        "north": {
          "uv": [
            1.7,
            13,
            0.35,
            10.5
          ],
          "rotation": 180,
          "texture": "#0"
        },
        "east": {
          "uv": [
            0.35,
            3.75,
            1.7,
            5.5
          ],
          "rotation": 270,
          "texture": "#0"
        },
        "south": {
          "uv": [
            1.7,
            10.5,
            0.35,
            13
          ],
          "texture": "#0"
        },
        "west": {
          "uv": [
            0.35,
            3.75,
            1.7,
            5.5
          ],
          "rotation": 90,
          "texture": "#0"
        },
        "up": {
          "uv": [
            0.35,
            3.75,
            1.7,
            5.5
          ],
          "rotation": 180,
          "texture": "#0"
        },
        "down": {
          "uv": [
            0.35,
            3.75,
            1.7,
            5.5
          ],
          "texture": "#0"
        }
      }
    },
    {
      "from": [
        5.86,
        19.49953,
        1.48638
      ],
      "to": [
        9.94,
        19.49953,
        5.08638
      ],
      "rotation": {
        "angle": 0,
        "axis": "y",
        "origin": [
          7.9,
          19.49953,
          3.28638
        ]
      },
      "faces": {
        "north": {
          "uv": [
            1.7,
            5.5,
            0.35,
            3.75
          ],
          "texture": "#0"
        },
        "east": {
          "uv": [
            1.7,
            7.25,
            0.35,
            5.5
          ],
          "texture": "#0"
        },
        "south": {
          "uv": [
            1.7,
            5.5,
            0.35,
            3.75
          ],
          "texture": "#0"
        },
        "west": {
          "uv": [
            1.7,
            5.5,
            0.35,
            3.75
          ],
          "texture": "#0"
        },
        "up": {
          "uv": [
            0.35,
            5.5,
            1.7,
            7.25
          ],
          "rotation": 180,
          "texture": "#0"
        },
        "down": {
          "uv": [
            0.35,
            7.25,
            1.7,
            5.5
          ],
          "rotation": 180,
          "texture": "#0"
        }
      }
    },
    {
      "from": [
        5.86,
        17.76,
        3.76887
      ],
      "to": [
        9.94,
        17.76,
        7.36887
      ],
      "rotation": {
        "angle": 45,
        "axis": "x",
        "origin": [
          7.9,
          17.04,
          6.52887
        ]
      },
      "faces": {
        "north": {
          "uv": [
            1.7,
            5.5,
            0.35,
            3.75
          ],
          "texture": "#0"
        },
        "east": {
          "uv": [
            1.7,
            5.5,
            0.35,
            3.75
          ],
          "texture": "#0"
        },
        "south": {
          "uv": [
            1.7,
            5.5,
            0.35,
            3.75
          ],
          "texture": "#0"
        },
        "west": {
          "uv": [
            1.7,
            5.5,
            0.35,
            3.75
          ],
          "texture": "#0"
        },
        "up": {
          "uv": [
            0.35,
            3.75,
            1.7,
            5.5
          ],
          "rotation": 180,
          "texture": "#0"
        },
        "down": {
          "uv": [
            0.35,
            5.5,
            1.7,
            3.75
          ],
          "rotation": 180,
          "texture": "#0"
        }
      }
    },
    {
      "from": [
        5.86,
        11.0917,
        17.74693
      ],
      "to": [
        9.94,
        17.0917,
        17.74693
      ],
      "rotation": {
        "angle": -22.5,
        "axis": "x",
        "origin": [
          7.9,
          15.2917,
          17.74693
        ]
      },
      "faces": {
        "north": {
          "uv": [
            0.35,
            10.5,
            1.7,
            13
          ],
          "texture": "#0"
        },
        "east": {
          "uv": [
            0.35,
            5.5,
            1.7,
            3.75
          ],
          "rotation": 270,
          "texture": "#0"
        },
        "south": {
          "uv": [
            0.35,
            13,
            1.7,
            10.5
          ],
          "rotation": 180,
          "texture": "#0"
        },
        "west": {
          "uv": [
            0.35,
            5.5,
            1.7,
            3.75
          ],
          "rotation": 90,
          "texture": "#0"
        },
        "up": {
          "uv": [
            0.35,
            5.5,
            1.7,
            3.75
          ],
          "rotation": 180,
          "texture": "#0"
        },
        "down": {
          "uv": [
            0.35,
            5.5,
            1.7,
            3.75
          ],
          "texture": "#0"
        }
      }
    },
    {
      "from": [
        5.86,
        19.49953,
        10.91362
      ],
      "to": [
        9.94,
        19.49953,
        14.51362
      ],
      "rotation": {
        "angle": 0,
        "axis": "y",
        "origin": [
          7.9,
          19.49953,
          12.71362
        ]
      },
      "faces": {
        "north": {
          "uv": [
            0.35,
            5.5,
            1.7,
            3.75
          ],
          "texture": "#0"
        },
        "east": {
          "uv": [
            0.35,
            7.25,
            1.7,
            5.5
          ],
          "texture": "#0"
        },
        "south": {
          "uv": [
            0.35,
            5.5,
            1.7,
            3.75
          ],
          "texture": "#0"
        },
        "west": {
          "uv": [
            0.35,
            5.5,
            1.7,
            3.75
          ],
          "texture": "#0"
        },
        "up": {
          "uv": [
            0.35,
            7.25,
            1.7,
            5.5
          ],
          "rotation": 180,
          "texture": "#0"
        },
        "down": {
          "uv": [
            0.35,
            5.5,
            1.7,
            7.25
          ],
          "rotation": 180,
          "texture": "#0"
        }
      }
    },
    {
      "from": [
        5.86,
        17.76,
        8.63113
      ],
      "to": [
        9.94,
        17.76,
        12.23113
      ],
      "rotation": {
        "angle": -45,
        "axis": "x",
        "origin": [
          7.9,
          17.04,
          9.47113
        ]
      },
      "faces": {
        "north": {
          "uv": [
            0.35,
            5.5,
            1.7,
            3.75
          ],
          "texture": "#0"
        },
        "east": {
          "uv": [
            0.35,
            5.5,
            1.7,
            3.75
          ],
          "texture": "#0"
        },
        "south": {
          "uv": [
            0.35,
            5.5,
            1.7,
            3.75
          ],
          "texture": "#0"
        },
        "west": {
          "uv": [
            0.35,
            5.5,
            1.7,
            3.75
          ],
          "texture": "#0"
        },
        "up": {
          "uv": [
            0.35,
            5.5,
            1.7,
            3.75
          ],
          "rotation": 180,
          "texture": "#0"
        },
        "down": {
          "uv": [
            0.35,
            3.75,
            1.7,
            5.5
          ],
          "rotation": 180,
          "texture": "#0"
        }
      }
    },
    {
      "from": [
        5.86,
        18.22709,
        13.98556
      ],
      "to": [
        9.94,
        18.22709,
        17.58556
      ],
      "rotation": {
        "angle": 45,
        "axis": "x",
        "origin": [
          7.9,
          18.22709,
          15.78556
        ]
      },
      "faces": {
        "north": {
          "uv": [
            0.35,
            5.5,
            1.7,
            3.75
          ],
          "texture": "#0"
        },
        "east": {
          "uv": [
            0.35,
            5.5,
            1.7,
            3.75
          ],
          "texture": "#0"
        },
        "south": {
          "uv": [
            0.35,
            5.5,
            1.7,
            3.75
          ],
          "texture": "#0"
        },
        "west": {
          "uv": [
            0.35,
            5.5,
            1.7,
            3.75
          ],
          "texture": "#0"
        },
        "up": {
          "uv": [
            0.35,
            10,
            1.7,
            8.25
          ],
          "rotation": 180,
          "texture": "#0"
        },
        "down": {
          "uv": [
            0.35,
            8.25,
            1.7,
            10
          ],
          "rotation": 180,
          "texture": "#0"
        }
      }
    }
  ],
  "gui_light": "front",
  "display": {
    "gui": {
      "rotation": [
        13.14,
        19.17,
        10.86
      ],
      "translation": [
        0,
        -2,
        0
      ],
      "scale": [
        0.8,
        0.8,
        0.8
      ]
    },
    "fixed": {
      "rotation": [
        -90,
        0,
        0
      ],
      "translation": [
        0,
        0,
        -20.25
      ],
      "scale": [
        3,
        3,
        3
      ]
    },
    "display": {
      "scale": [
        0.5,
        0.5,
        0.5
      ]
    },
    "thirdperson_righthand": {
      "rotation": [
        0.0,
        -180.0,
        0.0
      ],
      "translation": [
        0.0,
        2.75,
        0.75
      ],
      "scale": [
        0.4,
        0.4,
        0.4
      ]
    },
    "thirdperson_lefthand": {
      "rotation": [
        0.0,
        0.0,
        0.0
      ],
      "translation": [
        0.0,
        2.75,
        0.75
      ],
      "scale": [
        0.4,
        0.4,
        0.4
      ]
    },
    "firstperson_righthand": {
      "rotation": [
        0.0,
        140.0,
        0.0
      ],
      "translation": [
        3.5,
        2.5,
        0.0
      ],
      "scale": [
        0.4,
        0.4,
        0.4
      ]
    },
    "firstperson_lefthand": {
      "rotation": [
        0.0,
        -44.0,
        0.0
      ],
      "translation": [
        -1.0,
        4.25,
        2.75
      ],
      "scale": [
        0.4,
        0.4,
        0.4
      ]
    },
    "ground": {
      "translation": [
        0.0,
        2.0,
        0.0
      ],
      "scale": [
        0.5,
        0.5,
        0.5
      ]
    }
  }
}