{
  "credit": "Blockbench",
  "textures": {
    "1": "infinitecrops:item/crops/ore_crops/stage_4"
  },
  "elements": [
    {
      "from": [
        8.111,
        0,
        -0.88
      ],
      "to": [
        8.111,
        21.09,
        16.88
      ],
      "rotation": {
        "angle": 0,
        "axis": "y",
        "origin": [
          8,
          10.545,
          8
        ]
      },
      "faces": {
        "north": {
          "uv": [
            3,
            5.5,
            13,
            16
          ],
          "texture": "#1"
        },
        "east": {
          "uv": [
            3,
            5.5,
            13,
            16
          ],
          "texture": "#1"
        },
        "south": {
          "uv": [
            3,
            5.5,
            13,
            16
          ],
          "texture": "#1"
        },
        "west": {
          "uv": [
            3,
            5.5,
            13,
            16
          ],
          "texture": "#1"
        },
        "up": {
          "uv": [
            3,
            5.5,
            13,
            16
          ],
          "texture": "#1"
        },
        "down": {
          "uv": [
            3,
            5.5,
            13,
            16
          ],
          "texture": "#1"
        }
      }
    },
    {
      "from": [
        -0.769,
        0,
        8
      ],
      "to": [
        16.991,
        21.09,
        8
      ],
      "rotation": {
        "angle": 0,
        "axis": "y",
        "origin": [
          8.111,
          10.545,
          8
        ]
      },
      "faces": {
        "north": {
          "uv": [
            3,
            5.5,
            13,
            16
          ],
          "texture": "#1"
        },
        "east": {
          "uv": [
            3,
            5.5,
            13,
            16
          ],
          "texture": "#1"
        },
        "south": {
          "uv": [
            3,
            5.5,
            13,
            16
          ],
          "texture": "#1"
        },
        "west": {
          "uv": [
            3,
            5.5,
            13,
            16
          ],
          "texture": "#1"
        },
        "up": {
          "uv": [
            3,
            5.5,
            13,
            16
          ],
          "texture": "#1"
        },
        "down": {
          "uv": [
            3,
            5.5,
            13,
            16
          ],
          "texture": "#1"
        }
      }
    },
    {
      "from": [
        -0.769,
        0,
        8
      ],
      "to": [
        16.991,
        21.09,
        8
      ],
      "rotation": {
        "angle": -45,
        "axis": "y",
        "origin": [
          8.111,
          10.545,
          8
        ]
      },
      "faces": {
        "north": {
          "uv": [
            3,
            5.5,
            13,
            16
          ],
          "texture": "#1"
        },
        "east": {
          "uv": [
            3,
            5.5,
            13,
            16
          ],
          "texture": "#1"
        },
        "south": {
          "uv": [
            3,
            5.5,
            13,
            16
          ],
          "texture": "#1"
        },
        "west": {
          "uv": [
            3,
            5.5,
            13,
            16
          ],
          "texture": "#1"
        },
        "up": {
          "uv": [
            3,
            5.5,
            13,
            16
          ],
          "texture": "#1"
        },
        "down": {
          "uv": [
            3,
            5.5,
            13,
            16
          ],
          "texture": "#1"
        }
      }
    },
    {
      "from": [
        8.111,
        0,
        -0.88
      ],
      "to": [
        8.111,
        21.09,
        16.88
      ],
      "rotation": {
        "angle": -45,
        "axis": "y",
        "origin": [
          8.111,
          10.545,
          8
        ]
      },
      "faces": {
        "north": {
          "uv": [
            3,
            5.5,
            13,
            16
          ],
          "texture": "#1"
        },
        "east": {
          "uv": [
            3,
            5.5,
            13,
            16
          ],
          "texture": "#1"
        },
        "south": {
          "uv": [
            3,
            5.5,
            13,
            16
          ],
          "texture": "#1"
        },
        "west": {
          "uv": [
            3,
            5.5,
            13,
            16
          ],
          "texture": "#1"
        },
        "up": {
          "uv": [
            3,
            5.5,
            13,
            16
          ],
          "texture": "#1"
        },
        "down": {
          "uv": [
            3,
            5.5,
            13,
            16
          ],
          "texture": "#1"
        }
      }
    }
  ],
  "gui_light": "front",
  "display": {
    "thirdperson_righthand": {
      "translation": [
        0.0,
        2.75,
        0.75
      ],
      "rotation": [
        0.0,
        -180.0,
        0.0
      ],
      "scale": [
        0.4,
        0.4,
        0.4
      ]
    },
    "gui": {
      "rotation": [
        20.29,
        9.37,
        -3.46
      ],
      "translation": [
        0,
        -1.25,
        0
      ],
      "scale": [
        1,
        0.8,
        1
      ]
    },
    "fixed": {
      "rotation": [
        -90,
        0,
        0
      ],
      "translation": [
        0,
        0,
        -19
      ],
      "scale": [
        2.5,
        2.5,
        2.5
      ]
    },
    "display": {
      "scale": [
        0.5,
        0.5,
        0.5
      ]
    },
    "thirdperson_lefthand": {
      "rotation": [
        0.0,
        0.0,
        0.0
      ],
      "translation": [
        0.0,
        2.75,
        0.75
      ],
      "scale": [
        0.4,
        0.4,
        0.4
      ]
    },
    "firstperson_righthand": {
      "rotation": [
        0.0,
        140.0,
        0.0
      ],
      "translation": [
        3.5,
        2.5,
        0.0
      ],
      "scale": [
        0.4,
        0.4,
        0.4
      ]
    },
    "firstperson_lefthand": {
      "rotation": [
        0.0,
        -44.0,
        0.0
      ],
      "translation": [
        -1.0,
        4.25,
        2.75
      ],
      "scale": [
        0.4,
        0.4,
        0.4
      ]
    },
    "ground": {
      "translation": [
        0.0,
        2.0,
        0.0
      ],
      "scale": [
        0.5,
        0.5,
        0.5
      ]
    }
  }
}