{
  "credit": "Blockbench",
  "textures": {
    "1": "infinitecrops:item/crops/orange_tree/stage_1",
    "2": "infinitecrops:item/crops/orange_tree/orange",
    "particle": "infinitecrops:item/crops/orange_tree/orange"
  },
  "elements": [
    {
      "from": [
        6.3425,
        -14,
        6.674
      ],
      "to": [
        9.6575,
        5.89,
        9.989
      ],
      "rotation": {
        "angle": 0,
        "axis": "y",
        "origin": [
          -18.52,
          -14,
          -18.52
        ]
      },
      "faces": {
        "north": {
          "uv": [
            16,
            3.275,
            15.5,
            5.725
          ],
          "texture": "#1"
        },
        "east": {
          "uv": [
            15.5,
            3.275,
            16,
            5.725
          ],
          "texture": "#1"
        },
        "south": {
          "uv": [
            16,
            3.275,
            15.5,
            5.725
          ],
          "texture": "#1"
        },
        "west": {
          "uv": [
            15.5,
            3.275,
            16,
            5.725
          ],
          "texture": "#1"
        },
        "up": {
          "uv": [
            15.5,
            3.275,
            16,
            5.725
          ],
          "texture": "#1"
        },
        "down": {
          "uv": [
            15.5,
            3.275,
            16,
            5.725
          ],
          "texture": "#1"
        }
      }
    },
    {
      "from": [
        7.337,
        -14,
        8
      ],
      "to": [
        10.652,
        -12.011,
        14.63
      ],
      "rotation": {
        "angle": 22.5,
        "axis": "x",
        "origin": [
          9.6575,
          -13.0055,
          11.315
        ]
      },
      "faces": {
        "north": {
          "uv": [
            15.5,
            5.475,
            16,
            6.225
          ],
          "texture": "#1"
        },
        "east": {
          "uv": [
            15.75,
            5.475,
            15.5,
            6.225
          ],
          "texture": "#1"
        },
        "south": {
          "uv": [
            16,
            5.475,
            15.5,
            6.225
          ],
          "texture": "#1"
        },
        "west": {
          "uv": [
            16,
            5.475,
            15.75,
            6.225
          ],
          "texture": "#1"
        },
        "up": {
          "uv": [
            16,
            5.475,
            15.5,
            6.225
          ],
          "texture": "#1"
        },
        "down": {
          "uv": [
            16,
            5.475,
            15.5,
            6.225
          ],
          "texture": "#1"
        }
      }
    },
    {
      "from": [
        1.37,
        -14.663,
        8.3315
      ],
      "to": [
        8,
        -12.674,
        11.6465
      ],
      "rotation": {
        "angle": 22.5,
        "axis": "z",
        "origin": [
          2.3645,
          -13.0055,
          11.315
        ]
      },
      "faces": {
        "north": {
          "uv": [
            16,
            5.475,
            15.75,
            6.225
          ],
          "rotation": 90,
          "texture": "#1"
        },
        "east": {
          "uv": [
            15.5,
            5.475,
            16,
            6.225
          ],
          "texture": "#1"
        },
        "south": {
          "uv": [
            15.75,
            5.475,
            15.5,
            6.225
          ],
          "rotation": 90,
          "texture": "#1"
        },
        "west": {
          "uv": [
            16,
            5.475,
            15.5,
            6.225
          ],
          "texture": "#1"
        },
        "up": {
          "uv": [
            16,
            5.475,
            15.5,
            6.225
          ],
          "rotation": 90,
          "texture": "#1"
        },
        "down": {
          "uv": [
            15.5,
            5.475,
            16,
            6.225
          ],
          "rotation": 90,
          "texture": "#1"
        }
      }
    },
    {
      "from": [
        4.685,
        -14,
        1.37
      ],
      "to": [
        8,
        -12.011,
        8
      ],
      "rotation": {
        "angle": -22.5,
        "axis": "x",
        "origin": [
          9.6575,
          -13.0055,
          4.685
        ]
      },
      "faces": {
        "north": {
          "uv": [
            15.5,
            5.475,
            16,
            6.225
          ],
          "texture": "#1"
        },
        "east": {
          "uv": [
            15.5,
            5.475,
            15.75,
            6.225
          ],
          "texture": "#1"
        },
        "south": {
          "uv": [
            16,
            5.475,
            15.5,
            6.225
          ],
          "texture": "#1"
        },
        "west": {
          "uv": [
            15.75,
            5.475,
            16,
            6.225
          ],
          "texture": "#1"
        },
        "up": {
          "uv": [
            16,
            6.225,
            15.5,
            5.475
          ],
          "texture": "#1"
        },
        "down": {
          "uv": [
            16,
            6.225,
            15.5,
            5.475
          ],
          "texture": "#1"
        }
      }
    },
    {
      "from": [
        8.97757,
        -14.55972,
        5.0165
      ],
      "to": [
        15.60757,
        -12.57072,
        8.3315
      ],
      "rotation": {
        "angle": -22.5,
        "axis": "z",
        "origin": [
          13.95007,
          -8.92422,
          6.011
        ]
      },
      "faces": {
        "north": {
          "uv": [
            15.75,
            6.225,
            15.5,
            5.475
          ],
          "rotation": 90,
          "texture": "#1"
        },
        "east": {
          "uv": [
            16,
            5.475,
            15.5,
            6.225
          ],
          "texture": "#1"
        },
        "south": {
          "uv": [
            16,
            6.225,
            15.75,
            5.475
          ],
          "rotation": 90,
          "texture": "#1"
        },
        "west": {
          "uv": [
            15.5,
            5.475,
            16,
            6.225
          ],
          "texture": "#1"
        },
        "up": {
          "uv": [
            15.5,
            5.475,
            16,
            6.225
          ],
          "rotation": 90,
          "texture": "#1"
        },
        "down": {
          "uv": [
            16,
            5.475,
            15.5,
            6.225
          ],
          "rotation": 90,
          "texture": "#1"
        }
      }
    },
    {
      "from": [
        -0.8,
        12.43,
        -7.015
      ],
      "to": [
        15.7,
        27.5,
        8.385
      ],
      "rotation": {
        "angle": 0,
        "axis": "y",
        "origin": [
          -5.2,
          3.3,
          -5.2
        ]
      },
      "faces": {
        "north": {
          "uv": [
            0,
            0,
            2,
            2
          ],
          "texture": "#1"
        },
        "east": {
          "uv": [
            1.25,
            0.5,
            3.25,
            2.5
          ],
          "texture": "#1"
        },
        "south": {
          "uv": [
            0,
            0,
            2,
            2
          ],
          "texture": "#1"
        },
        "west": {
          "uv": [
            0,
            0,
            2,
            2
          ],
          "texture": "#1"
        },
        "up": {
          "uv": [
            0,
            0,
            2,
            2
          ],
          "texture": "#1"
        },
        "down": {
          "uv": [
            0,
            0,
            2,
            2
          ],
          "texture": "#1"
        }
      }
    },
    {
      "from": [
        -8.5,
        4.51,
        2.445
      ],
      "to": [
        8,
        19.58,
        17.845
      ],
      "rotation": {
        "angle": 0,
        "axis": "y",
        "origin": [
          -5.2,
          3.3,
          -5.2
        ]
      },
      "faces": {
        "north": {
          "uv": [
            0,
            0,
            2,
            2
          ],
          "texture": "#1"
        },
        "east": {
          "uv": [
            0,
            0,
            2,
            2
          ],
          "texture": "#1"
        },
        "south": {
          "uv": [
            0,
            0,
            2,
            2
          ],
          "texture": "#1"
        },
        "west": {
          "uv": [
            1.25,
            1.25,
            3.25,
            3.25
          ],
          "texture": "#1"
        },
        "up": {
          "uv": [
            0,
            0,
            2,
            2
          ],
          "texture": "#1"
        },
        "down": {
          "uv": [
            0,
            0,
            2,
            2
          ],
          "texture": "#1"
        }
      }
    },
    {
      "from": [
        5.5,
        0.71,
        -1.855
      ],
      "to": [
        22,
        15.78,
        13.545
      ],
      "rotation": {
        "angle": 0,
        "axis": "y",
        "origin": [
          -5.2,
          3.3,
          -5.2
        ]
      },
      "faces": {
        "north": {
          "uv": [
            0,
            0,
            2,
            2
          ],
          "texture": "#1"
        },
        "east": {
          "uv": [
            0,
            0,
            2,
            2
          ],
          "texture": "#1"
        },
        "south": {
          "uv": [
            0,
            0,
            2,
            2
          ],
          "texture": "#1"
        },
        "west": {
          "uv": [
            1.25,
            1.25,
            3.25,
            3.25
          ],
          "texture": "#1"
        },
        "up": {
          "uv": [
            0,
            0,
            2,
            2
          ],
          "texture": "#1"
        },
        "down": {
          "uv": [
            0,
            0,
            2,
            2
          ],
          "texture": "#1"
        }
      }
    },
    {
      "from": [
        3.6,
        8.25,
        8.165
      ],
      "to": [
        21.2,
        25.63,
        24.665
      ],
      "rotation": {
        "angle": 0,
        "axis": "y",
        "origin": [
          -5.2,
          3.3,
          -5.2
        ]
      },
      "faces": {
        "north": {
          "uv": [
            0,
            0,
            2.25,
            2
          ],
          "texture": "#1"
        },
        "east": {
          "uv": [
            0.75,
            2,
            3,
            4
          ],
          "texture": "#1"
        },
        "south": {
          "uv": [
            1.25,
            1.25,
            3.5,
            3.25
          ],
          "texture": "#1"
        },
        "west": {
          "uv": [
            0,
            0,
            2.25,
            2
          ],
          "texture": "#1"
        },
        "up": {
          "uv": [
            1.5,
            6.25,
            3.75,
            8.25
          ],
          "texture": "#1"
        },
        "down": {
          "uv": [
            0,
            0,
            2.25,
            2
          ],
          "texture": "#1"
        }
      }
    },
    {
      "from": [
        -14,
        2.2,
        10.2
      ],
      "to": [
        27.8,
        32,
        10.2
      ],
      "rotation": {
        "angle": -45,
        "axis": "y",
        "origin": [
          6.9,
          18.7,
          10.2
        ]
      },
      "faces": {
        "north": {
          "uv": [
            7.75,
            0.75,
            12.25,
            4.75
          ],
          "texture": "#1"
        },
        "east": {
          "uv": [
            7.75,
            0.75,
            12.25,
            4.75
          ],
          "texture": "#1"
        },
        "south": {
          "uv": [
            7.75,
            0.75,
            12.25,
            4.75
          ],
          "texture": "#1"
        },
        "west": {
          "uv": [
            7.75,
            0.75,
            12.25,
            4.75
          ],
          "texture": "#1"
        },
        "up": {
          "uv": [
            7.75,
            0.75,
            12.25,
            4.75
          ],
          "texture": "#1"
        },
        "down": {
          "uv": [
            7.75,
            0.75,
            12.25,
            4.75
          ],
          "texture": "#1"
        }
      }
    },
    {
      "from": [
        6.9,
        2.2,
        -10.7
      ],
      "to": [
        6.9,
        32,
        31.1
      ],
      "rotation": {
        "angle": -22.5,
        "axis": "y",
        "origin": [
          6.9,
          18.7,
          10.2
        ]
      },
      "faces": {
        "north": {
          "uv": [
            7.75,
            0.75,
            12.25,
            4.75
          ],
          "texture": "#1"
        },
        "east": {
          "uv": [
            7.75,
            0.75,
            12.25,
            4.75
          ],
          "texture": "#1"
        },
        "south": {
          "uv": [
            7.75,
            0.75,
            12.25,
            4.75
          ],
          "texture": "#1"
        },
        "west": {
          "uv": [
            7.75,
            0.75,
            12.25,
            4.75
          ],
          "texture": "#1"
        },
        "up": {
          "uv": [
            7.75,
            0.75,
            12.25,
            4.75
          ],
          "rotation": 270,
          "texture": "#1"
        },
        "down": {
          "uv": [
            7.75,
            0.75,
            12.25,
            4.75
          ],
          "rotation": 90,
          "texture": "#1"
        }
      }
    },
    {
      "from": [
        -14,
        2.2,
        10.2
      ],
      "to": [
        27.8,
        32,
        10.2
      ],
      "rotation": {
        "angle": 0,
        "axis": "y",
        "origin": [
          6.9,
          18.7,
          10.2
        ]
      },
      "faces": {
        "north": {
          "uv": [
            7.75,
            0.75,
            12.25,
            4.75
          ],
          "texture": "#1"
        },
        "east": {
          "uv": [
            7.75,
            0.75,
            12.25,
            4.75
          ],
          "texture": "#1"
        },
        "south": {
          "uv": [
            7.75,
            0.75,
            12.25,
            4.75
          ],
          "texture": "#1"
        },
        "west": {
          "uv": [
            7.75,
            0.75,
            12.25,
            4.75
          ],
          "texture": "#1"
        },
        "up": {
          "uv": [
            7.75,
            0.75,
            12.25,
            4.75
          ],
          "texture": "#1"
        },
        "down": {
          "uv": [
            7.75,
            0.75,
            12.25,
            4.75
          ],
          "texture": "#1"
        }
      }
    },
    {
      "from": [
        -4,
        -0.7,
        3
      ],
      "to": [
        1,
        1.9,
        8
      ],
      "rotation": {
        "angle": 0,
        "axis": "y",
        "origin": [
          -1.575,
          -2.175,
          -11.5
        ]
      },
      "faces": {
        "north": {
          "uv": [
            0,
            4,
            12,
            12
          ],
          "texture": "#2"
        },
        "east": {
          "uv": [
            0,
            4,
            12,
            12
          ],
          "texture": "#2"
        },
        "south": {
          "uv": [
            0,
            4,
            12,
            12
          ],
          "texture": "#2"
        },
        "west": {
          "uv": [
            0,
            4,
            12,
            12
          ],
          "texture": "#2"
        },
        "up": {
          "uv": [
            0,
            4,
            12,
            12
          ],
          "texture": "#2"
        },
        "down": {
          "uv": [
            0,
            4,
            12,
            12
          ],
          "texture": "#2"
        }
      }
    },
    {
      "from": [
        -3.5,
        -2.4,
        3.5
      ],
      "to": [
        0.5,
        -0.7,
        7.5
      ],
      "rotation": {
        "angle": 0,
        "axis": "y",
        "origin": [
          -1.575,
          -2.175,
          -11.5
        ]
      },
      "faces": {
        "north": {
          "uv": [
            4,
            8,
            16,
            12
          ],
          "texture": "#2"
        },
        "east": {
          "uv": [
            4,
            8,
            16,
            12
          ],
          "texture": "#2"
        },
        "south": {
          "uv": [
            4,
            8,
            16,
            12
          ],
          "texture": "#2"
        },
        "west": {
          "uv": [
            4,
            8,
            16,
            12
          ],
          "texture": "#2"
        },
        "up": {
          "uv": [
            4,
            8,
            16,
            12
          ],
          "texture": "#2"
        },
        "down": {
          "uv": [
            4,
            8,
            16,
            12
          ],
          "texture": "#2"
        }
      }
    },
    {
      "from": [
        -3.5,
        1.8,
        3.5
      ],
      "to": [
        0.5,
        3.5,
        7.5
      ],
      "rotation": {
        "angle": 0,
        "axis": "y",
        "origin": [
          -1.575,
          -2.175,
          -11.5
        ]
      },
      "faces": {
        "north": {
          "uv": [
            0,
            8,
            12,
            12
          ],
          "texture": "#2"
        },
        "east": {
          "uv": [
            0,
            8,
            12,
            12
          ],
          "texture": "#2"
        },
        "south": {
          "uv": [
            0,
            8,
            12,
            12
          ],
          "texture": "#2"
        },
        "west": {
          "uv": [
            0,
            8,
            12,
            12
          ],
          "texture": "#2"
        },
        "up": {
          "uv": [
            0,
            8,
            12,
            12
          ],
          "texture": "#2"
        },
        "down": {
          "uv": [
            0,
            8,
            12,
            12
          ],
          "texture": "#2"
        }
      }
    },
    {
      "from": [
        -2.1,
        3.5,
        5
      ],
      "to": [
        -1.2,
        4.8,
        6
      ],
      "rotation": {
        "angle": 0,
        "axis": "y",
        "origin": [
          -1.575,
          -2.175,
          -11.5
        ]
      },
      "faces": {
        "north": {
          "uv": [
            15.75,
            0,
            16,
            0.3
          ],
          "texture": "#1"
        },
        "east": {
          "uv": [
            15.75,
            0,
            16,
            0.3
          ],
          "texture": "#1"
        },
        "south": {
          "uv": [
            15.75,
            0,
            16,
            0.3
          ],
          "texture": "#1"
        },
        "west": {
          "uv": [
            15.75,
            0,
            16,
            0.3
          ],
          "texture": "#1"
        },
        "up": {
          "uv": [
            15.75,
            0,
            16,
            0.3
          ],
          "texture": "#1"
        },
        "down": {
          "uv": [
            15.75,
            0,
            16,
            0.3
          ],
          "texture": "#1"
        }
      }
    },
    {
      "from": [
        9.1,
        7.3,
        -8.4
      ],
      "to": [
        14.1,
        9.9,
        -3.4
      ],
      "rotation": {
        "angle": 22.5,
        "axis": "y",
        "origin": [
          11.525,
          9.3,
          -5.9
        ]
      },
      "faces": {
        "north": {
          "uv": [
            0,
            4,
            12,
            12
          ],
          "texture": "#2"
        },
        "east": {
          "uv": [
            0,
            4,
            12,
            12
          ],
          "texture": "#2"
        },
        "south": {
          "uv": [
            0,
            4,
            12,
            12
          ],
          "texture": "#2"
        },
        "west": {
          "uv": [
            0,
            4,
            12,
            12
          ],
          "texture": "#2"
        },
        "up": {
          "uv": [
            0,
            4,
            12,
            12
          ],
          "texture": "#2"
        },
        "down": {
          "uv": [
            0,
            4,
            12,
            12
          ],
          "texture": "#2"
        }
      }
    },
    {
      "from": [
        9.6,
        5.6,
        -7.9
      ],
      "to": [
        13.6,
        7.3,
        -3.9
      ],
      "rotation": {
        "angle": 22.5,
        "axis": "y",
        "origin": [
          11.525,
          9.3,
          -5.9
        ]
      },
      "faces": {
        "north": {
          "uv": [
            4,
            8,
            16,
            12
          ],
          "texture": "#2"
        },
        "east": {
          "uv": [
            4,
            8,
            16,
            12
          ],
          "texture": "#2"
        },
        "south": {
          "uv": [
            4,
            8,
            16,
            12
          ],
          "texture": "#2"
        },
        "west": {
          "uv": [
            4,
            8,
            16,
            12
          ],
          "texture": "#2"
        },
        "up": {
          "uv": [
            4,
            8,
            16,
            12
          ],
          "texture": "#2"
        },
        "down": {
          "uv": [
            4,
            8,
            16,
            12
          ],
          "texture": "#2"
        }
      }
    },
    {
      "from": [
        9.6,
        9.8,
        -7.9
      ],
      "to": [
        13.6,
        11.5,
        -3.9
      ],
      "rotation": {
        "angle": 22.5,
        "axis": "y",
        "origin": [
          11.525,
          9.3,
          -5.9
        ]
      },
      "faces": {
        "north": {
          "uv": [
            0,
            8,
            12,
            12
          ],
          "texture": "#2"
        },
        "east": {
          "uv": [
            0,
            8,
            12,
            12
          ],
          "texture": "#2"
        },
        "south": {
          "uv": [
            0,
            8,
            12,
            12
          ],
          "texture": "#2"
        },
        "west": {
          "uv": [
            0,
            8,
            12,
            12
          ],
          "texture": "#2"
        },
        "up": {
          "uv": [
            0,
            8,
            12,
            12
          ],
          "texture": "#2"
        },
        "down": {
          "uv": [
            0,
            8,
            12,
            12
          ],
          "texture": "#2"
        }
      }
    },
    {
      "from": [
        11,
        11.5,
        -6.4
      ],
      "to": [
        11.9,
        12.8,
        -5.4
      ],
      "rotation": {
        "angle": 22.5,
        "axis": "y",
        "origin": [
          11.525,
          9.3,
          -5.9
        ]
      },
      "faces": {
        "north": {
          "uv": [
            15.75,
            0,
            16,
            0.3
          ],
          "texture": "#1"
        },
        "east": {
          "uv": [
            15.75,
            0,
            16,
            0.3
          ],
          "texture": "#1"
        },
        "south": {
          "uv": [
            15.75,
            0,
            16,
            0.3
          ],
          "texture": "#1"
        },
        "west": {
          "uv": [
            15.75,
            0,
            16,
            0.3
          ],
          "texture": "#1"
        },
        "up": {
          "uv": [
            15.75,
            0,
            16,
            0.3
          ],
          "texture": "#1"
        },
        "down": {
          "uv": [
            15.75,
            0,
            16,
            0.3
          ],
          "texture": "#1"
        }
      }
    },
    {
      "from": [
        10.3,
        15.9,
        14.6
      ],
      "to": [
        15.3,
        18.5,
        19.6
      ],
      "rotation": {
        "angle": 22.5,
        "axis": "y",
        "origin": [
          11.525,
          9.3,
          -5.9
        ]
      },
      "faces": {
        "north": {
          "uv": [
            0,
            4,
            12,
            12
          ],
          "texture": "#2"
        },
        "east": {
          "uv": [
            0,
            4,
            12,
            12
          ],
          "texture": "#2"
        },
        "south": {
          "uv": [
            0,
            4,
            12,
            12
          ],
          "texture": "#2"
        },
        "west": {
          "uv": [
            0,
            4,
            12,
            12
          ],
          "texture": "#2"
        },
        "up": {
          "uv": [
            0,
            4,
            12,
            12
          ],
          "texture": "#2"
        },
        "down": {
          "uv": [
            0,
            4,
            12,
            12
          ],
          "texture": "#2"
        }
      }
    },
    {
      "from": [
        10.8,
        14.2,
        15.1
      ],
      "to": [
        14.8,
        15.9,
        19.1
      ],
      "rotation": {
        "angle": 22.5,
        "axis": "y",
        "origin": [
          11.525,
          9.3,
          -5.9
        ]
      },
      "faces": {
        "north": {
          "uv": [
            4,
            8,
            16,
            12
          ],
          "texture": "#2"
        },
        "east": {
          "uv": [
            4,
            8,
            16,
            12
          ],
          "texture": "#2"
        },
        "south": {
          "uv": [
            4,
            8,
            16,
            12
          ],
          "texture": "#2"
        },
        "west": {
          "uv": [
            4,
            8,
            16,
            12
          ],
          "texture": "#2"
        },
        "up": {
          "uv": [
            4,
            8,
            16,
            12
          ],
          "texture": "#2"
        },
        "down": {
          "uv": [
            4,
            8,
            16,
            12
          ],
          "texture": "#2"
        }
      }
    },
    {
      "from": [
        10.8,
        18.4,
        15.1
      ],
      "to": [
        14.8,
        20.1,
        19.1
      ],
      "rotation": {
        "angle": 22.5,
        "axis": "y",
        "origin": [
          11.525,
          9.3,
          -5.9
        ]
      },
      "faces": {
        "north": {
          "uv": [
            0,
            8,
            12,
            12
          ],
          "texture": "#2"
        },
        "east": {
          "uv": [
            0,
            8,
            12,
            12
          ],
          "texture": "#2"
        },
        "south": {
          "uv": [
            0,
            8,
            12,
            12
          ],
          "texture": "#2"
        },
        "west": {
          "uv": [
            0,
            8,
            12,
            12
          ],
          "texture": "#2"
        },
        "up": {
          "uv": [
            0,
            8,
            12,
            12
          ],
          "texture": "#2"
        },
        "down": {
          "uv": [
            0,
            8,
            12,
            12
          ],
          "texture": "#2"
        }
      }
    },
    {
      "from": [
        12.2,
        20.1,
        16.6
      ],
      "to": [
        13.1,
        21.4,
        17.6
      ],
      "rotation": {
        "angle": 22.5,
        "axis": "y",
        "origin": [
          11.525,
          9.3,
          -5.9
        ]
      },
      "faces": {
        "north": {
          "uv": [
            15.75,
            0,
            16,
            0.3
          ],
          "texture": "#1"
        },
        "east": {
          "uv": [
            15.75,
            0,
            16,
            0.3
          ],
          "texture": "#1"
        },
        "south": {
          "uv": [
            15.75,
            0,
            16,
            0.3
          ],
          "texture": "#1"
        },
        "west": {
          "uv": [
            15.75,
            0,
            16,
            0.3
          ],
          "texture": "#1"
        },
        "up": {
          "uv": [
            15.75,
            0,
            16,
            0.3
          ],
          "texture": "#1"
        },
        "down": {
          "uv": [
            15.75,
            0,
            16,
            0.3
          ],
          "texture": "#1"
        }
      }
    },
    {
      "from": [
        0.35484,
        14.2,
        22.81473
      ],
      "to": [
        5.35484,
        16.8,
        27.81473
      ],
      "rotation": {
        "angle": -22.5,
        "axis": "x",
        "origin": [
          11.17984,
          17.9,
          26.71473
        ]
      },
      "faces": {
        "north": {
          "uv": [
            0,
            4,
            12,
            12
          ],
          "texture": "#2"
        },
        "east": {
          "uv": [
            0,
            4,
            12,
            12
          ],
          "texture": "#2"
        },
        "south": {
          "uv": [
            0,
            4,
            12,
            12
          ],
          "texture": "#2"
        },
        "west": {
          "uv": [
            0,
            4,
            12,
            12
          ],
          "texture": "#2"
        },
        "up": {
          "uv": [
            0,
            4,
            12,
            12
          ],
          "texture": "#2"
        },
        "down": {
          "uv": [
            0,
            4,
            12,
            12
          ],
          "texture": "#2"
        }
      }
    },
    {
      "from": [
        0.85484,
        12.5,
        23.31473
      ],
      "to": [
        4.85484,
        14.2,
        27.31473
      ],
      "rotation": {
        "angle": -22.5,
        "axis": "x",
        "origin": [
          11.17984,
          17.9,
          26.71473
        ]
      },
      "faces": {
        "north": {
          "uv": [
            4,
            8,
            16,
            12
          ],
          "texture": "#2"
        },
        "east": {
          "uv": [
            4,
            8,
            16,
            12
          ],
          "texture": "#2"
        },
        "south": {
          "uv": [
            4,
            8,
            16,
            12
          ],
          "texture": "#2"
        },
        "west": {
          "uv": [
            4,
            8,
            16,
            12
          ],
          "texture": "#2"
        },
        "up": {
          "uv": [
            4,
            8,
            16,
            12
          ],
          "texture": "#2"
        },
        "down": {
          "uv": [
            4,
            8,
            16,
            12
          ],
          "texture": "#2"
        }
      }
    },
    {
      "from": [
        0.85484,
        16.7,
        23.31473
      ],
      "to": [
        4.85484,
        18.4,
        27.31473
      ],
      "rotation": {
        "angle": -22.5,
        "axis": "x",
        "origin": [
          11.17984,
          17.9,
          26.71473
        ]
      },
      "faces": {
        "north": {
          "uv": [
            0,
            8,
            12,
            12
          ],
          "texture": "#2"
        },
        "east": {
          "uv": [
            0,
            8,
            12,
            12
          ],
          "texture": "#2"
        },
        "south": {
          "uv": [
            0,
            8,
            12,
            12
          ],
          "texture": "#2"
        },
        "west": {
          "uv": [
            0,
            8,
            12,
            12
          ],
          "texture": "#2"
        },
        "up": {
          "uv": [
            0,
            8,
            12,
            12
          ],
          "texture": "#2"
        },
        "down": {
          "uv": [
            0,
            8,
            12,
            12
          ],
          "texture": "#2"
        }
      }
    },
    {
      "from": [
        2.25484,
        18.4,
        24.81473
      ],
      "to": [
        3.15484,
        19.7,
        25.81473
      ],
      "rotation": {
        "angle": -22.5,
        "axis": "x",
        "origin": [
          11.17984,
          17.9,
          26.71473
        ]
      },
      "faces": {
        "north": {
          "uv": [
            15.75,
            0,
            16,
            0.3
          ],
          "texture": "#1"
        },
        "east": {
          "uv": [
            15.75,
            0,
            16,
            0.3
          ],
          "texture": "#1"
        },
        "south": {
          "uv": [
            15.75,
            0,
            16,
            0.3
          ],
          "texture": "#1"
        },
        "west": {
          "uv": [
            15.75,
            0,
            16,
            0.3
          ],
          "texture": "#1"
        },
        "up": {
          "uv": [
            15.75,
            0,
            16,
            0.3
          ],
          "texture": "#1"
        },
        "down": {
          "uv": [
            15.75,
            0,
            16,
            0.3
          ],
          "texture": "#1"
        }
      }
    },
    {
      "from": [
        10.3,
        20.9,
        -1.4
      ],
      "to": [
        15.3,
        23.5,
        3.6
      ],
      "rotation": {
        "angle": 22.5,
        "axis": "y",
        "origin": [
          11.525,
          9.3,
          -5.9
        ]
      },
      "faces": {
        "north": {
          "uv": [
            0,
            4,
            12,
            12
          ],
          "texture": "#2"
        },
        "east": {
          "uv": [
            0,
            4,
            12,
            12
          ],
          "texture": "#2"
        },
        "south": {
          "uv": [
            0,
            4,
            12,
            12
          ],
          "texture": "#2"
        },
        "west": {
          "uv": [
            0,
            4,
            12,
            12
          ],
          "texture": "#2"
        },
        "up": {
          "uv": [
            0,
            4,
            12,
            12
          ],
          "texture": "#2"
        },
        "down": {
          "uv": [
            0,
            4,
            12,
            12
          ],
          "texture": "#2"
        }
      }
    },
    {
      "from": [
        10.8,
        19.2,
        -0.9
      ],
      "to": [
        14.8,
        20.9,
        3.1
      ],
      "rotation": {
        "angle": 22.5,
        "axis": "y",
        "origin": [
          11.525,
          9.3,
          -5.9
        ]
      },
      "faces": {
        "north": {
          "uv": [
            4,
            8,
            16,
            12
          ],
          "texture": "#2"
        },
        "east": {
          "uv": [
            4,
            8,
            16,
            12
          ],
          "texture": "#2"
        },
        "south": {
          "uv": [
            4,
            8,
            16,
            12
          ],
          "texture": "#2"
        },
        "west": {
          "uv": [
            4,
            8,
            16,
            12
          ],
          "texture": "#2"
        },
        "up": {
          "uv": [
            4,
            8,
            16,
            12
          ],
          "texture": "#2"
        },
        "down": {
          "uv": [
            4,
            8,
            16,
            12
          ],
          "texture": "#2"
        }
      }
    },
    {
      "from": [
        10.8,
        23.4,
        -0.9
      ],
      "to": [
        14.8,
        25.1,
        3.1
      ],
      "rotation": {
        "angle": 22.5,
        "axis": "y",
        "origin": [
          11.525,
          9.3,
          -5.9
        ]
      },
      "faces": {
        "north": {
          "uv": [
            0,
            8,
            12,
            12
          ],
          "texture": "#2"
        },
        "east": {
          "uv": [
            0,
            8,
            12,
            12
          ],
          "texture": "#2"
        },
        "south": {
          "uv": [
            0,
            8,
            12,
            12
          ],
          "texture": "#2"
        },
        "west": {
          "uv": [
            0,
            8,
            12,
            12
          ],
          "texture": "#2"
        },
        "up": {
          "uv": [
            0,
            8,
            12,
            12
          ],
          "texture": "#2"
        },
        "down": {
          "uv": [
            0,
            8,
            12,
            12
          ],
          "texture": "#2"
        }
      }
    },
    {
      "from": [
        12.2,
        25.1,
        0.6
      ],
      "to": [
        13.1,
        26.4,
        1.6
      ],
      "rotation": {
        "angle": 22.5,
        "axis": "y",
        "origin": [
          11.525,
          9.3,
          -5.9
        ]
      },
      "faces": {
        "north": {
          "uv": [
            15.75,
            0,
            16,
            0.3
          ],
          "texture": "#1"
        },
        "east": {
          "uv": [
            15.75,
            0,
            16,
            0.3
          ],
          "texture": "#1"
        },
        "south": {
          "uv": [
            15.75,
            0,
            16,
            0.3
          ],
          "texture": "#1"
        },
        "west": {
          "uv": [
            15.75,
            0,
            16,
            0.3
          ],
          "texture": "#1"
        },
        "up": {
          "uv": [
            15.75,
            0,
            16,
            0.3
          ],
          "texture": "#1"
        },
        "down": {
          "uv": [
            15.75,
            0,
            16,
            0.3
          ],
          "texture": "#1"
        }
      }
    },
    {
      "from": [
        -4,
        21.3,
        6.3
      ],
      "to": [
        1,
        23.9,
        11.3
      ],
      "rotation": {
        "angle": -22.5,
        "axis": "z",
        "origin": [
          -1.575,
          23.3,
          5.5
        ]
      },
      "faces": {
        "north": {
          "uv": [
            0,
            4,
            12,
            12
          ],
          "texture": "#2"
        },
        "east": {
          "uv": [
            0,
            4,
            12,
            12
          ],
          "texture": "#2"
        },
        "south": {
          "uv": [
            0,
            4,
            12,
            12
          ],
          "texture": "#2"
        },
        "west": {
          "uv": [
            0,
            4,
            12,
            12
          ],
          "texture": "#2"
        },
        "up": {
          "uv": [
            0,
            4,
            12,
            12
          ],
          "texture": "#2"
        },
        "down": {
          "uv": [
            0,
            4,
            12,
            12
          ],
          "texture": "#2"
        }
      }
    },
    {
      "from": [
        -3.5,
        19.6,
        6.8
      ],
      "to": [
        0.5,
        21.3,
        10.8
      ],
      "rotation": {
        "angle": -22.5,
        "axis": "z",
        "origin": [
          -1.575,
          23.3,
          5.5
        ]
      },
      "faces": {
        "north": {
          "uv": [
            4,
            8,
            16,
            12
          ],
          "texture": "#2"
        },
        "east": {
          "uv": [
            4,
            8,
            16,
            12
          ],
          "texture": "#2"
        },
        "south": {
          "uv": [
            4,
            8,
            16,
            12
          ],
          "texture": "#2"
        },
        "west": {
          "uv": [
            4,
            8,
            16,
            12
          ],
          "texture": "#2"
        },
        "up": {
          "uv": [
            4,
            8,
            16,
            12
          ],
          "texture": "#2"
        },
        "down": {
          "uv": [
            4,
            8,
            16,
            12
          ],
          "texture": "#2"
        }
      }
    },
    {
      "from": [
        -3.5,
        23.8,
        6.8
      ],
      "to": [
        0.5,
        25.5,
        10.8
      ],
      "rotation": {
        "angle": -22.5,
        "axis": "z",
        "origin": [
          -1.575,
          23.3,
          5.5
        ]
      },
      "faces": {
        "north": {
          "uv": [
            0,
            8,
            12,
            12
          ],
          "texture": "#2"
        },
        "east": {
          "uv": [
            0,
            8,
            12,
            12
          ],
          "texture": "#2"
        },
        "south": {
          "uv": [
            0,
            8,
            12,
            12
          ],
          "texture": "#2"
        },
        "west": {
          "uv": [
            0,
            8,
            12,
            12
          ],
          "texture": "#2"
        },
        "up": {
          "uv": [
            0,
            8,
            12,
            12
          ],
          "texture": "#2"
        },
        "down": {
          "uv": [
            0,
            8,
            12,
            12
          ],
          "texture": "#2"
        }
      }
    },
    {
      "from": [
        -2.1,
        25.5,
        8.3
      ],
      "to": [
        -1.2,
        26.8,
        9.3
      ],
      "rotation": {
        "angle": -22.5,
        "axis": "z",
        "origin": [
          -1.575,
          23.3,
          5.5
        ]
      },
      "faces": {
        "north": {
          "uv": [
            15.75,
            0,
            16,
            0.3
          ],
          "texture": "#1"
        },
        "east": {
          "uv": [
            15.75,
            0,
            16,
            0.3
          ],
          "texture": "#1"
        },
        "south": {
          "uv": [
            15.75,
            0,
            16,
            0.3
          ],
          "texture": "#1"
        },
        "west": {
          "uv": [
            15.75,
            0,
            16,
            0.3
          ],
          "texture": "#1"
        },
        "up": {
          "uv": [
            15.75,
            0,
            16,
            0.3
          ],
          "texture": "#1"
        },
        "down": {
          "uv": [
            15.75,
            0,
            16,
            0.3
          ],
          "texture": "#1"
        }
      }
    },
    {
      "from": [
        7.1,
        -12.7,
        0.1
      ],
      "to": [
        12.1,
        -10.1,
        5.1
      ],
      "rotation": {
        "angle": 45,
        "axis": "z",
        "origin": [
          10.425,
          -10.7,
          2.6
        ]
      },
      "faces": {
        "north": {
          "uv": [
            0,
            4,
            12,
            12
          ],
          "texture": "#2"
        },
        "east": {
          "uv": [
            0,
            4,
            12,
            12
          ],
          "texture": "#2"
        },
        "south": {
          "uv": [
            0,
            4,
            12,
            12
          ],
          "texture": "#2"
        },
        "west": {
          "uv": [
            0,
            4,
            12,
            12
          ],
          "texture": "#2"
        },
        "up": {
          "uv": [
            0,
            4,
            12,
            12
          ],
          "texture": "#2"
        },
        "down": {
          "uv": [
            0,
            4,
            12,
            12
          ],
          "texture": "#2"
        }
      }
    },
    {
      "from": [
        7.6,
        -14.4,
        0.6
      ],
      "to": [
        11.6,
        -12.7,
        4.6
      ],
      "rotation": {
        "angle": 45,
        "axis": "z",
        "origin": [
          10.425,
          -10.7,
          2.6
        ]
      },
      "faces": {
        "north": {
          "uv": [
            4,
            8,
            16,
            12
          ],
          "texture": "#2"
        },
        "east": {
          "uv": [
            4,
            8,
            16,
            12
          ],
          "texture": "#2"
        },
        "south": {
          "uv": [
            4,
            8,
            16,
            12
          ],
          "texture": "#2"
        },
        "west": {
          "uv": [
            4,
            8,
            16,
            12
          ],
          "texture": "#2"
        },
        "up": {
          "uv": [
            4,
            8,
            16,
            12
          ],
          "texture": "#2"
        },
        "down": {
          "uv": [
            4,
            8,
            16,
            12
          ],
          "texture": "#2"
        }
      }
    },
    {
      "from": [
        7.6,
        -10.2,
        0.6
      ],
      "to": [
        11.6,
        -8.5,
        4.6
      ],
      "rotation": {
        "angle": 45,
        "axis": "z",
        "origin": [
          10.425,
          -10.7,
          2.6
        ]
      },
      "faces": {
        "north": {
          "uv": [
            0,
            8,
            12,
            12
          ],
          "texture": "#2"
        },
        "east": {
          "uv": [
            0,
            8,
            12,
            12
          ],
          "texture": "#2"
        },
        "south": {
          "uv": [
            0,
            8,
            12,
            12
          ],
          "texture": "#2"
        },
        "west": {
          "uv": [
            0,
            8,
            12,
            12
          ],
          "texture": "#2"
        },
        "up": {
          "uv": [
            0,
            8,
            12,
            12
          ],
          "texture": "#2"
        },
        "down": {
          "uv": [
            0,
            8,
            12,
            12
          ],
          "texture": "#2"
        }
      }
    },
    {
      "from": [
        9,
        -8.5,
        2.1
      ],
      "to": [
        9.9,
        -7.2,
        3.1
      ],
      "rotation": {
        "angle": 45,
        "axis": "z",
        "origin": [
          10.425,
          -10.7,
          2.6
        ]
      },
      "faces": {
        "north": {
          "uv": [
            15.75,
            0,
            16,
            0.3
          ],
          "texture": "#1"
        },
        "east": {
          "uv": [
            15.75,
            0,
            16,
            0.3
          ],
          "texture": "#1"
        },
        "south": {
          "uv": [
            15.75,
            0,
            16,
            0.3
          ],
          "texture": "#1"
        },
        "west": {
          "uv": [
            15.75,
            0,
            16,
            0.3
          ],
          "texture": "#1"
        },
        "up": {
          "uv": [
            15.75,
            0,
            16,
            0.3
          ],
          "texture": "#1"
        },
        "down": {
          "uv": [
            15.75,
            0,
            16,
            0.3
          ],
          "texture": "#1"
        }
      }
    }
  ],
  "gui_light": "front",
  "display": {
    "gui": {
      "rotation": [
        8.12,
        14.5,
        13.02
      ],
      "scale": [
        0.4,
        0.4,
        0.4
      ]
    },
    "fixed": {
      "rotation": [
        -90,
        0,
        0
      ],
      "translation": [
        0.75,
        0,
        -43.5
      ],
      "scale": [
        2,
        2,
        2
      ]
    },
    "display": {
      "scale": [
        0.5,
        0.5,
        0.5
      ]
    },
    "thirdperson_righthand": {
      "rotation": [
        0.0,
        -180.0,
        0.0
      ],
      "translation": [
        0.0,
        2.75,
        0.75
      ],
      "scale": [
        0.4,
        0.4,
        0.4
      ]
    },
    "thirdperson_lefthand": {
      "rotation": [
        0.0,
        0.0,
        0.0
      ],
      "translation": [
        0.0,
        2.75,
        0.75
      ],
      "scale": [
        0.4,
        0.4,
        0.4
      ]
    },
    "firstperson_righthand": {
      "rotation": [
        0.0,
        140.0,
        0.0
      ],
      "translation": [
        3.5,
        2.5,
        0.0
      ],
      "scale": [
        0.4,
        0.4,
        0.4
      ]
    },
    "firstperson_lefthand": {
      "rotation": [
        0.0,
        -44.0,
        0.0
      ],
      "translation": [
        -1.0,
        4.25,
        2.75
      ],
      "scale": [
        0.4,
        0.4,
        0.4
      ]
    },
    "ground": {
      "translation": [
        0.0,
        2.0,
        0.0
      ],
      "scale": [
        0.5,
        0.5,
        0.5
      ]
    }
  },
  "groups": [
    0,
    1,
    2,
    3,
    4,
    5,
    6,
    7,
    8,
    9,
    10,
    11,
    {
      "name": "apple",
      "origin": [
        0,
        0,
        0
      ],
      "color": 0,
      "children": [
        12,
        13,
        14,
        15
      ]
    },
    {
      "name": "apple",
      "origin": [
        0,
        0,
        0
      ],
      "color": 0,
      "children": [
        16,
        17,
        18,
        19
      ]
    },
    {
      "name": "apple",
      "origin": [
        0,
        0,
        0
      ],
      "color": 0,
      "children": [
        20,
        21,
        22,
        23
      ]
    },
    {
      "name": "apple",
      "origin": [
        0,
        0,
        0
      ],
      "color": 0,
      "children": [
        24,
        25,
        26,
        27
      ]
    },
    {
      "name": "apple",
      "origin": [
        0,
        0,
        0
      ],
      "color": 0,
      "children": [
        28,
        29,
        30,
        31
      ]
    },
    {
      "name": "apple",
      "origin": [
        0,
        0,
        0
      ],
      "color": 0,
      "children": [
        32,
        33,
        34,
        35
      ]
    },
    {
      "name": "apple",
      "origin": [
        0,
        0,
        0
      ],
      "color": 0,
      "children": [
        36,
        37,
        38,
        39
      ]
    }
  ]
}