{
  "credit": "Blockbench",
  "textures": {
    "1": "infinitecrops:item/crops/orange_tree/stage_1"
  },
  "elements": [
    {
      "from": [
        7.025,
        0,
        7.22
      ],
      "to": [
        8.975,
        11.7,
        9.17
      ],
      "rotation": {
        "angle": 0,
        "axis": "y",
        "origin": [
          -7.6,
          0,
          -7.6
        ]
      },
      "faces": {
        "north": {
          "uv": [
            16,
            3.275,
            15.5,
            5.725
          ],
          "texture": "#1"
        },
        "east": {
          "uv": [
            15.5,
            3.275,
            16,
            5.725
          ],
          "texture": "#1"
        },
        "south": {
          "uv": [
            16,
            3.275,
            15.5,
            5.725
          ],
          "texture": "#1"
        },
        "west": {
          "uv": [
            15.5,
            3.275,
            16,
            5.725
          ],
          "texture": "#1"
        },
        "up": {
          "uv": [
            15.5,
            3.275,
            16,
            5.725
          ],
          "texture": "#1"
        },
        "down": {
          "uv": [
            15.5,
            3.275,
            16,
            5.725
          ],
          "texture": "#1"
        }
      }
    },
    {
      "from": [
        7.61,
        0,
        8
      ],
      "to": [
        9.56,
        1.17,
        11.9
      ],
      "rotation": {
        "angle": 22.5,
        "axis": "x",
        "origin": [
          8.975,
          0.585,
          9.95
        ]
      },
      "faces": {
        "north": {
          "uv": [
            15.5,
            5.475,
            16,
            6.225
          ],
          "texture": "#1"
        },
        "east": {
          "uv": [
            15.75,
            5.475,
            15.5,
            6.225
          ],
          "texture": "#1"
        },
        "south": {
          "uv": [
            16,
            5.475,
            15.5,
            6.225
          ],
          "texture": "#1"
        },
        "west": {
          "uv": [
            16,
            5.475,
            15.75,
            6.225
          ],
          "texture": "#1"
        },
        "up": {
          "uv": [
            16,
            5.475,
            15.5,
            6.225
          ],
          "texture": "#1"
        },
        "down": {
          "uv": [
            16,
            5.475,
            15.5,
            6.225
          ],
          "texture": "#1"
        }
      }
    },
    {
      "from": [
        4.1,
        -0.39,
        8.195
      ],
      "to": [
        8,
        0.78,
        10.145
      ],
      "rotation": {
        "angle": 22.5,
        "axis": "z",
        "origin": [
          4.685,
          0.585,
          9.95
        ]
      },
      "faces": {
        "north": {
          "uv": [
            16,
            5.475,
            15.75,
            6.225
          ],
          "rotation": 90,
          "texture": "#1"
        },
        "east": {
          "uv": [
            15.5,
            5.475,
            16,
            6.225
          ],
          "texture": "#1"
        },
        "south": {
          "uv": [
            15.75,
            5.475,
            15.5,
            6.225
          ],
          "rotation": 90,
          "texture": "#1"
        },
        "west": {
          "uv": [
            16,
            5.475,
            15.5,
            6.225
          ],
          "texture": "#1"
        },
        "up": {
          "uv": [
            16,
            5.475,
            15.5,
            6.225
          ],
          "rotation": 90,
          "texture": "#1"
        },
        "down": {
          "uv": [
            15.5,
            5.475,
            16,
            6.225
          ],
          "rotation": 90,
          "texture": "#1"
        }
      }
    },
    {
      "from": [
        6.05,
        0,
        4.1
      ],
      "to": [
        8,
        1.17,
        8
      ],
      "rotation": {
        "angle": -22.5,
        "axis": "x",
        "origin": [
          8.975,
          0.585,
          6.05
        ]
      },
      "faces": {
        "north": {
          "uv": [
            15.5,
            5.475,
            16,
            6.225
          ],
          "texture": "#1"
        },
        "east": {
          "uv": [
            15.5,
            5.475,
            15.75,
            6.225
          ],
          "texture": "#1"
        },
        "south": {
          "uv": [
            16,
            5.475,
            15.5,
            6.225
          ],
          "texture": "#1"
        },
        "west": {
          "uv": [
            15.75,
            5.475,
            16,
            6.225
          ],
          "texture": "#1"
        },
        "up": {
          "uv": [
            16,
            6.225,
            15.5,
            5.475
          ],
          "texture": "#1"
        },
        "down": {
          "uv": [
            16,
            6.225,
            15.5,
            5.475
          ],
          "texture": "#1"
        }
      }
    },
    {
      "from": [
        8.57504,
        -0.32925,
        6.245
      ],
      "to": [
        12.47504,
        0.84075,
        8.195
      ],
      "rotation": {
        "angle": -22.5,
        "axis": "z",
        "origin": [
          11.50004,
          2.98575,
          6.83
        ]
      },
      "faces": {
        "north": {
          "uv": [
            15.75,
            6.225,
            15.5,
            5.475
          ],
          "rotation": 90,
          "texture": "#1"
        },
        "east": {
          "uv": [
            16,
            5.475,
            15.5,
            6.225
          ],
          "texture": "#1"
        },
        "south": {
          "uv": [
            16,
            6.225,
            15.75,
            5.475
          ],
          "rotation": 90,
          "texture": "#1"
        },
        "west": {
          "uv": [
            15.5,
            5.475,
            16,
            6.225
          ],
          "texture": "#1"
        },
        "up": {
          "uv": [
            15.5,
            5.475,
            16,
            6.225
          ],
          "rotation": 90,
          "texture": "#1"
        },
        "down": {
          "uv": [
            16,
            5.475,
            15.5,
            6.225
          ],
          "rotation": 90,
          "texture": "#1"
        }
      }
    },
    {
      "from": [
        4,
        8.3,
        0.35
      ],
      "to": [
        12,
        17.3,
        9.35
      ],
      "rotation": {
        "angle": 0,
        "axis": "y",
        "origin": [
          -4,
          0,
          -4
        ]
      },
      "faces": {
        "north": {
          "uv": [
            0,
            0,
            2,
            2
          ],
          "texture": "#1"
        },
        "east": {
          "uv": [
            0,
            0,
            2,
            2
          ],
          "texture": "#1"
        },
        "south": {
          "uv": [
            0,
            0,
            2,
            2
          ],
          "texture": "#1"
        },
        "west": {
          "uv": [
            0,
            0,
            2,
            2
          ],
          "texture": "#1"
        },
        "up": {
          "uv": [
            0,
            0,
            2,
            2
          ],
          "texture": "#1"
        },
        "down": {
          "uv": [
            0,
            0,
            2,
            2
          ],
          "texture": "#1"
        }
      }
    },
    {
      "from": [
        7.4,
        5.9,
        7.3
      ],
      "to": [
        14.9,
        13.4,
        14.8
      ],
      "rotation": {
        "angle": 0,
        "axis": "y",
        "origin": [
          -4,
          0,
          -4
        ]
      },
      "faces": {
        "north": {
          "uv": [
            0.5,
            0,
            2,
            1.5
          ],
          "texture": "#1"
        },
        "east": {
          "uv": [
            0.5,
            0,
            2,
            1.5
          ],
          "texture": "#1"
        },
        "south": {
          "uv": [
            0.5,
            0,
            2,
            1.5
          ],
          "texture": "#1"
        },
        "west": {
          "uv": [
            0.5,
            0,
            2,
            1.5
          ],
          "texture": "#1"
        },
        "up": {
          "uv": [
            0.5,
            0,
            2,
            1.5
          ],
          "texture": "#1"
        },
        "down": {
          "uv": [
            0.5,
            0,
            2,
            1.5
          ],
          "texture": "#1"
        }
      }
    },
    {
      "from": [
        1.5,
        9.9,
        6.4
      ],
      "to": [
        8,
        16.4,
        12.9
      ],
      "rotation": {
        "angle": -45,
        "axis": "y",
        "origin": [
          5.65,
          13.15,
          11.55
        ]
      },
      "faces": {
        "north": {
          "uv": [
            0.25,
            1.75,
            1.75,
            3.25
          ],
          "texture": "#1"
        },
        "east": {
          "uv": [
            0.25,
            1.75,
            1.75,
            3.25
          ],
          "texture": "#1"
        },
        "south": {
          "uv": [
            2,
            0.5,
            3.5,
            2
          ],
          "texture": "#1"
        },
        "west": {
          "uv": [
            0.25,
            1.75,
            1.75,
            3.25
          ],
          "texture": "#1"
        },
        "up": {
          "uv": [
            0.25,
            1.75,
            1.75,
            3.25
          ],
          "texture": "#1"
        },
        "down": {
          "uv": [
            0.25,
            1.75,
            1.75,
            3.25
          ],
          "texture": "#1"
        }
      }
    },
    {
      "from": [
        9,
        5,
        -2.4
      ],
      "to": [
        9,
        21,
        16.6
      ],
      "rotation": {
        "angle": -22.5,
        "axis": "y",
        "origin": [
          9,
          13,
          7.1
        ]
      },
      "faces": {
        "north": {
          "uv": [
            1.25,
            5.5,
            4.5,
            9
          ],
          "texture": "#1"
        },
        "east": {
          "uv": [
            1.25,
            5.5,
            4.5,
            9
          ],
          "texture": "#1"
        },
        "south": {
          "uv": [
            1.25,
            5.5,
            4.5,
            9
          ],
          "texture": "#1"
        },
        "west": {
          "uv": [
            1.25,
            5.5,
            4.5,
            9
          ],
          "texture": "#1"
        },
        "up": {
          "uv": [
            1.25,
            5.5,
            4.5,
            9
          ],
          "texture": "#1"
        },
        "down": {
          "uv": [
            1.25,
            5.5,
            4.5,
            9
          ],
          "texture": "#1"
        }
      }
    },
    {
      "from": [
        -0.5,
        5,
        7.1
      ],
      "to": [
        18.5,
        21,
        7.1
      ],
      "rotation": {
        "angle": -45,
        "axis": "y",
        "origin": [
          9,
          13,
          7.1
        ]
      },
      "faces": {
        "north": {
          "uv": [
            1.25,
            5.5,
            4.5,
            9
          ],
          "texture": "#1"
        },
        "east": {
          "uv": [
            1.25,
            5.5,
            4.5,
            9
          ],
          "texture": "#1"
        },
        "south": {
          "uv": [
            1.25,
            5.5,
            4.5,
            9
          ],
          "texture": "#1"
        },
        "west": {
          "uv": [
            1.25,
            5.5,
            4.5,
            9
          ],
          "texture": "#1"
        },
        "up": {
          "uv": [
            1.25,
            5.5,
            4.5,
            9
          ],
          "rotation": 270,
          "texture": "#1"
        },
        "down": {
          "uv": [
            1.25,
            5.5,
            4.5,
            9
          ],
          "rotation": 90,
          "texture": "#1"
        }
      }
    }
  ],
  "gui_light": "front",
  "display": {
    "thirdperson_righthand": {
      "translation": [
        0.0,
        2.75,
        0.75
      ],
      "rotation": [
        0.0,
        -180.0,
        0.0
      ],
      "scale": [
        0.4,
        0.4,
        0.4
      ]
    },
    "thirdperson_lefthand": {
      "translation": [
        0.0,
        2.75,
        0.75
      ],
      "rotation": [
        0.0,
        0.0,
        0.0
      ],
      "scale": [
        0.4,
        0.4,
        0.4
      ]
    },
    "ground": {
      "translation": [
        0.0,
        2.0,
        0.0
      ],
      "scale": [
        0.5,
        0.5,
        0.5
      ]
    },
    "gui": {
      "rotation": [
        4.28,
        24.53,
        11.84
      ]
    },
    "fixed": {
      "rotation": [
        -90,
        0,
        0
      ],
      "translation": [
        0,
        0,
        -16
      ],
      "scale": [
        2,
        2,
        2
      ]
    },
    "display": {
      "scale": [
        0.4,
        0.4,
        0.4
      ]
    },
    "firstperson_righthand": {
      "rotation": [
        0.0,
        140.0,
        0.0
      ],
      "translation": [
        3.5,
        2.5,
        0.0
      ],
      "scale": [
        0.4,
        0.4,
        0.4
      ]
    },
    "firstperson_lefthand": {
      "rotation": [
        0.0,
        -44.0,
        0.0
      ],
      "translation": [
        -1.0,
        4.25,
        2.75
      ],
      "scale": [
        0.4,
        0.4,
        0.4
      ]
    }
  }
}