{
  "parent": "infinitecrops:item/sprinklers/sprinkler_1",
  "textures": {
    "0": "infinitecrops:item/sprinklers/sprinkler_2_animation"
  },
  "display": {
    "display": {
      "scale": [
        0.7,
        0.7,
        0.7
      ]
    },
    "thirdperson_righthand": {
      "rotation": [
        0.0,
        0.0,
        0.0
      ],
      "translation": [
        0.0,
        1.75,
        -0.5
      ],
      "scale": [
        0.7,
        0.7,
        0.7
      ]
    },
    "thirdperson_lefthand": {
      "rotation": [
        0.0,
        0.0,
        0.0
      ],
      "translation": [
        0.0,
        1.75,
        -0.5
      ],
      "scale": [
        0.7,
        0.7,
        0.7
      ]
    },
    "firstperson_righthand": {
      "rotation": [
        0.0,
        0.0,
        0.0
      ],
      "translation": [
        4.0,
        3.5,
        0.0
      ],
      "scale": [
        0.6,
        0.6,
        0.6
      ]
    },
    "firstperson_lefthand": {
      "rotation": [
        0.0,
        0.0,
        0.0
      ],
      "translation": [
        4.0,
        3.5,
        0.0
      ],
      "scale": [
        0.6,
        0.6,
        0.6
      ]
    },
    "ground": {
      "translation": [
        0.0,
        3.0,
        0.0
      ],
      "scale": [
        0.7,
        0.7,
        0.7
      ]
    }
  }
}