{
  "credit": "XiaoMoMi",
  "textures": {
    "0": "infinitecrops:item/sprinklers/sprinkler_1",
    "particle": "infinitecrops:item/sprinklers/sprinkler_1"
  },
  "elements": [
    {
      "from": [
        7,
        7,
        1.55166
      ],
      "to": [
        9,
        9,
        13.55166
      ],
      "faces": {
        "north": {
          "uv": [
            5,
            0,
            14.9,
            2
          ],
          "texture": "#0"
        },
        "east": {
          "uv": [
            5,
            0,
            14.9,
            2
          ],
          "texture": "#0"
        },
        "south": {
          "uv": [
            5,
            0,
            14.9,
            2
          ],
          "texture": "#0"
        },
        "west": {
          "uv": [
            5,
            0,
            14.9,
            2
          ],
          "texture": "#0"
        },
        "up": {
          "uv": [
            5,
            0,
            14.9,
            1
          ],
          "rotation": 90,
          "texture": "#0"
        },
        "down": {
          "uv": [
            5,
            1,
            14.9,
            2
          ],
          "rotation": 90,
          "texture": "#0"
        }
      }
    },
    {
      "from": [
        7.4,
        0,
        6.9
      ],
      "to": [
        8.6,
        4,
        8.2
      ],
      "faces": {
        "north": {
          "uv": [
            10,
            13.5,
            11,
            16
          ],
          "texture": "#0"
        },
        "east": {
          "uv": [
            10,
            13.5,
            11,
            16
          ],
          "texture": "#0"
        },
        "south": {
          "uv": [
            10,
            13.5,
            11,
            16
          ],
          "texture": "#0"
        },
        "west": {
          "uv": [
            10,
            13.5,
            11,
            16
          ],
          "texture": "#0"
        },
        "up": {
          "uv": [
            10,
            13.5,
            11,
            16
          ],
          "texture": "#0"
        },
        "down": {
          "uv": [
            10,
            13.5,
            11,
            16
          ],
          "texture": "#0"
        }
      }
    },
    {
      "from": [
        6.9,
        3,
        6.4
      ],
      "to": [
        9.1,
        7,
        8.8
      ],
      "faces": {
        "north": {
          "uv": [
            10,
            8,
            12,
            12
          ],
          "texture": "#0"
        },
        "east": {
          "uv": [
            12,
            8,
            10,
            12
          ],
          "texture": "#0"
        },
        "south": {
          "uv": [
            10,
            8,
            12,
            12
          ],
          "texture": "#0"
        },
        "west": {
          "uv": [
            12,
            8,
            10,
            12
          ],
          "texture": "#0"
        },
        "up": {
          "uv": [
            10,
            8,
            12,
            9
          ],
          "texture": "#0"
        },
        "down": {
          "uv": [
            10,
            11,
            12,
            12
          ],
          "texture": "#0"
        }
      }
    },
    {
      "from": [
        6,
        6,
        1
      ],
      "to": [
        10,
        10,
        2
      ],
      "rotation": {
        "angle": 0,
        "axis": "z",
        "origin": [
          8,
          8,
          1.5
        ]
      },
      "faces": {
        "north": {
          "uv": [
            0,
            0,
            4,
            4
          ],
          "texture": "#0"
        },
        "east": {
          "uv": [
            0,
            0,
            1,
            4
          ],
          "texture": "#0"
        },
        "south": {
          "uv": [
            0,
            0,
            4,
            4
          ],
          "texture": "#0"
        },
        "west": {
          "uv": [
            3,
            0,
            4,
            4
          ],
          "texture": "#0"
        },
        "up": {
          "uv": [
            0,
            0,
            4,
            1
          ],
          "texture": "#0"
        },
        "down": {
          "uv": [
            0,
            3,
            4,
            4
          ],
          "texture": "#0"
        }
      }
    },
    {
      "from": [
        6,
        6,
        13.5
      ],
      "to": [
        10,
        10,
        14.5
      ],
      "faces": {
        "north": {
          "uv": [
            0,
            0,
            4,
            4
          ],
          "texture": "#0"
        },
        "east": {
          "uv": [
            0,
            0,
            1,
            4
          ],
          "texture": "#0"
        },
        "south": {
          "uv": [
            0,
            0,
            4,
            4
          ],
          "texture": "#0"
        },
        "west": {
          "uv": [
            3,
            0,
            4,
            4
          ],
          "texture": "#0"
        },
        "up": {
          "uv": [
            0,
            0,
            4,
            1
          ],
          "texture": "#0"
        },
        "down": {
          "uv": [
            0,
            3,
            4,
            4
          ],
          "texture": "#0"
        }
      }
    },
    {
      "from": [
        13.85,
        6,
        5.65
      ],
      "to": [
        14.85,
        10,
        9.65
      ],
      "rotation": {
        "angle": 0,
        "axis": "y",
        "origin": [
          8,
          8,
          7.75
        ]
      },
      "faces": {
        "north": {
          "uv": [
            0,
            0,
            1,
            4
          ],
          "texture": "#0"
        },
        "east": {
          "uv": [
            0,
            0,
            4,
            4
          ],
          "texture": "#0"
        },
        "south": {
          "uv": [
            3,
            0,
            4,
            4
          ],
          "texture": "#0"
        },
        "west": {
          "uv": [
            0,
            0,
            4,
            4
          ],
          "texture": "#0"
        },
        "up": {
          "uv": [
            0,
            0,
            4,
            1
          ],
          "rotation": 270,
          "texture": "#0"
        },
        "down": {
          "uv": [
            0,
            3,
            4,
            4
          ],
          "rotation": 90,
          "texture": "#0"
        }
      }
    },
    {
      "from": [
        1.35,
        6,
        5.65
      ],
      "to": [
        2.35,
        10,
        9.65
      ],
      "rotation": {
        "angle": 0,
        "axis": "y",
        "origin": [
          8,
          8,
          7.75
        ]
      },
      "faces": {
        "north": {
          "uv": [
            0,
            0,
            1,
            4
          ],
          "texture": "#0"
        },
        "east": {
          "uv": [
            0,
            0,
            4,
            4
          ],
          "texture": "#0"
        },
        "south": {
          "uv": [
            3,
            0,
            4,
            4
          ],
          "texture": "#0"
        },
        "west": {
          "uv": [
            0,
            0,
            4,
            4
          ],
          "texture": "#0"
        },
        "up": {
          "uv": [
            0,
            0,
            4,
            1
          ],
          "rotation": 270,
          "texture": "#0"
        },
        "down": {
          "uv": [
            0,
            3,
            4,
            4
          ],
          "rotation": 90,
          "texture": "#0"
        }
      }
    },
    {
      "from": [
        1.90166,
        7,
        6.65
      ],
      "to": [
        13.90166,
        9,
        8.65
      ],
      "rotation": {
        "angle": 0,
        "axis": "y",
        "origin": [
          8,
          8,
          7.75
        ]
      },
      "faces": {
        "north": {
          "uv": [
            5,
            0,
            14.9,
            2
          ],
          "texture": "#0"
        },
        "east": {
          "uv": [
            5,
            0,
            14.9,
            2
          ],
          "texture": "#0"
        },
        "south": {
          "uv": [
            5,
            0,
            14.9,
            2
          ],
          "texture": "#0"
        },
        "west": {
          "uv": [
            5,
            0,
            14.9,
            2
          ],
          "texture": "#0"
        },
        "up": {
          "uv": [
            5,
            0,
            14.9,
            1
          ],
          "texture": "#0"
        },
        "down": {
          "uv": [
            5,
            1,
            14.9,
            2
          ],
          "rotation": 180,
          "texture": "#0"
        }
      }
    },
    {
      "from": [
        7,
        7,
        1.55166
      ],
      "to": [
        9,
        9,
        13.55166
      ],
      "rotation": {
        "angle": -45,
        "axis": "y",
        "origin": [
          8.1,
          8,
          7.75
        ]
      },
      "faces": {
        "north": {
          "uv": [
            5,
            2,
            14.9,
            4
          ],
          "texture": "#0"
        },
        "east": {
          "uv": [
            5,
            2,
            14.9,
            4
          ],
          "texture": "#0"
        },
        "south": {
          "uv": [
            5,
            2,
            14.9,
            4
          ],
          "texture": "#0"
        },
        "west": {
          "uv": [
            5,
            2,
            14.9,
            4
          ],
          "texture": "#0"
        },
        "up": {
          "uv": [
            5,
            2,
            14.9,
            3
          ],
          "rotation": 90,
          "texture": "#0"
        },
        "down": {
          "uv": [
            5,
            3,
            14.9,
            4
          ],
          "rotation": 90,
          "texture": "#0"
        }
      }
    },
    {
      "from": [
        1.90166,
        7,
        6.65
      ],
      "to": [
        13.90166,
        9,
        8.65
      ],
      "rotation": {
        "angle": -45,
        "axis": "y",
        "origin": [
          8.1,
          8,
          7.75
        ]
      },
      "faces": {
        "north": {
          "uv": [
            5,
            2,
            14.9,
            4
          ],
          "texture": "#0"
        },
        "east": {
          "uv": [
            5,
            2,
            14.9,
            4
          ],
          "texture": "#0"
        },
        "south": {
          "uv": [
            5,
            2,
            14.9,
            4
          ],
          "texture": "#0"
        },
        "west": {
          "uv": [
            5,
            2,
            14.9,
            4
          ],
          "texture": "#0"
        },
        "up": {
          "uv": [
            5,
            2,
            14.9,
            3
          ],
          "texture": "#0"
        },
        "down": {
          "uv": [
            5,
            3,
            14.9,
            4
          ],
          "rotation": 180,
          "texture": "#0"
        }
      }
    },
    {
      "from": [
        1.35,
        6,
        5.65
      ],
      "to": [
        2.35,
        10,
        9.65
      ],
      "rotation": {
        "angle": -45,
        "axis": "y",
        "origin": [
          8.1,
          8,
          7.75
        ]
      },
      "faces": {
        "north": {
          "uv": [
            0,
            4,
            1,
            8
          ],
          "texture": "#0"
        },
        "east": {
          "uv": [
            0,
            4,
            4,
            8
          ],
          "texture": "#0"
        },
        "south": {
          "uv": [
            3,
            4,
            4,
            8
          ],
          "texture": "#0"
        },
        "west": {
          "uv": [
            0,
            4,
            4,
            8
          ],
          "texture": "#0"
        },
        "up": {
          "uv": [
            0,
            4,
            4,
            5
          ],
          "rotation": 270,
          "texture": "#0"
        },
        "down": {
          "uv": [
            0,
            7,
            4,
            8
          ],
          "rotation": 90,
          "texture": "#0"
        }
      }
    },
    {
      "from": [
        6,
        6,
        13.5
      ],
      "to": [
        10,
        10,
        14.5
      ],
      "rotation": {
        "angle": -45,
        "axis": "y",
        "origin": [
          8.1,
          8,
          7.75
        ]
      },
      "faces": {
        "north": {
          "uv": [
            0,
            4,
            4,
            8
          ],
          "texture": "#0"
        },
        "east": {
          "uv": [
            0,
            4,
            1,
            8
          ],
          "texture": "#0"
        },
        "south": {
          "uv": [
            0,
            4,
            4,
            8
          ],
          "texture": "#0"
        },
        "west": {
          "uv": [
            3,
            4,
            4,
            8
          ],
          "texture": "#0"
        },
        "up": {
          "uv": [
            0,
            4,
            4,
            5
          ],
          "texture": "#0"
        },
        "down": {
          "uv": [
            0,
            7,
            4,
            8
          ],
          "texture": "#0"
        }
      }
    },
    {
      "from": [
        13.85,
        6,
        5.65
      ],
      "to": [
        14.85,
        10,
        9.65
      ],
      "rotation": {
        "angle": -45,
        "axis": "y",
        "origin": [
          8.1,
          8,
          7.75
        ]
      },
      "faces": {
        "north": {
          "uv": [
            0,
            4,
            1,
            8
          ],
          "texture": "#0"
        },
        "east": {
          "uv": [
            0,
            4,
            4,
            8
          ],
          "texture": "#0"
        },
        "south": {
          "uv": [
            3,
            4,
            4,
            8
          ],
          "texture": "#0"
        },
        "west": {
          "uv": [
            0,
            4,
            4,
            8
          ],
          "texture": "#0"
        },
        "up": {
          "uv": [
            0,
            4,
            4,
            5
          ],
          "rotation": 270,
          "texture": "#0"
        },
        "down": {
          "uv": [
            0,
            7,
            4,
            8
          ],
          "rotation": 90,
          "texture": "#0"
        }
      }
    },
    {
      "from": [
        6,
        6,
        1
      ],
      "to": [
        10,
        10,
        2
      ],
      "rotation": {
        "angle": -45,
        "axis": "y",
        "origin": [
          8.1,
          8,
          7.75
        ]
      },
      "faces": {
        "north": {
          "uv": [
            0,
            4,
            4,
            8
          ],
          "texture": "#0"
        },
        "east": {
          "uv": [
            0,
            4,
            1,
            8
          ],
          "texture": "#0"
        },
        "south": {
          "uv": [
            0,
            4,
            4,
            8
          ],
          "texture": "#0"
        },
        "west": {
          "uv": [
            3,
            4,
            4,
            8
          ],
          "texture": "#0"
        },
        "up": {
          "uv": [
            0,
            4,
            4,
            5
          ],
          "texture": "#0"
        },
        "down": {
          "uv": [
            0,
            7,
            4,
            8
          ],
          "texture": "#0"
        }
      }
    }
  ],
  "gui_light": "front",
  "display": {
    "ground": {
      "translation": [
        0.0,
        3.0,
        0.0
      ],
      "scale": [
        0.7,
        0.7,
        0.7
      ]
    },
    "gui": {
      "rotation": [
        30,
        45,
        0
      ],
      "scale": [
        0.8,
        0.8,
        0.8
      ]
    },
    "head": {
      "translation": [
        0,
        -31,
        0
      ],
      "scale": [
        1.5,
        1.5,
        1.5
      ]
    },
    "fixed": {
      "rotation": [
        -90,
        0,
        0
      ],
      "translation": [
        0,
        0,
        -16
      ],
      "scale": [
        2,
        2,
        2
      ]
    },
    "display": {
      "scale": [
        0.6,
        0.6,
        0.6
      ]
    },
    "thirdperson_righthand": {
      "rotation": [
        0.0,
        0.0,
        0.0
      ],
      "translation": [
        0.0,
        1.75,
        -0.5
      ],
      "scale": [
        0.7,
        0.7,
        0.7
      ]
    },
    "thirdperson_lefthand": {
      "rotation": [
        0.0,
        0.0,
        0.0
      ],
      "translation": [
        0.0,
        1.75,
        -0.5
      ],
      "scale": [
        0.7,
        0.7,
        0.7
      ]
    },
    "firstperson_righthand": {
      "rotation": [
        0.0,
        0.0,
        0.0
      ],
      "translation": [
        4.0,
        3.5,
        0.0
      ],
      "scale": [
        0.6,
        0.6,
        0.6
      ]
    },
    "firstperson_lefthand": {
      "rotation": [
        0.0,
        0.0,
        0.0
      ],
      "translation": [
        4.0,
        3.5,
        0.0
      ],
      "scale": [
        0.6,
        0.6,
        0.6
      ]
    }
  }
}