{
	"credit": "Cha_Shao",
	"textures": {
		"1": "infinitecrops:item/sprinklers/water_effect"
	},
	"elements": [
		{
			"from": [-4, -0.92893, -0.38528],
			"to": [20, 15.07107, -0.38528],
			"rotation": {"angle": -45, "axis": "x", "origin": [8, 7.07107, -0.38528]},
			"faces": {
				"north": {"uv": [12, 5, 0, 13], "texture": "#1"},
				"east": {"uv": [0, 0, 0, 16], "texture": "#1"},
				"south": {"uv": [0, 5, 12, 13], "texture": "#1"},
				"west": {"uv": [0, 0, 0, 16], "texture": "#1"},
				"up": {"uv": [0, 0, 16, 0], "texture": "#1"},
				"down": {"uv": [0, 0, 16, 0], "texture": "#1"}
			}
		},
		{
			"from": [16.48528, -0.92893, -3.9],
			"to": [16.48528, 15.07107, 20.1],
			"rotation": {"angle": -45, "axis": "z", "origin": [16.48528, 7.07107, 8.1]},
			"faces": {
				"north": {"uv": [0, 0, 0, 16], "texture": "#1"},
				"east": {"uv": [12, 5, 0, 13], "texture": "#1"},
				"south": {"uv": [0, 0, 0, 16], "texture": "#1"},
				"west": {"uv": [0, 5, 12, 13], "texture": "#1"},
				"up": {"uv": [0, 0, 16, 0], "rotation": 90, "texture": "#1"},
				"down": {"uv": [0, 0, 16, 0], "rotation": 270, "texture": "#1"}
			}
		},
		{
			"from": [-4, -0.92893, 16.58528],
			"to": [20, 15.07107, 16.58528],
			"rotation": {"angle": 45, "axis": "x", "origin": [8, 7.07107, 16.58528]},
			"faces": {
				"north": {"uv": [0, 5, 12, 13], "texture": "#1"},
				"east": {"uv": [0, 0, 0, 16], "texture": "#1"},
				"south": {"uv": [12, 5, 0, 13], "texture": "#1"},
				"west": {"uv": [0, 0, 0, 16], "texture": "#1"},
				"up": {"uv": [0, 0, 16, 0], "rotation": 180, "texture": "#1"},
				"down": {"uv": [0, 0, 16, 0], "rotation": 180, "texture": "#1"}
			}
		},
		{
			"from": [-0.48528, -0.92893, -3.9],
			"to": [-0.48528, 15.07107, 20.1],
			"rotation": {"angle": 45, "axis": "z", "origin": [-0.48528, 7.07107, 8.1]},
			"faces": {
				"north": {"uv": [0, 0, 0, 16], "texture": "#1"},
				"east": {"uv": [0, 5, 12, 13], "texture": "#1"},
				"south": {"uv": [0, 0, 0, 16], "texture": "#1"},
				"west": {"uv": [12, 5, 0, 13], "texture": "#1"},
				"up": {"uv": [0, 0, 16, 0], "rotation": 270, "texture": "#1"},
				"down": {"uv": [0, 0, 16, 0], "rotation": 90, "texture": "#1"}
			}
		},
		{
			"from": [-4, 12.7, -16],
			"to": [20, 12.7, -6],
			"rotation": {"angle": -22.5, "axis": "x", "origin": [8, 12.7, -6]},
			"faces": {
				"north": {"uv": [0, 0, 16, 0], "rotation": 180, "texture": "#1"},
				"east": {"uv": [0, 0, 0, 10], "rotation": 90, "texture": "#1"},
				"south": {"uv": [0, 0, 16, 0], "texture": "#1"},
				"west": {"uv": [0, 0, 0, 10], "rotation": 270, "texture": "#1"},
				"up": {"uv": [0, 0, 12, 5], "texture": "#1"},
				"down": {"uv": [0, 5, 12, 0], "texture": "#1"}
			}
		},
		{
			"from": [22, 12.7, -4],
			"to": [32, 12.7, 20],
			"rotation": {"angle": -22.5, "axis": "z", "origin": [22, 12.7, 8]},
			"faces": {
				"north": {"uv": [0, 0, 0, 10], "rotation": 270, "texture": "#1"},
				"east": {"uv": [0, 0, 16, 0], "rotation": 180, "texture": "#1"},
				"south": {"uv": [0, 0, 0, 10], "rotation": 90, "texture": "#1"},
				"west": {"uv": [0, 0, 16, 0], "texture": "#1"},
				"up": {"uv": [0, 0, 12, 5], "rotation": 90, "texture": "#1"},
				"down": {"uv": [0, 5, 12, 0], "rotation": 270, "texture": "#1"}
			}
		},
		{
			"from": [-4, 12.7, 22],
			"to": [20, 12.7, 32],
			"rotation": {"angle": 22.5, "axis": "x", "origin": [8, 12.7, 22]},
			"faces": {
				"north": {"uv": [0, 0, 16, 0], "texture": "#1"},
				"east": {"uv": [0, 0, 0, 10], "rotation": 270, "texture": "#1"},
				"south": {"uv": [0, 0, 16, 0], "rotation": 180, "texture": "#1"},
				"west": {"uv": [0, 0, 0, 10], "rotation": 90, "texture": "#1"},
				"up": {"uv": [0, 0, 12, 5], "rotation": 180, "texture": "#1"},
				"down": {"uv": [0, 5, 12, 0], "rotation": 180, "texture": "#1"}
			}
		},
		{
			"from": [-16, 12.7, -4],
			"to": [-6, 12.7, 20],
			"rotation": {"angle": 22.5, "axis": "z", "origin": [-6, 12.7, 8]},
			"faces": {
				"north": {"uv": [0, 0, 0, 10], "rotation": 90, "texture": "#1"},
				"east": {"uv": [0, 0, 16, 0], "texture": "#1"},
				"south": {"uv": [0, 0, 0, 10], "rotation": 270, "texture": "#1"},
				"west": {"uv": [0, 0, 16, 0], "rotation": 180, "texture": "#1"},
				"up": {"uv": [0, 0, 12, 5], "rotation": 270, "texture": "#1"},
				"down": {"uv": [0, 5, 12, 0], "rotation": 90, "texture": "#1"}
			}
		}
	],
	"display": {
		"head": {
			"translation": [0, -35, 0],
			"scale": [1.6, 1.6, 1.6]
		}
	}
}