{
  "credit": "Blockbench",
  "textures": {
    "1": "infinitecrops:item/crops/corn/stage_2",
    "2": "infinitecrops:item/crops/corn/leaf",
    "particle": "infinitecrops:item/crops/corn/leaf"
  },
  "elements": [
    {
      "from": [
        8,
        0,
        0
      ],
      "to": [
        8,
        16,
        16
      ],
      "faces": {
        "north": {
          "uv": [
            0,
            0,
            0,
            16
          ],
          "texture": "#1"
        },
        "east": {
          "uv": [
            0,
            0,
            16,
            16
          ],
          "texture": "#1"
        },
        "south": {
          "uv": [
            0,
            0,
            0,
            16
          ],
          "texture": "#1"
        },
        "west": {
          "uv": [
            16,
            0,
            0,
            16
          ],
          "texture": "#1"
        },
        "up": {
          "uv": [
            0,
            0,
            16,
            0
          ],
          "rotation": 270,
          "texture": "#1"
        },
        "down": {
          "uv": [
            0,
            0,
            16,
            0
          ],
          "rotation": 90,
          "texture": "#1"
        }
      }
    },
    {
      "from": [
        0,
        0,
        8
      ],
      "to": [
        16,
        16,
        8
      ],
      "faces": {
        "north": {
          "uv": [
            0,
            0,
            16,
            16
          ],
          "texture": "#1"
        },
        "east": {
          "uv": [
            0,
            0,
            0,
            16
          ],
          "texture": "#1"
        },
        "south": {
          "uv": [
            0,
            0,
            16,
            16
          ],
          "texture": "#1"
        },
        "west": {
          "uv": [
            0,
            0,
            0,
            16
          ],
          "texture": "#1"
        },
        "up": {
          "uv": [
            0,
            0,
            16,
            0
          ],
          "texture": "#1"
        },
        "down": {
          "uv": [
            0,
            0,
            16,
            0
          ],
          "texture": "#1"
        }
      }
    },
    {
      "from": [
        6.8,
        15.37757,
        5.86947
      ],
      "to": [
        9.3,
        15.37757,
        9.86947
      ],
      "rotation": {
        "angle": 22.5,
        "axis": "x",
        "origin": [
          -5.7,
          19.37757,
          5.06947
        ]
      },
      "faces": {
        "north": {
          "uv": [
            4.57143,
            10.51429,
            11.42857,
            16
          ],
          "texture": "#2"
        },
        "east": {
          "uv": [
            4.57143,
            10.51429,
            11.42857,
            16
          ],
          "texture": "#2"
        },
        "south": {
          "uv": [
            4.57143,
            10.51429,
            11.42857,
            16
          ],
          "texture": "#2"
        },
        "west": {
          "uv": [
            4.57143,
            10.51429,
            11.42857,
            16
          ],
          "texture": "#2"
        },
        "up": {
          "uv": [
            4.57143,
            10.51429,
            11.42857,
            16
          ],
          "texture": "#2"
        },
        "down": {
          "uv": [
            4.57143,
            16,
            11.42857,
            10.51429
          ],
          "texture": "#2"
        }
      }
    },
    {
      "from": [
        6.8,
        14.61054,
        1.13084
      ],
      "to": [
        9.3,
        14.61054,
        4.43084
      ],
      "rotation": {
        "angle": -22.5,
        "axis": "x",
        "origin": [
          8.3,
          14.61054,
          2.43084
        ]
      },
      "faces": {
        "north": {
          "uv": [
            4.57143,
            4.34286,
            11.42857,
            10.74286
          ],
          "texture": "#2"
        },
        "east": {
          "uv": [
            4.57143,
            4.34286,
            11.42857,
            10.74286
          ],
          "texture": "#2"
        },
        "south": {
          "uv": [
            4.57143,
            4.34286,
            11.42857,
            10.74286
          ],
          "texture": "#2"
        },
        "west": {
          "uv": [
            4.57143,
            4.34286,
            11.42857,
            10.74286
          ],
          "texture": "#2"
        },
        "up": {
          "uv": [
            4.57143,
            4.34286,
            11.42857,
            10.74286
          ],
          "texture": "#2"
        },
        "down": {
          "uv": [
            4.57143,
            10.74286,
            11.42857,
            4.34286
          ],
          "texture": "#2"
        }
      }
    },
    {
      "from": [
        6.8,
        15.37757,
        6.13053
      ],
      "to": [
        9.3,
        15.37757,
        10.13053
      ],
      "rotation": {
        "angle": -22.5,
        "axis": "x",
        "origin": [
          -5.7,
          19.37757,
          10.93053
        ]
      },
      "faces": {
        "north": {
          "uv": [
            11.42857,
            10.51429,
            4.57143,
            16
          ],
          "texture": "#2"
        },
        "east": {
          "uv": [
            11.42857,
            10.51429,
            4.57143,
            16
          ],
          "texture": "#2"
        },
        "south": {
          "uv": [
            11.42857,
            10.51429,
            4.57143,
            16
          ],
          "texture": "#2"
        },
        "west": {
          "uv": [
            11.42857,
            10.51429,
            4.57143,
            16
          ],
          "texture": "#2"
        },
        "up": {
          "uv": [
            4.57143,
            16,
            11.42857,
            10.51429
          ],
          "texture": "#2"
        },
        "down": {
          "uv": [
            4.57143,
            10.51429,
            11.42857,
            16
          ],
          "texture": "#2"
        }
      }
    },
    {
      "from": [
        6.8,
        14.61054,
        11.56916
      ],
      "to": [
        9.3,
        14.61054,
        14.86916
      ],
      "rotation": {
        "angle": 22.5,
        "axis": "x",
        "origin": [
          8.3,
          14.61054,
          13.56916
        ]
      },
      "faces": {
        "north": {
          "uv": [
            11.42857,
            4.34286,
            4.57143,
            10.74286
          ],
          "texture": "#2"
        },
        "east": {
          "uv": [
            11.42857,
            4.34286,
            4.57143,
            10.74286
          ],
          "texture": "#2"
        },
        "south": {
          "uv": [
            11.42857,
            4.34286,
            4.57143,
            10.74286
          ],
          "texture": "#2"
        },
        "west": {
          "uv": [
            11.42857,
            4.34286,
            4.57143,
            10.74286
          ],
          "texture": "#2"
        },
        "up": {
          "uv": [
            4.57143,
            10.74286,
            11.42857,
            4.34286
          ],
          "texture": "#2"
        },
        "down": {
          "uv": [
            4.57143,
            4.34286,
            11.42857,
            10.74286
          ],
          "texture": "#2"
        }
      }
    },
    {
      "from": [
        1.1,
        14.61054,
        6.86916
      ],
      "to": [
        4.4,
        14.61054,
        9.36916
      ],
      "rotation": {
        "angle": 22.5,
        "axis": "z",
        "origin": [
          2.4,
          14.61054,
          8.36916
        ]
      },
      "faces": {
        "north": {
          "uv": [
            11.42857,
            4.34286,
            4.57143,
            10.74286
          ],
          "texture": "#2"
        },
        "east": {
          "uv": [
            11.42857,
            4.34286,
            4.57143,
            10.74286
          ],
          "texture": "#2"
        },
        "south": {
          "uv": [
            11.42857,
            4.34286,
            4.57143,
            10.74286
          ],
          "texture": "#2"
        },
        "west": {
          "uv": [
            11.42857,
            4.34286,
            4.57143,
            10.74286
          ],
          "texture": "#2"
        },
        "up": {
          "uv": [
            4.57143,
            10.74286,
            11.42857,
            4.34286
          ],
          "rotation": 90,
          "texture": "#2"
        },
        "down": {
          "uv": [
            4.57143,
            4.34286,
            11.42857,
            10.74286
          ],
          "rotation": 270,
          "texture": "#2"
        }
      }
    },
    {
      "from": [
        5.83862,
        15.37757,
        6.86916
      ],
      "to": [
        9.83862,
        15.37757,
        9.36916
      ],
      "rotation": {
        "angle": -22.5,
        "axis": "z",
        "origin": [
          5.03862,
          19.37757,
          -5.63084
        ]
      },
      "faces": {
        "north": {
          "uv": [
            11.42857,
            10.51429,
            4.57143,
            16
          ],
          "texture": "#2"
        },
        "east": {
          "uv": [
            11.42857,
            10.51429,
            4.57143,
            16
          ],
          "texture": "#2"
        },
        "south": {
          "uv": [
            11.42857,
            10.51429,
            4.57143,
            16
          ],
          "texture": "#2"
        },
        "west": {
          "uv": [
            11.42857,
            10.51429,
            4.57143,
            16
          ],
          "texture": "#2"
        },
        "up": {
          "uv": [
            4.57143,
            16,
            11.42857,
            10.51429
          ],
          "rotation": 90,
          "texture": "#2"
        },
        "down": {
          "uv": [
            4.57143,
            10.51429,
            11.42857,
            16
          ],
          "rotation": 270,
          "texture": "#2"
        }
      }
    },
    {
      "from": [
        6.16138,
        15.37757,
        6.86916
      ],
      "to": [
        10.16138,
        15.37757,
        9.36916
      ],
      "rotation": {
        "angle": 22.5,
        "axis": "z",
        "origin": [
          10.96138,
          19.37757,
          -5.63084
        ]
      },
      "faces": {
        "north": {
          "uv": [
            4.57143,
            10.51429,
            11.42857,
            16
          ],
          "texture": "#2"
        },
        "east": {
          "uv": [
            4.57143,
            10.51429,
            11.42857,
            16
          ],
          "texture": "#2"
        },
        "south": {
          "uv": [
            4.57143,
            10.51429,
            11.42857,
            16
          ],
          "texture": "#2"
        },
        "west": {
          "uv": [
            4.57143,
            10.51429,
            11.42857,
            16
          ],
          "texture": "#2"
        },
        "up": {
          "uv": [
            4.57143,
            10.51429,
            11.42857,
            16
          ],
          "rotation": 90,
          "texture": "#2"
        },
        "down": {
          "uv": [
            4.57143,
            16,
            11.42857,
            10.51429
          ],
          "rotation": 270,
          "texture": "#2"
        }
      }
    },
    {
      "from": [
        11.6,
        14.61054,
        6.86916
      ],
      "to": [
        14.9,
        14.61054,
        9.36916
      ],
      "rotation": {
        "angle": -22.5,
        "axis": "z",
        "origin": [
          13.6,
          14.61054,
          8.36916
        ]
      },
      "faces": {
        "north": {
          "uv": [
            4.57143,
            4.34286,
            11.42857,
            10.74286
          ],
          "texture": "#2"
        },
        "east": {
          "uv": [
            4.57143,
            4.34286,
            11.42857,
            10.74286
          ],
          "texture": "#2"
        },
        "south": {
          "uv": [
            4.57143,
            4.34286,
            11.42857,
            10.74286
          ],
          "texture": "#2"
        },
        "west": {
          "uv": [
            4.57143,
            4.34286,
            11.42857,
            10.74286
          ],
          "texture": "#2"
        },
        "up": {
          "uv": [
            4.57143,
            4.34286,
            11.42857,
            10.74286
          ],
          "rotation": 90,
          "texture": "#2"
        },
        "down": {
          "uv": [
            4.57143,
            10.74286,
            11.42857,
            4.34286
          ],
          "rotation": 270,
          "texture": "#2"
        }
      }
    }
  ],
  "gui_light": "front",
  "display": {
    "gui": {
      "rotation": [
        -1.25,
        10.68,
        6.88
      ],
      "translation": [
        0,
        -1.75,
        0
      ],
      "scale": [
        0.7,
        0.7,
        1
      ]
    },
    "fixed": {
      "rotation": [
        -90,
        0,
        0
      ],
      "translation": [
        0,
        0,
        -18.25
      ],
      "scale": [
        2.1,
        2.4,
        2.1
      ]
    },
    "display": {
      "scale": [
        0.5,
        0.5,
        0.5
      ]
    },
    "thirdperson_righthand": {
      "rotation": [
        0.0,
        -180.0,
        0.0
      ],
      "translation": [
        0.0,
        2.75,
        0.75
      ],
      "scale": [
        0.4,
        0.4,
        0.4
      ]
    },
    "thirdperson_lefthand": {
      "rotation": [
        0.0,
        0.0,
        0.0
      ],
      "translation": [
        0.0,
        2.75,
        0.75
      ],
      "scale": [
        0.4,
        0.4,
        0.4
      ]
    },
    "firstperson_righthand": {
      "rotation": [
        0.0,
        140.0,
        0.0
      ],
      "translation": [
        3.5,
        2.5,
        0.0
      ],
      "scale": [
        0.4,
        0.4,
        0.4
      ]
    },
    "firstperson_lefthand": {
      "rotation": [
        0.0,
        -44.0,
        0.0
      ],
      "translation": [
        -1.0,
        4.25,
        2.75
      ],
      "scale": [
        0.4,
        0.4,
        0.4
      ]
    },
    "ground": {
      "translation": [
        0.0,
        2.0,
        0.0
      ],
      "scale": [
        0.5,
        0.5,
        0.5
      ]
    }
  }
}