{
  "credit": "Blockbench",
  "textures": {
    "1": "infinitecrops:item/crops/corn/stage_3",
    "2": "infinitecrops:item/crops/corn/leaf",
    "3": "infinitecrops:item/crops/corn/corn",
    "particle": "infinitecrops:item/crops/corn/leaf"
  },
  "elements": [
    {
      "from": [
        8.1,
        0,
        0.8
      ],
      "to": [
        8.1,
        24,
        15.2
      ],
      "faces": {
        "north": {
          "uv": [
            0,
            0,
            0,
            16
          ],
          "texture": "#1"
        },
        "east": {
          "uv": [
            0,
            0,
            16,
            16
          ],
          "texture": "#1"
        },
        "south": {
          "uv": [
            0,
            0,
            0,
            16
          ],
          "texture": "#1"
        },
        "west": {
          "uv": [
            16,
            0,
            0,
            16
          ],
          "texture": "#1"
        },
        "up": {
          "uv": [
            0,
            0,
            16,
            0
          ],
          "rotation": 270,
          "texture": "#1"
        },
        "down": {
          "uv": [
            0,
            0,
            16,
            0
          ],
          "rotation": 90,
          "texture": "#1"
        }
      }
    },
    {
      "from": [
        1,
        0,
        8
      ],
      "to": [
        15.2,
        24,
        8
      ],
      "faces": {
        "north": {
          "uv": [
            0,
            0,
            16,
            16
          ],
          "texture": "#1"
        },
        "east": {
          "uv": [
            0,
            0,
            0,
            16
          ],
          "texture": "#1"
        },
        "south": {
          "uv": [
            0,
            0,
            16,
            16
          ],
          "texture": "#1"
        },
        "west": {
          "uv": [
            0,
            0,
            0,
            16
          ],
          "texture": "#1"
        },
        "up": {
          "uv": [
            0,
            0,
            16,
            0
          ],
          "texture": "#1"
        },
        "down": {
          "uv": [
            0,
            0,
            16,
            0
          ],
          "texture": "#1"
        }
      }
    },
    {
      "from": [
        7.4,
        8.1864,
        8.81152
      ],
      "to": [
        8.8,
        11.0864,
        10.11152
      ],
      "rotation": {
        "angle": 45,
        "axis": "x",
        "origin": [
          8.1,
          9.6364,
          9.16152
        ]
      },
      "faces": {
        "north": {
          "uv": [
            5.27778,
            0,
            0,
            16
          ],
          "texture": "#3"
        },
        "east": {
          "uv": [
            5.27778,
            0,
            0,
            16
          ],
          "texture": "#3"
        },
        "south": {
          "uv": [
            5.27778,
            0,
            0,
            16
          ],
          "texture": "#3"
        },
        "west": {
          "uv": [
            5.27778,
            0,
            0,
            16
          ],
          "texture": "#3"
        },
        "up": {
          "uv": [
            5.27778,
            0,
            0,
            5.33333
          ],
          "texture": "#3"
        },
        "down": {
          "uv": [
            5.27778,
            13.68889,
            0,
            16
          ],
          "texture": "#3"
        }
      }
    },
    {
      "from": [
        1.88,
        8.54949,
        6.98224
      ],
      "to": [
        4.85,
        8.54949,
        9.23224
      ],
      "rotation": {
        "angle": 22.5,
        "axis": "z",
        "origin": [
          3.05,
          8.54949,
          8.33224
        ]
      },
      "faces": {
        "north": {
          "uv": [
            11.42857,
            4.34286,
            4.57143,
            10.74286
          ],
          "texture": "#2"
        },
        "east": {
          "uv": [
            11.42857,
            4.34286,
            4.57143,
            10.74286
          ],
          "texture": "#2"
        },
        "south": {
          "uv": [
            11.42857,
            4.34286,
            4.57143,
            10.74286
          ],
          "texture": "#2"
        },
        "west": {
          "uv": [
            11.42857,
            4.34286,
            4.57143,
            10.74286
          ],
          "texture": "#2"
        },
        "up": {
          "uv": [
            4.57143,
            10.74286,
            11.42857,
            4.34286
          ],
          "rotation": 90,
          "texture": "#2"
        },
        "down": {
          "uv": [
            4.57143,
            4.34286,
            11.42857,
            10.74286
          ],
          "rotation": 270,
          "texture": "#2"
        }
      }
    },
    {
      "from": [
        6.14476,
        9.23981,
        6.98224
      ],
      "to": [
        9.74476,
        9.23981,
        9.23224
      ],
      "rotation": {
        "angle": -22.5,
        "axis": "z",
        "origin": [
          5.42476,
          12.83981,
          -4.26776
        ]
      },
      "faces": {
        "north": {
          "uv": [
            11.42857,
            10.51429,
            4.57143,
            16
          ],
          "texture": "#2"
        },
        "east": {
          "uv": [
            11.42857,
            10.51429,
            4.57143,
            16
          ],
          "texture": "#2"
        },
        "south": {
          "uv": [
            11.42857,
            10.51429,
            4.57143,
            16
          ],
          "texture": "#2"
        },
        "west": {
          "uv": [
            11.42857,
            10.51429,
            4.57143,
            16
          ],
          "texture": "#2"
        },
        "up": {
          "uv": [
            4.57143,
            16,
            11.42857,
            10.51429
          ],
          "rotation": 90,
          "texture": "#2"
        },
        "down": {
          "uv": [
            4.57143,
            10.51429,
            11.42857,
            16
          ],
          "rotation": 270,
          "texture": "#2"
        }
      }
    },
    {
      "from": [
        8.82915,
        4.80727,
        6.98224
      ],
      "to": [
        12.42915,
        4.80727,
        9.23224
      ],
      "rotation": {
        "angle": 22.5,
        "axis": "z",
        "origin": [
          0.76524,
          4.37981,
          -4.26776
        ]
      },
      "faces": {
        "north": {
          "uv": [
            4.57143,
            10.51429,
            11.42857,
            16
          ],
          "texture": "#2"
        },
        "east": {
          "uv": [
            4.57143,
            10.51429,
            11.42857,
            16
          ],
          "texture": "#2"
        },
        "south": {
          "uv": [
            4.57143,
            10.51429,
            11.42857,
            16
          ],
          "texture": "#2"
        },
        "west": {
          "uv": [
            4.57143,
            10.51429,
            11.42857,
            16
          ],
          "texture": "#2"
        },
        "up": {
          "uv": [
            4.57143,
            10.51429,
            11.42857,
            16
          ],
          "rotation": 90,
          "texture": "#2"
        },
        "down": {
          "uv": [
            4.57143,
            16,
            11.42857,
            10.51429
          ],
          "rotation": 270,
          "texture": "#2"
        }
      }
    },
    {
      "from": [
        8.70997,
        12.92944,
        6.98224
      ],
      "to": [
        11.67997,
        12.92944,
        9.23224
      ],
      "rotation": {
        "angle": -22.5,
        "axis": "z",
        "origin": [
          0.76524,
          4.37981,
          -4.26776
        ]
      },
      "faces": {
        "north": {
          "uv": [
            4.57143,
            4.34286,
            11.42857,
            10.74286
          ],
          "texture": "#2"
        },
        "east": {
          "uv": [
            4.57143,
            4.34286,
            11.42857,
            10.74286
          ],
          "texture": "#2"
        },
        "south": {
          "uv": [
            4.57143,
            4.34286,
            11.42857,
            10.74286
          ],
          "texture": "#2"
        },
        "west": {
          "uv": [
            4.57143,
            4.34286,
            11.42857,
            10.74286
          ],
          "texture": "#2"
        },
        "up": {
          "uv": [
            4.57143,
            4.34286,
            11.42857,
            10.74286
          ],
          "rotation": 90,
          "texture": "#2"
        },
        "down": {
          "uv": [
            4.57143,
            10.74286,
            11.42857,
            4.34286
          ],
          "rotation": 270,
          "texture": "#2"
        }
      }
    },
    {
      "from": [
        6.92,
        8.54949,
        11.21224
      ],
      "to": [
        9.17,
        8.54949,
        14.18224
      ],
      "rotation": {
        "angle": 22.5,
        "axis": "x",
        "origin": [
          8.27,
          8.54949,
          13.01224
        ]
      },
      "faces": {
        "north": {
          "uv": [
            11.42857,
            4.34286,
            4.57143,
            10.74286
          ],
          "texture": "#2"
        },
        "east": {
          "uv": [
            11.42857,
            4.34286,
            4.57143,
            10.74286
          ],
          "texture": "#2"
        },
        "south": {
          "uv": [
            11.42857,
            4.34286,
            4.57143,
            10.74286
          ],
          "texture": "#2"
        },
        "west": {
          "uv": [
            11.42857,
            4.34286,
            4.57143,
            10.74286
          ],
          "texture": "#2"
        },
        "up": {
          "uv": [
            4.57143,
            10.74286,
            11.42857,
            4.34286
          ],
          "texture": "#2"
        },
        "down": {
          "uv": [
            4.57143,
            4.34286,
            11.42857,
            10.74286
          ],
          "texture": "#2"
        }
      }
    },
    {
      "from": [
        6.92,
        9.23981,
        6.31748
      ],
      "to": [
        9.17,
        9.23981,
        9.91748
      ],
      "rotation": {
        "angle": -22.5,
        "axis": "x",
        "origin": [
          -4.33,
          12.83981,
          10.63748
        ]
      },
      "faces": {
        "north": {
          "uv": [
            11.42857,
            10.51429,
            4.57143,
            16
          ],
          "texture": "#2"
        },
        "east": {
          "uv": [
            11.42857,
            10.51429,
            4.57143,
            16
          ],
          "texture": "#2"
        },
        "south": {
          "uv": [
            11.42857,
            10.51429,
            4.57143,
            16
          ],
          "texture": "#2"
        },
        "west": {
          "uv": [
            11.42857,
            10.51429,
            4.57143,
            16
          ],
          "texture": "#2"
        },
        "up": {
          "uv": [
            4.57143,
            16,
            11.42857,
            10.51429
          ],
          "texture": "#2"
        },
        "down": {
          "uv": [
            4.57143,
            10.51429,
            11.42857,
            16
          ],
          "texture": "#2"
        }
      }
    },
    {
      "from": [
        7.4,
        17.2864,
        5.88848
      ],
      "to": [
        8.8,
        20.1864,
        7.18848
      ],
      "rotation": {
        "angle": -45,
        "axis": "x",
        "origin": [
          8.1,
          18.7364,
          6.83848
        ]
      },
      "faces": {
        "north": {
          "uv": [
            5.27778,
            0,
            0,
            16
          ],
          "texture": "#3"
        },
        "east": {
          "uv": [
            5.27778,
            0,
            0,
            16
          ],
          "texture": "#3"
        },
        "south": {
          "uv": [
            5.27778,
            0,
            0,
            16
          ],
          "texture": "#3"
        },
        "west": {
          "uv": [
            5.27778,
            0,
            0,
            16
          ],
          "texture": "#3"
        },
        "up": {
          "uv": [
            5.27778,
            0,
            0,
            5.33333
          ],
          "texture": "#3"
        },
        "down": {
          "uv": [
            5.27778,
            13.68889,
            0,
            16
          ],
          "texture": "#3"
        }
      }
    },
    {
      "from": [
        1.88,
        17.64949,
        6.76776
      ],
      "to": [
        4.85,
        17.64949,
        9.01776
      ],
      "rotation": {
        "angle": 22.5,
        "axis": "z",
        "origin": [
          3.05,
          17.64949,
          7.66776
        ]
      },
      "faces": {
        "north": {
          "uv": [
            4.57143,
            4.34286,
            11.42857,
            10.74286
          ],
          "texture": "#2"
        },
        "east": {
          "uv": [
            4.57143,
            4.34286,
            11.42857,
            10.74286
          ],
          "texture": "#2"
        },
        "south": {
          "uv": [
            4.57143,
            4.34286,
            11.42857,
            10.74286
          ],
          "texture": "#2"
        },
        "west": {
          "uv": [
            4.57143,
            4.34286,
            11.42857,
            10.74286
          ],
          "texture": "#2"
        },
        "up": {
          "uv": [
            11.42857,
            10.74286,
            4.57143,
            4.34286
          ],
          "rotation": 90,
          "texture": "#2"
        },
        "down": {
          "uv": [
            11.42857,
            4.34286,
            4.57143,
            10.74286
          ],
          "rotation": 270,
          "texture": "#2"
        }
      }
    },
    {
      "from": [
        6.14476,
        18.33981,
        6.76776
      ],
      "to": [
        9.74476,
        18.33981,
        9.01776
      ],
      "rotation": {
        "angle": -22.5,
        "axis": "z",
        "origin": [
          5.42476,
          21.93981,
          20.26776
        ]
      },
      "faces": {
        "north": {
          "uv": [
            4.57143,
            10.51429,
            11.42857,
            16
          ],
          "texture": "#2"
        },
        "east": {
          "uv": [
            4.57143,
            10.51429,
            11.42857,
            16
          ],
          "texture": "#2"
        },
        "south": {
          "uv": [
            4.57143,
            10.51429,
            11.42857,
            16
          ],
          "texture": "#2"
        },
        "west": {
          "uv": [
            4.57143,
            10.51429,
            11.42857,
            16
          ],
          "texture": "#2"
        },
        "up": {
          "uv": [
            11.42857,
            16,
            4.57143,
            10.51429
          ],
          "rotation": 90,
          "texture": "#2"
        },
        "down": {
          "uv": [
            11.42857,
            10.51429,
            4.57143,
            16
          ],
          "rotation": 270,
          "texture": "#2"
        }
      }
    },
    {
      "from": [
        8.82915,
        13.90727,
        6.76776
      ],
      "to": [
        12.42915,
        13.90727,
        9.01776
      ],
      "rotation": {
        "angle": 22.5,
        "axis": "z",
        "origin": [
          0.76524,
          13.47981,
          20.26776
        ]
      },
      "faces": {
        "north": {
          "uv": [
            11.42857,
            10.51429,
            4.57143,
            16
          ],
          "texture": "#2"
        },
        "east": {
          "uv": [
            11.42857,
            10.51429,
            4.57143,
            16
          ],
          "texture": "#2"
        },
        "south": {
          "uv": [
            11.42857,
            10.51429,
            4.57143,
            16
          ],
          "texture": "#2"
        },
        "west": {
          "uv": [
            11.42857,
            10.51429,
            4.57143,
            16
          ],
          "texture": "#2"
        },
        "up": {
          "uv": [
            11.42857,
            10.51429,
            4.57143,
            16
          ],
          "rotation": 90,
          "texture": "#2"
        },
        "down": {
          "uv": [
            11.42857,
            16,
            4.57143,
            10.51429
          ],
          "rotation": 270,
          "texture": "#2"
        }
      }
    },
    {
      "from": [
        8.70997,
        22.02944,
        6.76776
      ],
      "to": [
        11.67997,
        22.02944,
        9.01776
      ],
      "rotation": {
        "angle": -22.5,
        "axis": "z",
        "origin": [
          0.76524,
          13.47981,
          20.26776
        ]
      },
      "faces": {
        "north": {
          "uv": [
            11.42857,
            4.34286,
            4.57143,
            10.74286
          ],
          "texture": "#2"
        },
        "east": {
          "uv": [
            11.42857,
            4.34286,
            4.57143,
            10.74286
          ],
          "texture": "#2"
        },
        "south": {
          "uv": [
            11.42857,
            4.34286,
            4.57143,
            10.74286
          ],
          "texture": "#2"
        },
        "west": {
          "uv": [
            11.42857,
            4.34286,
            4.57143,
            10.74286
          ],
          "texture": "#2"
        },
        "up": {
          "uv": [
            11.42857,
            4.34286,
            4.57143,
            10.74286
          ],
          "rotation": 90,
          "texture": "#2"
        },
        "down": {
          "uv": [
            11.42857,
            10.74286,
            4.57143,
            4.34286
          ],
          "rotation": 270,
          "texture": "#2"
        }
      }
    },
    {
      "from": [
        6.92,
        17.64949,
        1.81776
      ],
      "to": [
        9.17,
        17.64949,
        4.78776
      ],
      "rotation": {
        "angle": -22.5,
        "axis": "x",
        "origin": [
          8.27,
          17.64949,
          2.98776
        ]
      },
      "faces": {
        "north": {
          "uv": [
            4.57143,
            4.34286,
            11.42857,
            10.74286
          ],
          "texture": "#2"
        },
        "east": {
          "uv": [
            4.57143,
            4.34286,
            11.42857,
            10.74286
          ],
          "texture": "#2"
        },
        "south": {
          "uv": [
            4.57143,
            4.34286,
            11.42857,
            10.74286
          ],
          "texture": "#2"
        },
        "west": {
          "uv": [
            4.57143,
            4.34286,
            11.42857,
            10.74286
          ],
          "texture": "#2"
        },
        "up": {
          "uv": [
            4.57143,
            4.34286,
            11.42857,
            10.74286
          ],
          "texture": "#2"
        },
        "down": {
          "uv": [
            4.57143,
            10.74286,
            11.42857,
            4.34286
          ],
          "texture": "#2"
        }
      }
    },
    {
      "from": [
        6.92,
        18.33981,
        6.08252
      ],
      "to": [
        9.17,
        18.33981,
        9.68252
      ],
      "rotation": {
        "angle": 22.5,
        "axis": "x",
        "origin": [
          -4.33,
          21.93981,
          5.36252
        ]
      },
      "faces": {
        "north": {
          "uv": [
            4.57143,
            10.51429,
            11.42857,
            16
          ],
          "texture": "#2"
        },
        "east": {
          "uv": [
            4.57143,
            10.51429,
            11.42857,
            16
          ],
          "texture": "#2"
        },
        "south": {
          "uv": [
            4.57143,
            10.51429,
            11.42857,
            16
          ],
          "texture": "#2"
        },
        "west": {
          "uv": [
            4.57143,
            10.51429,
            11.42857,
            16
          ],
          "texture": "#2"
        },
        "up": {
          "uv": [
            4.57143,
            10.51429,
            11.42857,
            16
          ],
          "texture": "#2"
        },
        "down": {
          "uv": [
            4.57143,
            16,
            11.42857,
            10.51429
          ],
          "texture": "#2"
        }
      }
    },
    {
      "from": [
        9.05,
        12.9864,
        7.53848
      ],
      "to": [
        10.35,
        15.8864,
        8.93848
      ],
      "rotation": {
        "angle": -45,
        "axis": "z",
        "origin": [
          9.4,
          14.4364,
          8.23848
        ]
      },
      "faces": {
        "north": {
          "uv": [
            5.27778,
            0,
            0,
            16
          ],
          "texture": "#3"
        },
        "east": {
          "uv": [
            5.27778,
            0,
            0,
            16
          ],
          "texture": "#3"
        },
        "south": {
          "uv": [
            5.27778,
            0,
            0,
            16
          ],
          "texture": "#3"
        },
        "west": {
          "uv": [
            5.27778,
            0,
            0,
            16
          ],
          "texture": "#3"
        },
        "up": {
          "uv": [
            5.27778,
            0,
            0,
            5.33333
          ],
          "texture": "#3"
        },
        "down": {
          "uv": [
            5.27778,
            13.68889,
            0,
            16
          ],
          "texture": "#3"
        }
      }
    },
    {
      "from": [
        7.22072,
        13.34949,
        2.01848
      ],
      "to": [
        9.47072,
        13.34949,
        4.98848
      ],
      "rotation": {
        "angle": -22.5,
        "axis": "x",
        "origin": [
          8.57072,
          13.34949,
          3.18848
        ]
      },
      "faces": {
        "north": {
          "uv": [
            4.57143,
            4.34286,
            11.42857,
            10.74286
          ],
          "texture": "#2"
        },
        "east": {
          "uv": [
            4.57143,
            4.34286,
            11.42857,
            10.74286
          ],
          "texture": "#2"
        },
        "south": {
          "uv": [
            4.57143,
            4.34286,
            11.42857,
            10.74286
          ],
          "texture": "#2"
        },
        "west": {
          "uv": [
            4.57143,
            4.34286,
            11.42857,
            10.74286
          ],
          "texture": "#2"
        },
        "up": {
          "uv": [
            11.42857,
            10.74286,
            4.57143,
            4.34286
          ],
          "rotation": 180,
          "texture": "#2"
        },
        "down": {
          "uv": [
            11.42857,
            4.34286,
            4.57143,
            10.74286
          ],
          "rotation": 180,
          "texture": "#2"
        }
      }
    },
    {
      "from": [
        7.22072,
        14.03981,
        6.28324
      ],
      "to": [
        9.47072,
        14.03981,
        9.88324
      ],
      "rotation": {
        "angle": 22.5,
        "axis": "x",
        "origin": [
          -4.02928,
          17.63981,
          5.56324
        ]
      },
      "faces": {
        "north": {
          "uv": [
            4.57143,
            10.51429,
            11.42857,
            16
          ],
          "texture": "#2"
        },
        "east": {
          "uv": [
            4.57143,
            10.51429,
            11.42857,
            16
          ],
          "texture": "#2"
        },
        "south": {
          "uv": [
            4.57143,
            10.51429,
            11.42857,
            16
          ],
          "texture": "#2"
        },
        "west": {
          "uv": [
            4.57143,
            10.51429,
            11.42857,
            16
          ],
          "texture": "#2"
        },
        "up": {
          "uv": [
            11.42857,
            16,
            4.57143,
            10.51429
          ],
          "rotation": 180,
          "texture": "#2"
        },
        "down": {
          "uv": [
            11.42857,
            10.51429,
            4.57143,
            16
          ],
          "rotation": 180,
          "texture": "#2"
        }
      }
    },
    {
      "from": [
        7.22072,
        9.60727,
        8.96763
      ],
      "to": [
        9.47072,
        9.60727,
        12.56763
      ],
      "rotation": {
        "angle": -22.5,
        "axis": "x",
        "origin": [
          -4.02928,
          9.17981,
          0.90372
        ]
      },
      "faces": {
        "north": {
          "uv": [
            11.42857,
            10.51429,
            4.57143,
            16
          ],
          "texture": "#2"
        },
        "east": {
          "uv": [
            11.42857,
            10.51429,
            4.57143,
            16
          ],
          "texture": "#2"
        },
        "south": {
          "uv": [
            11.42857,
            10.51429,
            4.57143,
            16
          ],
          "texture": "#2"
        },
        "west": {
          "uv": [
            11.42857,
            10.51429,
            4.57143,
            16
          ],
          "texture": "#2"
        },
        "up": {
          "uv": [
            11.42857,
            10.51429,
            4.57143,
            16
          ],
          "rotation": 180,
          "texture": "#2"
        },
        "down": {
          "uv": [
            11.42857,
            16,
            4.57143,
            10.51429
          ],
          "rotation": 180,
          "texture": "#2"
        }
      }
    },
    {
      "from": [
        7.22072,
        17.72944,
        8.84845
      ],
      "to": [
        9.47072,
        17.72944,
        11.81845
      ],
      "rotation": {
        "angle": 22.5,
        "axis": "x",
        "origin": [
          -4.02928,
          9.17981,
          0.90372
        ]
      },
      "faces": {
        "north": {
          "uv": [
            11.42857,
            4.34286,
            4.57143,
            10.74286
          ],
          "texture": "#2"
        },
        "east": {
          "uv": [
            11.42857,
            4.34286,
            4.57143,
            10.74286
          ],
          "texture": "#2"
        },
        "south": {
          "uv": [
            11.42857,
            4.34286,
            4.57143,
            10.74286
          ],
          "texture": "#2"
        },
        "west": {
          "uv": [
            11.42857,
            4.34286,
            4.57143,
            10.74286
          ],
          "texture": "#2"
        },
        "up": {
          "uv": [
            11.42857,
            4.34286,
            4.57143,
            10.74286
          ],
          "rotation": 180,
          "texture": "#2"
        },
        "down": {
          "uv": [
            11.42857,
            10.74286,
            4.57143,
            4.34286
          ],
          "rotation": 180,
          "texture": "#2"
        }
      }
    },
    {
      "from": [
        11.45072,
        13.34949,
        7.05848
      ],
      "to": [
        14.42072,
        13.34949,
        9.30848
      ],
      "rotation": {
        "angle": -22.5,
        "axis": "z",
        "origin": [
          13.25072,
          13.34949,
          8.40848
        ]
      },
      "faces": {
        "north": {
          "uv": [
            4.57143,
            4.34286,
            11.42857,
            10.74286
          ],
          "texture": "#2"
        },
        "east": {
          "uv": [
            4.57143,
            4.34286,
            11.42857,
            10.74286
          ],
          "texture": "#2"
        },
        "south": {
          "uv": [
            4.57143,
            4.34286,
            11.42857,
            10.74286
          ],
          "texture": "#2"
        },
        "west": {
          "uv": [
            4.57143,
            4.34286,
            11.42857,
            10.74286
          ],
          "texture": "#2"
        },
        "up": {
          "uv": [
            4.57143,
            4.34286,
            11.42857,
            10.74286
          ],
          "rotation": 90,
          "texture": "#2"
        },
        "down": {
          "uv": [
            4.57143,
            10.74286,
            11.42857,
            4.34286
          ],
          "rotation": 270,
          "texture": "#2"
        }
      }
    },
    {
      "from": [
        6.55595,
        14.03981,
        7.05848
      ],
      "to": [
        10.15595,
        14.03981,
        9.30848
      ],
      "rotation": {
        "angle": 22.5,
        "axis": "z",
        "origin": [
          10.87595,
          17.63981,
          -4.19152
        ]
      },
      "faces": {
        "north": {
          "uv": [
            4.57143,
            10.51429,
            11.42857,
            16
          ],
          "texture": "#2"
        },
        "east": {
          "uv": [
            4.57143,
            10.51429,
            11.42857,
            16
          ],
          "texture": "#2"
        },
        "south": {
          "uv": [
            4.57143,
            10.51429,
            11.42857,
            16
          ],
          "texture": "#2"
        },
        "west": {
          "uv": [
            4.57143,
            10.51429,
            11.42857,
            16
          ],
          "texture": "#2"
        },
        "up": {
          "uv": [
            4.57143,
            10.51429,
            11.42857,
            16
          ],
          "rotation": 90,
          "texture": "#2"
        },
        "down": {
          "uv": [
            4.57143,
            16,
            11.42857,
            10.51429
          ],
          "rotation": 270,
          "texture": "#2"
        }
      }
    }
  ],
  "gui_light": "front",
  "display": {
    "gui": {
      "rotation": [
        4.44,
        18.9,
        7.06
      ],
      "translation": [
        0,
        -2.5,
        0
      ],
      "scale": [
        0.7,
        0.7,
        1
      ]
    },
    "fixed": {
      "rotation": [
        -90,
        0,
        0
      ],
      "translation": [
        0,
        0,
        -18.25
      ],
      "scale": [
        2.1,
        2.4,
        2.1
      ]
    },
    "display": {
      "scale": [
        0.5,
        0.5,
        0.5
      ]
    },
    "thirdperson_righthand": {
      "rotation": [
        0.0,
        -180.0,
        0.0
      ],
      "translation": [
        0.0,
        2.75,
        0.75
      ],
      "scale": [
        0.4,
        0.4,
        0.4
      ]
    },
    "thirdperson_lefthand": {
      "rotation": [
        0.0,
        0.0,
        0.0
      ],
      "translation": [
        0.0,
        2.75,
        0.75
      ],
      "scale": [
        0.4,
        0.4,
        0.4
      ]
    },
    "firstperson_righthand": {
      "rotation": [
        0.0,
        140.0,
        0.0
      ],
      "translation": [
        3.5,
        2.5,
        0.0
      ],
      "scale": [
        0.4,
        0.4,
        0.4
      ]
    },
    "firstperson_lefthand": {
      "rotation": [
        0.0,
        -44.0,
        0.0
      ],
      "translation": [
        -1.0,
        4.25,
        2.75
      ],
      "scale": [
        0.4,
        0.4,
        0.4
      ]
    },
    "ground": {
      "translation": [
        0.0,
        2.0,
        0.0
      ],
      "scale": [
        0.5,
        0.5,
        0.5
      ]
    }
  },
  "groups": [
    0,
    1,
    {
      "name": "popcorn",
      "origin": [
        8.27,
        8.54949,
        13.01224
      ],
      "color": 0,
      "children": [
        2,
        3,
        4,
        5,
        6,
        7,
        8
      ]
    },
    {
      "name": "popcorn",
      "origin": [
        8.27,
        8.54949,
        13.01224
      ],
      "color": 0,
      "children": [
        9,
        10,
        11,
        12,
        13,
        14,
        15
      ]
    },
    {
      "name": "popcorn",
      "origin": [
        8.27,
        8.54949,
        13.01224
      ],
      "color": 0,
      "children": [
        16,
        17,
        18,
        19,
        20,
        21,
        22
      ]
    }
  ]
}