{
  "credit": "Blockbench",
  "textures": {
    "0": "infinitecrops:item/crops/cabbage/stage_4",
    "2": "infinitecrops:item/crops/cabbage/cabbage_1",
    "3": "infinitecrops:item/crops/cabbage/stage_3",
    "4": "infinitecrops:item/crops/cabbage/cabbage",
    "particle": "infinitecrops:item/crops/cabbage/stage_4"
  },
  "elements": [
    {
      "from": [
        5.244,
        0,
        5.35
      ],
      "to": [
        10.544,
        5.3,
        10.65
      ],
      "rotation": {
        "angle": 0,
        "axis": "y",
        "origin": [
          -0.48,
          0,
          -0.48
        ]
      },
      "faces": {
        "north": {
          "uv": [
            0,
            0,
            16,
            16
          ],
          "texture": "#4"
        },
        "east": {
          "uv": [
            0,
            0,
            16,
            16
          ],
          "texture": "#4"
        },
        "south": {
          "uv": [
            0,
            0,
            16,
            16
          ],
          "texture": "#4"
        },
        "west": {
          "uv": [
            0,
            0,
            16,
            16
          ],
          "texture": "#4"
        },
        "up": {
          "uv": [
            2.66667,
            2.66667,
            13.33333,
            13.33333
          ],
          "texture": "#4"
        },
        "down": {
          "uv": [
            0,
            0,
            16,
            16
          ],
          "texture": "#4"
        }
      }
    },
    {
      "from": [
        5.032,
        0,
        5.138
      ],
      "to": [
        10.65,
        5.512,
        10.862
      ],
      "rotation": {
        "angle": 0,
        "axis": "y",
        "origin": [
          -0.48,
          0,
          -0.48
        ]
      },
      "faces": {
        "north": {
          "uv": [
            0,
            0,
            16,
            16
          ],
          "texture": "#2"
        },
        "east": {
          "uv": [
            0,
            0,
            16,
            16
          ],
          "texture": "#2"
        },
        "south": {
          "uv": [
            0,
            0,
            16,
            16
          ],
          "texture": "#2"
        },
        "west": {
          "uv": [
            0,
            0,
            16,
            16
          ],
          "texture": "#2"
        },
        "up": {
          "uv": [
            8,
            2.66667,
            8,
            2.66667
          ],
          "texture": "#2"
        },
        "down": {
          "uv": [
            0,
            0,
            16,
            16
          ],
          "texture": "#2"
        }
      }
    },
    {
      "from": [
        2.89795,
        0.04081,
        3.3
      ],
      "to": [
        2.89795,
        6.84081,
        12.6
      ],
      "rotation": {
        "angle": 45,
        "axis": "z",
        "origin": [
          4.09795,
          3.14081,
          7.95
        ]
      },
      "faces": {
        "north": {
          "uv": [
            0,
            0,
            16,
            16
          ],
          "texture": "#0"
        },
        "east": {
          "uv": [
            0,
            0,
            16,
            16
          ],
          "texture": "#0"
        },
        "south": {
          "uv": [
            0,
            0,
            16,
            16
          ],
          "texture": "#0"
        },
        "west": {
          "uv": [
            0,
            0,
            16,
            16
          ],
          "texture": "#0"
        },
        "up": {
          "uv": [
            0,
            0,
            16,
            16
          ],
          "texture": "#0"
        },
        "down": {
          "uv": [
            0,
            0,
            16,
            16
          ],
          "texture": "#0"
        }
      }
    },
    {
      "from": [
        13.00205,
        -0.05919,
        3.3
      ],
      "to": [
        13.00205,
        6.74081,
        12.6
      ],
      "rotation": {
        "angle": -45,
        "axis": "z",
        "origin": [
          11.90205,
          3.14081,
          7.95
        ]
      },
      "faces": {
        "north": {
          "uv": [
            16,
            0,
            0,
            16
          ],
          "texture": "#0"
        },
        "east": {
          "uv": [
            16,
            0,
            0,
            16
          ],
          "texture": "#0"
        },
        "south": {
          "uv": [
            16,
            0,
            0,
            16
          ],
          "texture": "#0"
        },
        "west": {
          "uv": [
            16,
            0,
            0,
            16
          ],
          "texture": "#0"
        },
        "up": {
          "uv": [
            16,
            0,
            0,
            16
          ],
          "texture": "#0"
        },
        "down": {
          "uv": [
            16,
            0,
            0,
            16
          ],
          "texture": "#0"
        }
      }
    },
    {
      "from": [
        3.3,
        1.30573,
        9.54868
      ],
      "to": [
        12.4,
        8.10573,
        9.54868
      ],
      "rotation": {
        "angle": 45,
        "axis": "x",
        "origin": [
          6.05,
          -0.49427,
          8.44868
        ]
      },
      "faces": {
        "north": {
          "uv": [
            16,
            0,
            0,
            16
          ],
          "texture": "#0"
        },
        "east": {
          "uv": [
            16,
            0,
            0,
            16
          ],
          "texture": "#0"
        },
        "south": {
          "uv": [
            16,
            0,
            0,
            16
          ],
          "texture": "#0"
        },
        "west": {
          "uv": [
            16,
            0,
            0,
            16
          ],
          "texture": "#0"
        },
        "up": {
          "uv": [
            16,
            0,
            0,
            16
          ],
          "rotation": 90,
          "texture": "#0"
        },
        "down": {
          "uv": [
            16,
            0,
            0,
            16
          ],
          "rotation": 270,
          "texture": "#0"
        }
      }
    },
    {
      "from": [
        3.3,
        1.30573,
        6.45132
      ],
      "to": [
        12.4,
        8.10573,
        6.45132
      ],
      "rotation": {
        "angle": -45,
        "axis": "x",
        "origin": [
          6.05,
          -0.49427,
          7.55132
        ]
      },
      "faces": {
        "north": {
          "uv": [
            0,
            0,
            16,
            16
          ],
          "texture": "#0"
        },
        "east": {
          "uv": [
            0,
            0,
            16,
            16
          ],
          "texture": "#0"
        },
        "south": {
          "uv": [
            0,
            0,
            16,
            16
          ],
          "texture": "#0"
        },
        "west": {
          "uv": [
            0,
            0,
            16,
            16
          ],
          "texture": "#0"
        },
        "up": {
          "uv": [
            0,
            0,
            16,
            16
          ],
          "rotation": 90,
          "texture": "#0"
        },
        "down": {
          "uv": [
            0,
            0,
            16,
            16
          ],
          "rotation": 270,
          "texture": "#0"
        }
      }
    },
    {
      "from": [
        8,
        0,
        -1.3744
      ],
      "to": [
        8,
        18.7488,
        17.3744
      ],
      "rotation": {
        "angle": -45,
        "axis": "y",
        "origin": [
          8,
          9.3744,
          8
        ]
      },
      "faces": {
        "north": {
          "uv": [
            0,
            0,
            0,
            16
          ],
          "texture": "#3"
        },
        "east": {
          "uv": [
            0,
            0,
            16,
            16
          ],
          "texture": "#3"
        },
        "south": {
          "uv": [
            0,
            0,
            0,
            16
          ],
          "texture": "#3"
        },
        "west": {
          "uv": [
            0,
            0,
            16,
            16
          ],
          "texture": "#3"
        },
        "up": {
          "uv": [
            0,
            0,
            16,
            0
          ],
          "rotation": 270,
          "texture": "#3"
        },
        "down": {
          "uv": [
            0,
            0,
            16,
            0
          ],
          "rotation": 90,
          "texture": "#3"
        }
      }
    },
    {
      "from": [
        -1.3744,
        0,
        8
      ],
      "to": [
        17.3744,
        18.7488,
        8
      ],
      "rotation": {
        "angle": -45,
        "axis": "y",
        "origin": [
          8,
          9.3744,
          8
        ]
      },
      "faces": {
        "north": {
          "uv": [
            0,
            0,
            16,
            16
          ],
          "texture": "#3"
        },
        "east": {
          "uv": [
            0,
            0,
            0,
            16
          ],
          "texture": "#3"
        },
        "south": {
          "uv": [
            0,
            0,
            16,
            16
          ],
          "texture": "#3"
        },
        "west": {
          "uv": [
            0,
            0,
            0,
            16
          ],
          "texture": "#3"
        },
        "up": {
          "uv": [
            0,
            0,
            16,
            0
          ],
          "texture": "#3"
        },
        "down": {
          "uv": [
            0,
            0,
            16,
            0
          ],
          "texture": "#3"
        }
      }
    }
  ],
  "gui_light": "front",
  "display": {
    "gui": {
      "rotation": [
        33.94,
        2.24,
        3.32
      ]
    },
    "fixed": {
      "rotation": [
        -90,
        0,
        0
      ],
      "translation": [
        0,
        0,
        -19
      ],
      "scale": [
        2.5,
        2.5,
        2.5
      ]
    },
    "display": {
      "scale": [
        0.5,
        0.5,
        0.5
      ]
    },
    "thirdperson_righthand": {
      "rotation": [
        0.0,
        -180.0,
        0.0
      ],
      "translation": [
        0.0,
        2.75,
        0.75
      ],
      "scale": [
        0.4,
        0.4,
        0.4
      ]
    },
    "thirdperson_lefthand": {
      "rotation": [
        0.0,
        0.0,
        0.0
      ],
      "translation": [
        0.0,
        2.75,
        0.75
      ],
      "scale": [
        0.4,
        0.4,
        0.4
      ]
    },
    "firstperson_righthand": {
      "rotation": [
        0.0,
        140.0,
        0.0
      ],
      "translation": [
        3.5,
        2.5,
        0.0
      ],
      "scale": [
        0.4,
        0.4,
        0.4
      ]
    },
    "firstperson_lefthand": {
      "rotation": [
        0.0,
        -44.0,
        0.0
      ],
      "translation": [
        -1.0,
        4.25,
        2.75
      ],
      "scale": [
        0.4,
        0.4,
        0.4
      ]
    },
    "ground": {
      "translation": [
        0.0,
        2.0,
        0.0
      ],
      "scale": [
        0.5,
        0.5,
        0.5
      ]
    }
  }
}