{
  "credit": "Blockbench",
  "textures": {
    "1": "infinitecrops:item/crops/cabbage/stage_3",
    "2": "infinitecrops:item/crops/cabbage/cabbage",
    "3": "infinitecrops:item/crops/cabbage/stage_4",
    "particle": "infinitecrops:item/crops/cabbage/cabbage"
  },
  "elements": [
    {
      "from": [
        -0.37,
        0,
        8
      ],
      "to": [
        16.37,
        16.74,
        8
      ],
      "rotation": {
        "angle": -45,
        "axis": "y",
        "origin": [
          8,
          8.37,
          8
        ]
      },
      "faces": {
        "north": {
          "uv": [
            0,
            0,
            16,
            16
          ],
          "texture": "#1"
        },
        "east": {
          "uv": [
            0,
            0,
            0,
            16
          ],
          "texture": "#1"
        },
        "south": {
          "uv": [
            0,
            0,
            16,
            16
          ],
          "texture": "#1"
        },
        "west": {
          "uv": [
            0,
            0,
            0,
            16
          ],
          "texture": "#1"
        },
        "up": {
          "uv": [
            0,
            0,
            16,
            0
          ],
          "texture": "#1"
        },
        "down": {
          "uv": [
            0,
            0,
            16,
            0
          ],
          "texture": "#1"
        }
      }
    },
    {
      "from": [
        8,
        0,
        -0.37
      ],
      "to": [
        8,
        16.74,
        16.37
      ],
      "rotation": {
        "angle": -45,
        "axis": "y",
        "origin": [
          8,
          8.37,
          8
        ]
      },
      "faces": {
        "north": {
          "uv": [
            0,
            0,
            0,
            16
          ],
          "texture": "#1"
        },
        "east": {
          "uv": [
            0,
            0,
            16,
            16
          ],
          "texture": "#1"
        },
        "south": {
          "uv": [
            0,
            0,
            0,
            16
          ],
          "texture": "#1"
        },
        "west": {
          "uv": [
            0,
            0,
            16,
            16
          ],
          "texture": "#1"
        },
        "up": {
          "uv": [
            0,
            0,
            16,
            0
          ],
          "rotation": 270,
          "texture": "#1"
        },
        "down": {
          "uv": [
            0,
            0,
            16,
            0
          ],
          "rotation": 90,
          "texture": "#1"
        }
      }
    },
    {
      "from": [
        6.4,
        0,
        6.5
      ],
      "to": [
        9.4,
        3,
        9.5
      ],
      "faces": {
        "north": {
          "uv": [
            2.66667,
            5.33333,
            13.33333,
            16
          ],
          "texture": "#2"
        },
        "east": {
          "uv": [
            2.66667,
            5.33333,
            13.33333,
            16
          ],
          "texture": "#2"
        },
        "south": {
          "uv": [
            2.66667,
            5.33333,
            13.33333,
            16
          ],
          "texture": "#2"
        },
        "west": {
          "uv": [
            2.66667,
            5.33333,
            13.33333,
            16
          ],
          "texture": "#2"
        },
        "up": {
          "uv": [
            2.66667,
            2.66667,
            13.33333,
            13.33333
          ],
          "texture": "#2"
        },
        "down": {
          "uv": [
            0,
            0,
            16,
            16
          ],
          "texture": "#2"
        }
      }
    },
    {
      "from": [
        11.00123,
        -0.03551,
        5.18
      ],
      "to": [
        11.00123,
        4.04449,
        10.76
      ],
      "rotation": {
        "angle": -45,
        "axis": "z",
        "origin": [
          10.34123,
          1.88449,
          7.97
        ]
      },
      "faces": {
        "north": {
          "uv": [
            16,
            0,
            0,
            16
          ],
          "texture": "#3"
        },
        "east": {
          "uv": [
            16,
            0,
            0,
            16
          ],
          "texture": "#3"
        },
        "south": {
          "uv": [
            16,
            0,
            0,
            16
          ],
          "texture": "#3"
        },
        "west": {
          "uv": [
            16,
            0,
            0,
            16
          ],
          "texture": "#3"
        },
        "up": {
          "uv": [
            16,
            0,
            0,
            16
          ],
          "texture": "#3"
        },
        "down": {
          "uv": [
            16,
            0,
            0,
            16
          ],
          "texture": "#3"
        }
      }
    },
    {
      "from": [
        5.18,
        0.78344,
        7.07079
      ],
      "to": [
        10.64,
        4.86344,
        7.07079
      ],
      "rotation": {
        "angle": -45,
        "axis": "x",
        "origin": [
          6.83,
          -0.29656,
          7.73079
        ]
      },
      "faces": {
        "north": {
          "uv": [
            0,
            0,
            16,
            16
          ],
          "texture": "#3"
        },
        "east": {
          "uv": [
            0,
            0,
            16,
            16
          ],
          "texture": "#3"
        },
        "south": {
          "uv": [
            0,
            0,
            16,
            16
          ],
          "texture": "#3"
        },
        "west": {
          "uv": [
            0,
            0,
            16,
            16
          ],
          "texture": "#3"
        },
        "up": {
          "uv": [
            0,
            0,
            16,
            16
          ],
          "rotation": 90,
          "texture": "#3"
        },
        "down": {
          "uv": [
            0,
            0,
            16,
            16
          ],
          "rotation": 270,
          "texture": "#3"
        }
      }
    },
    {
      "from": [
        5.18,
        0.78344,
        8.92921
      ],
      "to": [
        10.64,
        4.86344,
        8.92921
      ],
      "rotation": {
        "angle": 45,
        "axis": "x",
        "origin": [
          6.83,
          -0.29656,
          8.26921
        ]
      },
      "faces": {
        "north": {
          "uv": [
            16,
            0,
            0,
            16
          ],
          "texture": "#3"
        },
        "east": {
          "uv": [
            16,
            0,
            0,
            16
          ],
          "texture": "#3"
        },
        "south": {
          "uv": [
            16,
            0,
            0,
            16
          ],
          "texture": "#3"
        },
        "west": {
          "uv": [
            16,
            0,
            0,
            16
          ],
          "texture": "#3"
        },
        "up": {
          "uv": [
            16,
            0,
            0,
            16
          ],
          "rotation": 90,
          "texture": "#3"
        },
        "down": {
          "uv": [
            16,
            0,
            0,
            16
          ],
          "rotation": 270,
          "texture": "#3"
        }
      }
    },
    {
      "from": [
        4.93877,
        0.02449,
        5.18
      ],
      "to": [
        4.93877,
        4.10449,
        10.76
      ],
      "rotation": {
        "angle": 45,
        "axis": "z",
        "origin": [
          5.65877,
          1.88449,
          7.97
        ]
      },
      "faces": {
        "north": {
          "uv": [
            0,
            0,
            16,
            16
          ],
          "texture": "#3"
        },
        "east": {
          "uv": [
            0,
            0,
            16,
            16
          ],
          "texture": "#3"
        },
        "south": {
          "uv": [
            0,
            0,
            16,
            16
          ],
          "texture": "#3"
        },
        "west": {
          "uv": [
            0,
            0,
            16,
            16
          ],
          "texture": "#3"
        },
        "up": {
          "uv": [
            0,
            0,
            16,
            16
          ],
          "texture": "#3"
        },
        "down": {
          "uv": [
            0,
            0,
            16,
            16
          ],
          "texture": "#3"
        }
      }
    }
  ],
  "gui_light": "front",
  "display": {
    "thirdperson_righthand": {
      "translation": [
        0.0,
        2.75,
        0.75
      ],
      "rotation": [
        0.0,
        -180.0,
        0.0
      ],
      "scale": [
        0.4,
        0.4,
        0.4
      ]
    },
    "gui": {
      "rotation": [
        21.14,
        2.16,
        5.6
      ]
    },
    "fixed": {
      "rotation": [
        -90,
        0,
        0
      ],
      "translation": [
        0,
        0,
        -19
      ],
      "scale": [
        2.5,
        2.5,
        2.5
      ]
    },
    "display": {
      "scale": [
        0.5,
        0.5,
        0.5
      ]
    },
    "thirdperson_lefthand": {
      "rotation": [
        0.0,
        0.0,
        0.0
      ],
      "translation": [
        0.0,
        2.75,
        0.75
      ],
      "scale": [
        0.4,
        0.4,
        0.4
      ]
    },
    "firstperson_righthand": {
      "rotation": [
        0.0,
        140.0,
        0.0
      ],
      "translation": [
        3.5,
        2.5,
        0.0
      ],
      "scale": [
        0.4,
        0.4,
        0.4
      ]
    },
    "firstperson_lefthand": {
      "rotation": [
        0.0,
        -44.0,
        0.0
      ],
      "translation": [
        -1.0,
        4.25,
        2.75
      ],
      "scale": [
        0.4,
        0.4,
        0.4
      ]
    },
    "ground": {
      "translation": [
        0.0,
        2.0,
        0.0
      ],
      "scale": [
        0.5,
        0.5,
        0.5
      ]
    }
  }
}