{
	"credit": "Made with Blockbench",
	"texture_size": [32, 32],
	"textures": {
		"0": "infinitecrops:item/harvestertools/enchanted-sickle"
	},
	"elements": [
		{
			"from": [8, 0, -4],
			"to": [11, 1, -3],
			"rotation": {"angle": 0, "axis": "y", "origin": [8, 0, -4]},
			"faces": {
				"north": {"uv": [1.5, 0, 3, 0.5], "texture": "#0"},
				"east": {"uv": [9, 7, 9.5, 7.5], "texture": "#0"},
				"south": {"uv": [1.5, 0.5, 3, 1], "texture": "#0"},
				"west": {"uv": [8, 9, 8.5, 9.5], "texture": "#0"},
				"up": {"uv": [3, 1.5, 1.5, 1], "texture": "#0"},
				"down": {"uv": [3, 1.5, 1.5, 2], "texture": "#0"}
			}
		},
		{
			"from": [11, 0, -3],
			"to": [13, 1, -2],
			"rotation": {"angle": 0, "axis": "y", "origin": [11, 0, -3]},
			"faces": {
				"north": {"uv": [6, 1, 7, 1.5], "texture": "#0"},
				"east": {"uv": [8.5, 9, 9, 9.5], "texture": "#0"},
				"south": {"uv": [1.5, 6, 2.5, 6.5], "texture": "#0"},
				"west": {"uv": [9, 8.5, 9.5, 9], "texture": "#0"},
				"up": {"uv": [7, 2, 6, 1.5], "texture": "#0"},
				"down": {"uv": [7, 2, 6, 2.5], "texture": "#0"}
			}
		},
		{
			"from": [13, 0, -2],
			"to": [14, 1, -1],
			"rotation": {"angle": 0, "axis": "y", "origin": [13, 0, -2]},
			"faces": {
				"north": {"uv": [9, 9, 9.5, 9.5], "texture": "#0"},
				"east": {"uv": [0, 9.5, 0.5, 10], "texture": "#0"},
				"south": {"uv": [0.5, 9.5, 1, 10], "texture": "#0"},
				"west": {"uv": [1, 9.5, 1.5, 10], "texture": "#0"},
				"up": {"uv": [10, 1.5, 9.5, 1], "texture": "#0"},
				"down": {"uv": [2, 9.5, 1.5, 10], "texture": "#0"}
			}
		},
		{
			"from": [14, 0, -1],
			"to": [15, 1, 1],
			"rotation": {"angle": 0, "axis": "y", "origin": [14, 0, -1]},
			"faces": {
				"north": {"uv": [9.5, 1.5, 10, 2], "texture": "#0"},
				"east": {"uv": [2.5, 6, 3.5, 6.5], "texture": "#0"},
				"south": {"uv": [2, 9.5, 2.5, 10], "texture": "#0"},
				"west": {"uv": [6, 4, 7, 4.5], "texture": "#0"},
				"up": {"uv": [4, 7, 3.5, 6], "texture": "#0"},
				"down": {"uv": [6.5, 5.5, 6, 6.5], "texture": "#0"}
			}
		},
		{
			"from": [15, 0, 1],
			"to": [16, 1, 4],
			"rotation": {"angle": 0, "axis": "y", "origin": [15, 0, 1]},
			"faces": {
				"north": {"uv": [2.5, 9.5, 3, 10], "texture": "#0"},
				"east": {"uv": [0, 2, 1.5, 2.5], "texture": "#0"},
				"south": {"uv": [9.5, 2.5, 10, 3], "texture": "#0"},
				"west": {"uv": [1.5, 2, 3, 2.5], "texture": "#0"},
				"up": {"uv": [0.5, 4, 0, 2.5], "texture": "#0"},
				"down": {"uv": [1, 2.5, 0.5, 4], "texture": "#0"}
			}
		},
		{
			"from": [14, 0, 4],
			"to": [15, 1, 6],
			"rotation": {"angle": 0, "axis": "y", "origin": [14, 0, 4]},
			"faces": {
				"north": {"uv": [3, 9.5, 3.5, 10], "texture": "#0"},
				"east": {"uv": [0, 6.5, 1, 7], "texture": "#0"},
				"south": {"uv": [9.5, 3, 10, 3.5], "texture": "#0"},
				"west": {"uv": [1, 6.5, 2, 7], "texture": "#0"},
				"up": {"uv": [2.5, 7.5, 2, 6.5], "texture": "#0"},
				"down": {"uv": [3, 6.5, 2.5, 7.5], "texture": "#0"}
			}
		},
		{
			"from": [13, 0, 6],
			"to": [14, 1, 7],
			"rotation": {"angle": 0, "axis": "y", "origin": [13, 0, 6]},
			"faces": {
				"north": {"uv": [3.5, 9.5, 4, 10], "texture": "#0"},
				"east": {"uv": [4, 9.5, 4.5, 10], "texture": "#0"},
				"south": {"uv": [4.5, 9.5, 5, 10], "texture": "#0"},
				"west": {"uv": [5, 9.5, 5.5, 10], "texture": "#0"},
				"up": {"uv": [10, 5.5, 9.5, 5], "texture": "#0"},
				"down": {"uv": [6, 9.5, 5.5, 10], "texture": "#0"}
			}
		},
		{
			"from": [11, 0, 7],
			"to": [13, 1, 8],
			"rotation": {"angle": 0, "axis": "y", "origin": [11, 0, 7]},
			"faces": {
				"north": {"uv": [4, 6.5, 5, 7], "texture": "#0"},
				"east": {"uv": [9.5, 5.5, 10, 6], "texture": "#0"},
				"south": {"uv": [6.5, 5, 7.5, 5.5], "texture": "#0"},
				"west": {"uv": [6, 9.5, 6.5, 10], "texture": "#0"},
				"up": {"uv": [7.5, 6, 6.5, 5.5], "texture": "#0"},
				"down": {"uv": [7, 6.5, 6, 7], "texture": "#0"}
			}
		},
		{
			"from": [8, 0, 8],
			"to": [11, 1, 9],
			"rotation": {"angle": 0, "axis": "y", "origin": [8, 0, 8]},
			"faces": {
				"north": {"uv": [1, 2.5, 2.5, 3], "texture": "#0"},
				"east": {"uv": [9.5, 6, 10, 6.5], "texture": "#0"},
				"south": {"uv": [2.5, 2.5, 4, 3], "texture": "#0"},
				"west": {"uv": [6.5, 9.5, 7, 10], "texture": "#0"},
				"up": {"uv": [4.5, 0.5, 3, 0], "texture": "#0"},
				"down": {"uv": [4.5, 0.5, 3, 1], "texture": "#0"}
			}
		},
		{
			"from": [6, 0, 7],
			"to": [8, 1, 8],
			"rotation": {"angle": 0, "axis": "y", "origin": [6, 0, 7]},
			"faces": {
				"north": {"uv": [6.5, 6, 7.5, 6.5], "texture": "#0"},
				"east": {"uv": [9.5, 6.5, 10, 7], "texture": "#0"},
				"south": {"uv": [0, 7, 1, 7.5], "texture": "#0"},
				"west": {"uv": [7, 9.5, 7.5, 10], "texture": "#0"},
				"up": {"uv": [2, 7.5, 1, 7], "texture": "#0"},
				"down": {"uv": [8, 1, 7, 1.5], "texture": "#0"}
			}
		},
		{
			"from": [5, 0, 6],
			"to": [6, 1, 7],
			"rotation": {"angle": 0, "axis": "y", "origin": [5, 0, 6]},
			"faces": {
				"north": {"uv": [9.5, 7, 10, 7.5], "texture": "#0"},
				"east": {"uv": [7.5, 9.5, 8, 10], "texture": "#0"},
				"south": {"uv": [9.5, 7.5, 10, 8], "texture": "#0"},
				"west": {"uv": [8, 9.5, 8.5, 10], "texture": "#0"},
				"up": {"uv": [10, 8.5, 9.5, 8], "texture": "#0"},
				"down": {"uv": [9, 9.5, 8.5, 10], "texture": "#0"}
			}
		},
		{
			"from": [4, 0, 7],
			"to": [6, 1, 8],
			"rotation": {"angle": 0, "axis": "y", "origin": [4, 0, 7]},
			"faces": {
				"north": {"uv": [7, 1.5, 8, 2], "texture": "#0"},
				"east": {"uv": [9.5, 8.5, 10, 9], "texture": "#0"},
				"south": {"uv": [7, 2, 8, 2.5], "texture": "#0"},
				"west": {"uv": [9, 9.5, 9.5, 10], "texture": "#0"},
				"up": {"uv": [8, 3, 7, 2.5], "texture": "#0"},
				"down": {"uv": [4, 7, 3, 7.5], "texture": "#0"}
			}
		},
		{
			"from": [3, 0, 8],
			"to": [6, 1, 9],
			"rotation": {"angle": 0, "axis": "y", "origin": [3, 0, 8]},
			"faces": {
				"north": {"uv": [1, 3, 2.5, 3.5], "texture": "#0"},
				"east": {"uv": [9.5, 9, 10, 9.5], "texture": "#0"},
				"south": {"uv": [3, 1, 4.5, 1.5], "texture": "#0"},
				"west": {"uv": [9.5, 9.5, 10, 10], "texture": "#0"},
				"up": {"uv": [4.5, 2, 3, 1.5], "texture": "#0"},
				"down": {"uv": [4.5, 2, 3, 2.5], "texture": "#0"}
			}
		},
		{
			"from": [2, 0, 9],
			"to": [5, 1, 10],
			"rotation": {"angle": 0, "axis": "y", "origin": [2, 0, 9]},
			"faces": {
				"north": {"uv": [2.5, 3, 4, 3.5], "texture": "#0"},
				"east": {"uv": [0, 10, 0.5, 10.5], "texture": "#0"},
				"south": {"uv": [1, 3.5, 2.5, 4], "texture": "#0"},
				"west": {"uv": [10, 0, 10.5, 0.5], "texture": "#0"},
				"up": {"uv": [4, 4, 2.5, 3.5], "texture": "#0"},
				"down": {"uv": [1.5, 4, 0, 4.5], "texture": "#0"}
			}
		},
		{
			"from": [1, 0, 10],
			"to": [4, 1, 11],
			"rotation": {"angle": 0, "axis": "y", "origin": [1, 0, 10]},
			"faces": {
				"north": {"uv": [1.5, 4, 3, 4.5], "texture": "#0"},
				"east": {"uv": [0.5, 10, 1, 10.5], "texture": "#0"},
				"south": {"uv": [4, 2.5, 5.5, 3], "texture": "#0"},
				"west": {"uv": [10, 0.5, 10.5, 1], "texture": "#0"},
				"up": {"uv": [4.5, 4.5, 3, 4], "texture": "#0"},
				"down": {"uv": [5.5, 3, 4, 3.5], "texture": "#0"}
			}
		},
		{
			"from": [2, 0, 11],
			"to": [3, 1, 12],
			"rotation": {"angle": 0, "axis": "y", "origin": [2, 0, 11]},
			"faces": {
				"north": {"uv": [1, 10, 1.5, 10.5], "texture": "#0"},
				"east": {"uv": [10, 1, 10.5, 1.5], "texture": "#0"},
				"south": {"uv": [1.5, 10, 2, 10.5], "texture": "#0"},
				"west": {"uv": [10, 1.5, 10.5, 2], "texture": "#0"},
				"up": {"uv": [2.5, 10.5, 2, 10], "texture": "#0"},
				"down": {"uv": [10.5, 2, 10, 2.5], "texture": "#0"}
			}
		},
		{
			"from": [6, 0, 8],
			"to": [8, 1, 9],
			"rotation": {"angle": 0, "axis": "y", "origin": [6, 0, 8]},
			"faces": {
				"north": {"uv": [7, 3, 8, 3.5], "texture": "#0"},
				"east": {"uv": [2.5, 10, 3, 10.5], "texture": "#0"},
				"south": {"uv": [7, 3.5, 8, 4], "texture": "#0"},
				"west": {"uv": [10, 2.5, 10.5, 3], "texture": "#0"},
				"up": {"uv": [5, 7.5, 4, 7], "texture": "#0"},
				"down": {"uv": [8, 4, 7, 4.5], "texture": "#0"}
			}
		},
		{
			"from": [8, 0, 9],
			"to": [11, 1, 10],
			"rotation": {"angle": 0, "axis": "y", "origin": [8, 0, 9]},
			"faces": {
				"north": {"uv": [4, 3.5, 5.5, 4], "texture": "#0"},
				"east": {"uv": [3, 10, 3.5, 10.5], "texture": "#0"},
				"south": {"uv": [0, 4.5, 1.5, 5], "texture": "#0"},
				"west": {"uv": [10, 3, 10.5, 3.5], "texture": "#0"},
				"up": {"uv": [6, 0.5, 4.5, 0], "texture": "#0"},
				"down": {"uv": [6, 0.5, 4.5, 1], "texture": "#0"}
			}
		},
		{
			"from": [11, 0, 8],
			"to": [13, 1, 9],
			"rotation": {"angle": 0, "axis": "y", "origin": [11, 0, 8]},
			"faces": {
				"north": {"uv": [7, 4.5, 8, 5], "texture": "#0"},
				"east": {"uv": [3.5, 10, 4, 10.5], "texture": "#0"},
				"south": {"uv": [5, 7, 6, 7.5], "texture": "#0"},
				"west": {"uv": [10, 3.5, 10.5, 4], "texture": "#0"},
				"up": {"uv": [7, 7.5, 6, 7], "texture": "#0"},
				"down": {"uv": [8, 6.5, 7, 7], "texture": "#0"}
			}
		},
		{
			"from": [13, 0, 7],
			"to": [14, 1, 8],
			"rotation": {"angle": 0, "axis": "y", "origin": [13, 0, 7]},
			"faces": {
				"north": {"uv": [4, 10, 4.5, 10.5], "texture": "#0"},
				"east": {"uv": [10, 4, 10.5, 4.5], "texture": "#0"},
				"south": {"uv": [4.5, 10, 5, 10.5], "texture": "#0"},
				"west": {"uv": [10, 4.5, 10.5, 5], "texture": "#0"},
				"up": {"uv": [5.5, 10.5, 5, 10], "texture": "#0"},
				"down": {"uv": [10.5, 5, 10, 5.5], "texture": "#0"}
			}
		},
		{
			"from": [15, 0, 4],
			"to": [16, 1, 6],
			"rotation": {"angle": 0, "axis": "y", "origin": [15, 0, 4]},
			"faces": {
				"north": {"uv": [5.5, 10, 6, 10.5], "texture": "#0"},
				"east": {"uv": [7, 7, 8, 7.5], "texture": "#0"},
				"south": {"uv": [10, 5.5, 10.5, 6], "texture": "#0"},
				"west": {"uv": [0, 7.5, 1, 8], "texture": "#0"},
				"up": {"uv": [8, 1, 7.5, 0], "texture": "#0"},
				"down": {"uv": [1.5, 7.5, 1, 8.5], "texture": "#0"}
			}
		},
		{
			"from": [16, 0, 1],
			"to": [17, 1, 4],
			"rotation": {"angle": 0, "axis": "y", "origin": [16, 0, 1]},
			"faces": {
				"north": {"uv": [6, 10, 6.5, 10.5], "texture": "#0"},
				"east": {"uv": [4.5, 1, 6, 1.5], "texture": "#0"},
				"south": {"uv": [10, 6, 10.5, 6.5], "texture": "#0"},
				"west": {"uv": [1.5, 4.5, 3, 5], "texture": "#0"},
				"up": {"uv": [3.5, 6, 3, 4.5], "texture": "#0"},
				"down": {"uv": [4, 4.5, 3.5, 6], "texture": "#0"}
			}
		},
		{
			"from": [15, 0, -1],
			"to": [16, 1, 1],
			"rotation": {"angle": 0, "axis": "y", "origin": [15, 0, -1]},
			"faces": {
				"north": {"uv": [6.5, 10, 7, 10.5], "texture": "#0"},
				"east": {"uv": [1.5, 7.5, 2.5, 8], "texture": "#0"},
				"south": {"uv": [10, 6.5, 10.5, 7], "texture": "#0"},
				"west": {"uv": [2.5, 7.5, 3.5, 8], "texture": "#0"},
				"up": {"uv": [4, 8.5, 3.5, 7.5], "texture": "#0"},
				"down": {"uv": [4.5, 7.5, 4, 8.5], "texture": "#0"}
			}
		},
		{
			"from": [14, 0, -2],
			"to": [15, 1, -1],
			"rotation": {"angle": 0, "axis": "y", "origin": [14, 0, -2]},
			"faces": {
				"north": {"uv": [7, 10, 7.5, 10.5], "texture": "#0"},
				"east": {"uv": [10, 7, 10.5, 7.5], "texture": "#0"},
				"south": {"uv": [7.5, 10, 8, 10.5], "texture": "#0"},
				"west": {"uv": [10, 7.5, 10.5, 8], "texture": "#0"},
				"up": {"uv": [8.5, 10.5, 8, 10], "texture": "#0"},
				"down": {"uv": [10.5, 8, 10, 8.5], "texture": "#0"}
			}
		},
		{
			"from": [13, 0, -3],
			"to": [14, 1, -2],
			"rotation": {"angle": 0, "axis": "y", "origin": [13, 0, -3]},
			"faces": {
				"north": {"uv": [8.5, 10, 9, 10.5], "texture": "#0"},
				"east": {"uv": [10, 8.5, 10.5, 9], "texture": "#0"},
				"south": {"uv": [9, 10, 9.5, 10.5], "texture": "#0"},
				"west": {"uv": [10, 9, 10.5, 9.5], "texture": "#0"},
				"up": {"uv": [10, 10.5, 9.5, 10], "texture": "#0"},
				"down": {"uv": [10.5, 9.5, 10, 10], "texture": "#0"}
			}
		},
		{
			"from": [15, 0, -2],
			"to": [16, 1, -1],
			"rotation": {"angle": 0, "axis": "y", "origin": [15, 0, -2]},
			"faces": {
				"north": {"uv": [10.5, 5.5, 11, 6], "texture": "#0"},
				"east": {"uv": [6, 10.5, 6.5, 11], "texture": "#0"},
				"south": {"uv": [10.5, 6, 11, 6.5], "texture": "#0"},
				"west": {"uv": [6.5, 10.5, 7, 11], "texture": "#0"},
				"up": {"uv": [11, 7, 10.5, 6.5], "texture": "#0"},
				"down": {"uv": [7.5, 10.5, 7, 11], "texture": "#0"}
			}
		},
		{
			"from": [11, 0, -4],
			"to": [13, 1, -3],
			"rotation": {"angle": 0, "axis": "y", "origin": [11, 0, -4]},
			"faces": {
				"north": {"uv": [4.5, 7.5, 5.5, 8], "texture": "#0"},
				"east": {"uv": [10, 10, 10.5, 10.5], "texture": "#0"},
				"south": {"uv": [7.5, 5, 8.5, 5.5], "texture": "#0"},
				"west": {"uv": [0, 10.5, 0.5, 11], "texture": "#0"},
				"up": {"uv": [6.5, 8, 5.5, 7.5], "texture": "#0"},
				"down": {"uv": [8.5, 5.5, 7.5, 6], "texture": "#0"}
			}
		},
		{
			"from": [16, 0, -1],
			"to": [17, 1, 1],
			"rotation": {"angle": 0, "axis": "y", "origin": [16, 0, -1]},
			"faces": {
				"north": {"uv": [10.5, 7, 11, 7.5], "texture": "#0"},
				"east": {"uv": [8, 0, 9, 0.5], "texture": "#0"},
				"south": {"uv": [7.5, 10.5, 8, 11], "texture": "#0"},
				"west": {"uv": [8, 0.5, 9, 1], "texture": "#0"},
				"up": {"uv": [8.5, 2, 8, 1], "texture": "#0"},
				"down": {"uv": [2, 8, 1.5, 9], "texture": "#0"}
			}
		},
		{
			"from": [8, 0, -5],
			"to": [11, 1, -4],
			"rotation": {"angle": 0, "axis": "y", "origin": [8, 0, -5]},
			"faces": {
				"north": {"uv": [0, 0, 1.5, 0.5], "texture": "#0"},
				"east": {"uv": [3, 6.5, 3.5, 7], "texture": "#0"},
				"south": {"uv": [0, 0.5, 1.5, 1], "texture": "#0"},
				"west": {"uv": [9, 6.5, 9.5, 7], "texture": "#0"},
				"up": {"uv": [1.5, 1.5, 0, 1], "texture": "#0"},
				"down": {"uv": [1.5, 1.5, 0, 2], "texture": "#0"}
			}
		},
		{
			"from": [8, 0, -6],
			"to": [11, 1, -5],
			"rotation": {"angle": 0, "axis": "y", "origin": [8, 0, -6]},
			"faces": {
				"north": {"uv": [4.5, 1.5, 6, 2], "texture": "#0"},
				"east": {"uv": [10.5, 0, 11, 0.5], "texture": "#0"},
				"south": {"uv": [4.5, 2, 6, 2.5], "texture": "#0"},
				"west": {"uv": [0.5, 10.5, 1, 11], "texture": "#0"},
				"up": {"uv": [5.5, 5, 4, 4.5], "texture": "#0"},
				"down": {"uv": [6, 4, 4.5, 4.5], "texture": "#0"}
			}
		},
		{
			"from": [7, 0, -5],
			"to": [8, 1, -4],
			"rotation": {"angle": 0, "axis": "y", "origin": [7, 0, -5]},
			"faces": {
				"north": {"uv": [10.5, 0.5, 11, 1], "texture": "#0"},
				"east": {"uv": [1, 10.5, 1.5, 11], "texture": "#0"},
				"south": {"uv": [10.5, 1, 11, 1.5], "texture": "#0"},
				"west": {"uv": [1.5, 10.5, 2, 11], "texture": "#0"},
				"up": {"uv": [11, 2, 10.5, 1.5], "texture": "#0"},
				"down": {"uv": [2.5, 10.5, 2, 11], "texture": "#0"}
			}
		},
		{
			"from": [11, 0, -5],
			"to": [13, 1, -4],
			"rotation": {"angle": 0, "axis": "y", "origin": [11, 0, -5]},
			"faces": {
				"north": {"uv": [7.5, 6, 8.5, 6.5], "texture": "#0"},
				"east": {"uv": [10.5, 2, 11, 2.5], "texture": "#0"},
				"south": {"uv": [6.5, 7.5, 7.5, 8], "texture": "#0"},
				"west": {"uv": [2.5, 10.5, 3, 11], "texture": "#0"},
				"up": {"uv": [8.5, 8, 7.5, 7.5], "texture": "#0"},
				"down": {"uv": [1, 8, 0, 8.5], "texture": "#0"}
			}
		},
		{
			"from": [17, 0, 1],
			"to": [18, 1, 4],
			"rotation": {"angle": 0, "axis": "y", "origin": [17, 0, 1]},
			"faces": {
				"north": {"uv": [10.5, 7.5, 11, 8], "texture": "#0"},
				"east": {"uv": [0, 5, 1.5, 5.5], "texture": "#0"},
				"south": {"uv": [8, 10.5, 8.5, 11], "texture": "#0"},
				"west": {"uv": [1.5, 5, 3, 5.5], "texture": "#0"},
				"up": {"uv": [4.5, 6.5, 4, 5], "texture": "#0"},
				"down": {"uv": [5, 5, 4.5, 6.5], "texture": "#0"}
			}
		},
		{
			"from": [13, 0, -4],
			"to": [14, 1, -3],
			"rotation": {"angle": 0, "axis": "y", "origin": [13, 0, -4]},
			"faces": {
				"north": {"uv": [10.5, 2.5, 11, 3], "texture": "#0"},
				"east": {"uv": [3, 10.5, 3.5, 11], "texture": "#0"},
				"south": {"uv": [10.5, 3, 11, 3.5], "texture": "#0"},
				"west": {"uv": [3.5, 10.5, 4, 11], "texture": "#0"},
				"up": {"uv": [11, 4, 10.5, 3.5], "texture": "#0"},
				"down": {"uv": [4.5, 10.5, 4, 11], "texture": "#0"}
			}
		},
		{
			"from": [14, 0, -3],
			"to": [15, 1, -2],
			"rotation": {"angle": 0, "axis": "y", "origin": [14, 0, -3]},
			"faces": {
				"north": {"uv": [10.5, 4, 11, 4.5], "texture": "#0"},
				"east": {"uv": [4.5, 10.5, 5, 11], "texture": "#0"},
				"south": {"uv": [10.5, 4.5, 11, 5], "texture": "#0"},
				"west": {"uv": [5, 10.5, 5.5, 11], "texture": "#0"},
				"up": {"uv": [11, 5.5, 10.5, 5], "texture": "#0"},
				"down": {"uv": [6, 10.5, 5.5, 11], "texture": "#0"}
			}
		},
		{
			"from": [16, 0, 4],
			"to": [17, 1, 6],
			"rotation": {"angle": 0, "axis": "y", "origin": [16, 0, 4]},
			"faces": {
				"north": {"uv": [10.5, 8, 11, 8.5], "texture": "#0"},
				"east": {"uv": [2, 8, 3, 8.5], "texture": "#0"},
				"south": {"uv": [8.5, 10.5, 9, 11], "texture": "#0"},
				"west": {"uv": [8, 2, 9, 2.5], "texture": "#0"},
				"up": {"uv": [8.5, 3.5, 8, 2.5], "texture": "#0"},
				"down": {"uv": [3.5, 8, 3, 9], "texture": "#0"}
			}
		},
		{
			"from": [14, 0, 6],
			"to": [15, 1, 8],
			"rotation": {"angle": 0, "axis": "y", "origin": [14, 0, 6]},
			"faces": {
				"north": {"uv": [10.5, 8.5, 11, 9], "texture": "#0"},
				"east": {"uv": [8, 3.5, 9, 4], "texture": "#0"},
				"south": {"uv": [9, 10.5, 9.5, 11], "texture": "#0"},
				"west": {"uv": [8, 4, 9, 4.5], "texture": "#0"},
				"up": {"uv": [5, 9, 4.5, 8], "texture": "#0"},
				"down": {"uv": [5.5, 8, 5, 9], "texture": "#0"}
			}
		},
		{
			"from": [15, 0, 6],
			"to": [16, 1, 7],
			"rotation": {"angle": 0, "axis": "y", "origin": [15, 0, 6]},
			"faces": {
				"north": {"uv": [10.5, 9, 11, 9.5], "texture": "#0"},
				"east": {"uv": [9.5, 10.5, 10, 11], "texture": "#0"},
				"south": {"uv": [10.5, 9.5, 11, 10], "texture": "#0"},
				"west": {"uv": [10, 10.5, 10.5, 11], "texture": "#0"},
				"up": {"uv": [11, 10.5, 10.5, 10], "texture": "#0"},
				"down": {"uv": [11, 10.5, 10.5, 11], "texture": "#0"}
			}
		},
		{
			"from": [13, 0, 8],
			"to": [14, 1, 9],
			"rotation": {"angle": 0, "axis": "y", "origin": [13, 0, 8]},
			"faces": {
				"north": {"uv": [0, 11, 0.5, 11.5], "texture": "#0"},
				"east": {"uv": [11, 0, 11.5, 0.5], "texture": "#0"},
				"south": {"uv": [0.5, 11, 1, 11.5], "texture": "#0"},
				"west": {"uv": [11, 0.5, 11.5, 1], "texture": "#0"},
				"up": {"uv": [1.5, 11.5, 1, 11], "texture": "#0"},
				"down": {"uv": [11.5, 1, 11, 1.5], "texture": "#0"}
			}
		},
		{
			"from": [11, 0, 9],
			"to": [13, 1, 10],
			"rotation": {"angle": 0, "axis": "y", "origin": [11, 0, 9]},
			"faces": {
				"north": {"uv": [8, 4.5, 9, 5], "texture": "#0"},
				"east": {"uv": [1.5, 11, 2, 11.5], "texture": "#0"},
				"south": {"uv": [5.5, 8, 6.5, 8.5], "texture": "#0"},
				"west": {"uv": [11, 1.5, 11.5, 2], "texture": "#0"},
				"up": {"uv": [7.5, 8.5, 6.5, 8], "texture": "#0"},
				"down": {"uv": [9, 6.5, 8, 7], "texture": "#0"}
			}
		},
		{
			"from": [8, 0, 10],
			"to": [11, 1, 11],
			"rotation": {"angle": 0, "axis": "y", "origin": [8, 0, 10]},
			"faces": {
				"north": {"uv": [5, 5, 6.5, 5.5], "texture": "#0"},
				"east": {"uv": [2, 11, 2.5, 11.5], "texture": "#0"},
				"south": {"uv": [0, 5.5, 1.5, 6], "texture": "#0"},
				"west": {"uv": [11, 2, 11.5, 2.5], "texture": "#0"},
				"up": {"uv": [3, 6, 1.5, 5.5], "texture": "#0"},
				"down": {"uv": [7, 2.5, 5.5, 3], "texture": "#0"}
			}
		},
		{
			"from": [6, 0, 9],
			"to": [8, 1, 10],
			"rotation": {"angle": 0, "axis": "y", "origin": [6, 0, 9]},
			"faces": {
				"north": {"uv": [8, 7, 9, 7.5], "texture": "#0"},
				"east": {"uv": [2.5, 11, 3, 11.5], "texture": "#0"},
				"south": {"uv": [7.5, 8, 8.5, 8.5], "texture": "#0"},
				"west": {"uv": [11, 2.5, 11.5, 3], "texture": "#0"},
				"up": {"uv": [1, 9, 0, 8.5], "texture": "#0"},
				"down": {"uv": [9.5, 1, 8.5, 1.5], "texture": "#0"}
			}
		},
		{
			"from": [11, 0, 10],
			"to": [13, 1, 11],
			"rotation": {"angle": 0, "axis": "y", "origin": [11, 0, 10]},
			"faces": {
				"north": {"uv": [8.5, 1.5, 9.5, 2], "texture": "#0"},
				"east": {"uv": [3, 11, 3.5, 11.5], "texture": "#0"},
				"south": {"uv": [2, 8.5, 3, 9], "texture": "#0"},
				"west": {"uv": [11, 3, 11.5, 3.5], "texture": "#0"},
				"up": {"uv": [9.5, 3, 8.5, 2.5], "texture": "#0"},
				"down": {"uv": [9.5, 3, 8.5, 3.5], "texture": "#0"}
			}
		},
		{
			"from": [13, 0, 9],
			"to": [14, 1, 10],
			"rotation": {"angle": 0, "axis": "y", "origin": [13, 0, 9]},
			"faces": {
				"north": {"uv": [3.5, 11, 4, 11.5], "texture": "#0"},
				"east": {"uv": [11, 3.5, 11.5, 4], "texture": "#0"},
				"south": {"uv": [4, 11, 4.5, 11.5], "texture": "#0"},
				"west": {"uv": [11, 4, 11.5, 4.5], "texture": "#0"},
				"up": {"uv": [5, 11.5, 4.5, 11], "texture": "#0"},
				"down": {"uv": [11.5, 4.5, 11, 5], "texture": "#0"}
			}
		},
		{
			"from": [14, 0, 8],
			"to": [15, 1, 9],
			"rotation": {"angle": 0, "axis": "y", "origin": [14, 0, 8]},
			"faces": {
				"north": {"uv": [5, 11, 5.5, 11.5], "texture": "#0"},
				"east": {"uv": [11, 5, 11.5, 5.5], "texture": "#0"},
				"south": {"uv": [5.5, 11, 6, 11.5], "texture": "#0"},
				"west": {"uv": [11, 5.5, 11.5, 6], "texture": "#0"},
				"up": {"uv": [6.5, 11.5, 6, 11], "texture": "#0"},
				"down": {"uv": [11.5, 6, 11, 6.5], "texture": "#0"}
			}
		},
		{
			"from": [15, 0, 7],
			"to": [16, 1, 8],
			"rotation": {"angle": 0, "axis": "y", "origin": [15, 0, 7]},
			"faces": {
				"north": {"uv": [6.5, 11, 7, 11.5], "texture": "#0"},
				"east": {"uv": [11, 6.5, 11.5, 7], "texture": "#0"},
				"south": {"uv": [7, 11, 7.5, 11.5], "texture": "#0"},
				"west": {"uv": [11, 7, 11.5, 7.5], "texture": "#0"},
				"up": {"uv": [8, 11.5, 7.5, 11], "texture": "#0"},
				"down": {"uv": [11.5, 7.5, 11, 8], "texture": "#0"}
			}
		},
		{
			"from": [16, 0, 6],
			"to": [17, 1, 7],
			"rotation": {"angle": 0, "axis": "y", "origin": [16, 0, 6]},
			"faces": {
				"north": {"uv": [8, 11, 8.5, 11.5], "texture": "#0"},
				"east": {"uv": [11, 8, 11.5, 8.5], "texture": "#0"},
				"south": {"uv": [8.5, 11, 9, 11.5], "texture": "#0"},
				"west": {"uv": [11, 8.5, 11.5, 9], "texture": "#0"},
				"up": {"uv": [9.5, 11.5, 9, 11], "texture": "#0"},
				"down": {"uv": [11.5, 9, 11, 9.5], "texture": "#0"}
			}
		},
		{
			"from": [17, 0, 4],
			"to": [18, 1, 6],
			"rotation": {"angle": 0, "axis": "y", "origin": [17, 0, 4]},
			"faces": {
				"north": {"uv": [9.5, 11, 10, 11.5], "texture": "#0"},
				"east": {"uv": [3.5, 8.5, 4.5, 9], "texture": "#0"},
				"south": {"uv": [11, 9.5, 11.5, 10], "texture": "#0"},
				"west": {"uv": [8.5, 5, 9.5, 5.5], "texture": "#0"},
				"up": {"uv": [1.5, 9.5, 1, 8.5], "texture": "#0"},
				"down": {"uv": [6, 8.5, 5.5, 9.5], "texture": "#0"}
			}
		},
		{
			"from": [18, 0, 2],
			"to": [19, 1, 5],
			"rotation": {"angle": 0, "axis": "y", "origin": [18, 0, 2]},
			"faces": {
				"north": {"uv": [10, 11, 10.5, 11.5], "texture": "#0"},
				"east": {"uv": [5.5, 3, 7, 3.5], "texture": "#0"},
				"south": {"uv": [11, 10, 11.5, 10.5], "texture": "#0"},
				"west": {"uv": [5.5, 3.5, 7, 4], "texture": "#0"},
				"up": {"uv": [5.5, 7, 5, 5.5], "texture": "#0"},
				"down": {"uv": [6, 5.5, 5.5, 7], "texture": "#0"}
			}
		},
		{
			"from": [17, 0, -1],
			"to": [18, 1, 1],
			"rotation": {"angle": 0, "axis": "y", "origin": [17, 0, -1]},
			"faces": {
				"north": {"uv": [10.5, 11, 11, 11.5], "texture": "#0"},
				"east": {"uv": [8.5, 5.5, 9.5, 6], "texture": "#0"},
				"south": {"uv": [11, 10.5, 11.5, 11], "texture": "#0"},
				"west": {"uv": [6, 8.5, 7, 9], "texture": "#0"},
				"up": {"uv": [7.5, 9.5, 7, 8.5], "texture": "#0"},
				"down": {"uv": [8, 8.5, 7.5, 9.5], "texture": "#0"}
			}
		},
		{
			"from": [16, 0, -2],
			"to": [17, 1, -1],
			"rotation": {"angle": 0, "axis": "y", "origin": [16, 0, -2]},
			"faces": {
				"north": {"uv": [11, 11, 11.5, 11.5], "texture": "#0"},
				"east": {"uv": [0, 11.5, 0.5, 12], "texture": "#0"},
				"south": {"uv": [11.5, 0, 12, 0.5], "texture": "#0"},
				"west": {"uv": [0.5, 11.5, 1, 12], "texture": "#0"},
				"up": {"uv": [12, 1, 11.5, 0.5], "texture": "#0"},
				"down": {"uv": [1.5, 11.5, 1, 12], "texture": "#0"}
			}
		},
		{
			"from": [15, 0, -3],
			"to": [17, 1, -2],
			"rotation": {"angle": 0, "axis": "y", "origin": [15, 0, -3]},
			"faces": {
				"north": {"uv": [8.5, 6, 9.5, 6.5], "texture": "#0"},
				"east": {"uv": [11.5, 1, 12, 1.5], "texture": "#0"},
				"south": {"uv": [8.5, 7.5, 9.5, 8], "texture": "#0"},
				"west": {"uv": [1.5, 11.5, 2, 12], "texture": "#0"},
				"up": {"uv": [9, 9, 8, 8.5], "texture": "#0"},
				"down": {"uv": [9.5, 8, 8.5, 8.5], "texture": "#0"}
			}
		},
		{
			"from": [14, 0, -4],
			"to": [16, 1, -3],
			"rotation": {"angle": 0, "axis": "y", "origin": [14, 0, -4]},
			"faces": {
				"north": {"uv": [0, 9, 1, 9.5], "texture": "#0"},
				"east": {"uv": [11.5, 1.5, 12, 2], "texture": "#0"},
				"south": {"uv": [9, 0, 10, 0.5], "texture": "#0"},
				"west": {"uv": [2, 11.5, 2.5, 12], "texture": "#0"},
				"up": {"uv": [10, 1, 9, 0.5], "texture": "#0"},
				"down": {"uv": [2.5, 9, 1.5, 9.5], "texture": "#0"}
			}
		},
		{
			"from": [13, 0, -5],
			"to": [15, 1, -4],
			"rotation": {"angle": 0, "axis": "y", "origin": [13, 0, -5]},
			"faces": {
				"north": {"uv": [9, 2, 10, 2.5], "texture": "#0"},
				"east": {"uv": [11.5, 2, 12, 2.5], "texture": "#0"},
				"south": {"uv": [2.5, 9, 3.5, 9.5], "texture": "#0"},
				"west": {"uv": [2.5, 11.5, 3, 12], "texture": "#0"},
				"up": {"uv": [4.5, 9.5, 3.5, 9], "texture": "#0"},
				"down": {"uv": [10, 3.5, 9, 4], "texture": "#0"}
			}
		},
		{
			"from": [11, 0, -6],
			"to": [13, 1, -5],
			"rotation": {"angle": 0, "axis": "y", "origin": [11, 0, -6]},
			"faces": {
				"north": {"uv": [9, 4, 10, 4.5], "texture": "#0"},
				"east": {"uv": [11.5, 2.5, 12, 3], "texture": "#0"},
				"south": {"uv": [4.5, 9, 5.5, 9.5], "texture": "#0"},
				"west": {"uv": [3, 11.5, 3.5, 12], "texture": "#0"},
				"up": {"uv": [10, 5, 9, 4.5], "texture": "#0"},
				"down": {"uv": [7, 9, 6, 9.5], "texture": "#0"}
			}
		},
		{
			"from": [9, 0, -7],
			"to": [12, 1, -6],
			"rotation": {"angle": 0, "axis": "y", "origin": [9, 0, -7]},
			"faces": {
				"north": {"uv": [5.5, 4.5, 7, 5], "texture": "#0"},
				"east": {"uv": [11.5, 3, 12, 3.5], "texture": "#0"},
				"south": {"uv": [0, 6, 1.5, 6.5], "texture": "#0"},
				"west": {"uv": [3.5, 11.5, 4, 12], "texture": "#0"},
				"up": {"uv": [7.5, 0.5, 6, 0], "texture": "#0"},
				"down": {"uv": [7.5, 0.5, 6, 1], "texture": "#0"}
			}
		}
	],
	"display": {
		"thirdperson_righthand": {
			"rotation": [90, 45, 0],
			"translation": [1.25, 2.25, 4.75],
			"scale": [0.5, 0.5, 0.5]
		},
		"thirdperson_lefthand": {
			"rotation": [90, 45, 180],
			"translation": [1, 1.5, -3],
			"scale": [0.5, 0.5, 0.5]
		},
		"firstperson_righthand": {
			"rotation": [55, 45, 0],
			"translation": [7.5, 1.5, 0],
			"scale": [0.5, 0.5, 0.5]
		},
		"firstperson_lefthand": {
			"rotation": [55, 45, 180],
			"translation": [16, -7, -13],
			"scale": [0.5, 0.5, 0.5]
		},
		"ground": {
			"translation": [0, 1.75, 1.5],
			"scale": [0.5, 0.5, 0.5]
		},
		"gui": {
			"rotation": [90, 0, 0],
			"translation": [-1, -4.25, 0],
			"scale": [0.8, 0.8, 0.8]
		},
		"head": {
			"scale": [0, 0, 0]
		},
		"fixed": {
			"rotation": [90, -45, -180],
			"translation": [-1.5, -3, -7.25],
			"scale": [0.9, 0.9, 0.9]
		}
	}
}