{
	"credit": "Made with Blockbench",
	"texture_size": [32, 32],
	"textures": {
		"0": "infinitecrops:item/harvestertools/fortune-cultivator"
	},
	"elements": [
		{
			"from": [3, 0, 3],
			"to": [4, 1, 4],
			"rotation": {"angle": 0, "axis": "y", "origin": [3, 0, 3]},
			"faces": {
				"north": {"uv": [2.5, 10, 3, 10.5], "texture": "#0"},
				"east": {"uv": [2.5, 10.5, 3, 11], "texture": "#0"},
				"south": {"uv": [2.5, 11, 3, 11.5], "texture": "#0"},
				"west": {"uv": [2.5, 11.5, 3, 12], "texture": "#0"},
				"up": {"uv": [6, 12, 5.5, 11.5], "texture": "#0"},
				"down": {"uv": [12, 11, 11.5, 11.5], "texture": "#0"}
			}
		},
		{
			"from": [2, 1, 3],
			"to": [5, 6, 4],
			"rotation": {"angle": 0, "axis": "y", "origin": [2, 1, 3]},
			"faces": {
				"north": {"uv": [3, 5, 4.5, 7.5], "texture": "#0"},
				"east": {"uv": [7, 9.5, 7.5, 12], "texture": "#0"},
				"south": {"uv": [4.5, 5, 6, 7.5], "texture": "#0"},
				"west": {"uv": [0, 10, 0.5, 12.5], "texture": "#0"},
				"up": {"uv": [10, 10.5, 8.5, 10], "texture": "#0"},
				"down": {"uv": [11.5, 10, 10, 10.5], "texture": "#0"}
			}
		},
		{
			"from": [2, 6, 4],
			"to": [5, 7, 14],
			"rotation": {"angle": 0, "axis": "y", "origin": [2, 6, 4]},
			"faces": {
				"north": {"uv": [8.5, 10.5, 10, 11], "texture": "#0"},
				"east": {"uv": [7.5, 5.5, 12.5, 6], "texture": "#0"},
				"south": {"uv": [10, 10.5, 11.5, 11], "texture": "#0"},
				"west": {"uv": [7.5, 6, 12.5, 6.5], "texture": "#0"},
				"up": {"uv": [1.5, 5, 0, 0], "texture": "#0"},
				"down": {"uv": [3, 0, 1.5, 5], "texture": "#0"}
			}
		},
		{
			"from": [2, 7, 14],
			"to": [17, 8, 15],
			"rotation": {"angle": 0, "axis": "y", "origin": [2, 7, 14]},
			"faces": {
				"north": {"uv": [6, 0, 13.5, 0.5], "texture": "#0"},
				"east": {"uv": [7, 12, 7.5, 12.5], "texture": "#0"},
				"south": {"uv": [6, 0.5, 13.5, 1], "texture": "#0"},
				"west": {"uv": [8.5, 12, 9, 12.5], "texture": "#0"},
				"up": {"uv": [13.5, 1.5, 6, 1], "texture": "#0"},
				"down": {"uv": [13.5, 1.5, 6, 2], "texture": "#0"}
			}
		},
		{
			"from": [3, 6, 3],
			"to": [4, 7, 4],
			"rotation": {"angle": 0, "axis": "y", "origin": [3, 6, 3]},
			"faces": {
				"north": {"uv": [11.5, 11.5, 12, 12], "texture": "#0"},
				"east": {"uv": [2.5, 12, 3, 12.5], "texture": "#0"},
				"south": {"uv": [4, 12, 4.5, 12.5], "texture": "#0"},
				"west": {"uv": [4.5, 12, 5, 12.5], "texture": "#0"},
				"up": {"uv": [5.5, 12.5, 5, 12], "texture": "#0"},
				"down": {"uv": [6, 12, 5.5, 12.5], "texture": "#0"}
			}
		},
		{
			"from": [9, 0, 3],
			"to": [10, 1, 4],
			"rotation": {"angle": 0, "axis": "y", "origin": [9, 0, 3]},
			"faces": {
				"north": {"uv": [9, 12, 9.5, 12.5], "texture": "#0"},
				"east": {"uv": [9.5, 12, 10, 12.5], "texture": "#0"},
				"south": {"uv": [10, 12, 10.5, 12.5], "texture": "#0"},
				"west": {"uv": [10.5, 12, 11, 12.5], "texture": "#0"},
				"up": {"uv": [11.5, 12.5, 11, 12], "texture": "#0"},
				"down": {"uv": [12.5, 11, 12, 11.5], "texture": "#0"}
			}
		},
		{
			"from": [8, 1, 3],
			"to": [11, 6, 4],
			"rotation": {"angle": 0, "axis": "y", "origin": [8, 1, 3]},
			"faces": {
				"north": {"uv": [6, 2, 7.5, 4.5], "texture": "#0"},
				"east": {"uv": [0.5, 10, 1, 12.5], "texture": "#0"},
				"south": {"uv": [6, 4.5, 7.5, 7], "texture": "#0"},
				"west": {"uv": [1, 10, 1.5, 12.5], "texture": "#0"},
				"up": {"uv": [10, 11.5, 8.5, 11], "texture": "#0"},
				"down": {"uv": [11.5, 11, 10, 11.5], "texture": "#0"}
			}
		},
		{
			"from": [8, 6, 4],
			"to": [11, 7, 14],
			"rotation": {"angle": 0, "axis": "y", "origin": [8, 6, 4]},
			"faces": {
				"north": {"uv": [4, 11.5, 5.5, 12], "texture": "#0"},
				"east": {"uv": [7.5, 6.5, 12.5, 7], "texture": "#0"},
				"south": {"uv": [8.5, 11.5, 10, 12], "texture": "#0"},
				"west": {"uv": [7.5, 7, 12.5, 7.5], "texture": "#0"},
				"up": {"uv": [4.5, 5, 3, 0], "texture": "#0"},
				"down": {"uv": [6, 0, 4.5, 5], "texture": "#0"}
			}
		},
		{
			"from": [9, 6, 3],
			"to": [10, 7, 4],
			"rotation": {"angle": 0, "axis": "y", "origin": [9, 6, 3]},
			"faces": {
				"north": {"uv": [11.5, 12, 12, 12.5], "texture": "#0"},
				"east": {"uv": [12, 11.5, 12.5, 12], "texture": "#0"},
				"south": {"uv": [12, 12, 12.5, 12.5], "texture": "#0"},
				"west": {"uv": [0, 12.5, 0.5, 13], "texture": "#0"},
				"up": {"uv": [1, 13, 0.5, 12.5], "texture": "#0"},
				"down": {"uv": [1.5, 12.5, 1, 13], "texture": "#0"}
			}
		},
		{
			"from": [15, 0, 3],
			"to": [16, 1, 4],
			"rotation": {"angle": 0, "axis": "y", "origin": [15, 0, 3]},
			"faces": {
				"north": {"uv": [1.5, 12.5, 2, 13], "texture": "#0"},
				"east": {"uv": [2, 12.5, 2.5, 13], "texture": "#0"},
				"south": {"uv": [2.5, 12.5, 3, 13], "texture": "#0"},
				"west": {"uv": [4, 12.5, 4.5, 13], "texture": "#0"},
				"up": {"uv": [5, 13, 4.5, 12.5], "texture": "#0"},
				"down": {"uv": [5.5, 12.5, 5, 13], "texture": "#0"}
			}
		},
		{
			"from": [14, 1, 3],
			"to": [17, 6, 4],
			"rotation": {"angle": 0, "axis": "y", "origin": [14, 1, 3]},
			"faces": {
				"north": {"uv": [6, 7, 7.5, 9.5], "texture": "#0"},
				"east": {"uv": [1.5, 10, 2, 12.5], "texture": "#0"},
				"south": {"uv": [7.5, 2, 9, 4.5], "texture": "#0"},
				"west": {"uv": [2, 10, 2.5, 12.5], "texture": "#0"},
				"up": {"uv": [13, 9, 11.5, 8.5], "texture": "#0"},
				"down": {"uv": [11.5, 11.5, 10, 12], "texture": "#0"}
			}
		},
		{
			"from": [14, 6, 4],
			"to": [17, 7, 14],
			"rotation": {"angle": 0, "axis": "y", "origin": [14, 6, 4]},
			"faces": {
				"north": {"uv": [11.5, 10, 13, 10.5], "texture": "#0"},
				"east": {"uv": [7.5, 7.5, 12.5, 8], "texture": "#0"},
				"south": {"uv": [11.5, 10.5, 13, 11], "texture": "#0"},
				"west": {"uv": [7.5, 8, 12.5, 8.5], "texture": "#0"},
				"up": {"uv": [1.5, 10, 0, 5], "texture": "#0"},
				"down": {"uv": [3, 5, 1.5, 10], "texture": "#0"}
			}
		},
		{
			"from": [15, 6, 3],
			"to": [16, 7, 4],
			"rotation": {"angle": 0, "axis": "y", "origin": [15, 6, 3]},
			"faces": {
				"north": {"uv": [5.5, 12.5, 6, 13], "texture": "#0"},
				"east": {"uv": [12.5, 5.5, 13, 6], "texture": "#0"},
				"south": {"uv": [12.5, 6, 13, 6.5], "texture": "#0"},
				"west": {"uv": [12.5, 6.5, 13, 7], "texture": "#0"},
				"up": {"uv": [7.5, 13, 7, 12.5], "texture": "#0"},
				"down": {"uv": [13, 7, 12.5, 7.5], "texture": "#0"}
			}
		},
		{
			"from": [15, 6, 14],
			"to": [16, 7, 15],
			"rotation": {"angle": 0, "axis": "y", "origin": [15, 6, 14]},
			"faces": {
				"north": {"uv": [12.5, 7.5, 13, 8], "texture": "#0"},
				"east": {"uv": [12.5, 8, 13, 8.5], "texture": "#0"},
				"south": {"uv": [8.5, 12.5, 9, 13], "texture": "#0"},
				"west": {"uv": [9, 12.5, 9.5, 13], "texture": "#0"},
				"up": {"uv": [13, 9.5, 12.5, 9], "texture": "#0"},
				"down": {"uv": [10, 12.5, 9.5, 13], "texture": "#0"}
			}
		},
		{
			"from": [9, 6, 14],
			"to": [10, 7, 15],
			"rotation": {"angle": 0, "axis": "y", "origin": [9, 6, 14]},
			"faces": {
				"north": {"uv": [12.5, 9.5, 13, 10], "texture": "#0"},
				"east": {"uv": [10, 12.5, 10.5, 13], "texture": "#0"},
				"south": {"uv": [10.5, 12.5, 11, 13], "texture": "#0"},
				"west": {"uv": [11, 12.5, 11.5, 13], "texture": "#0"},
				"up": {"uv": [13, 11.5, 12.5, 11], "texture": "#0"},
				"down": {"uv": [12, 12.5, 11.5, 13], "texture": "#0"}
			}
		},
		{
			"from": [3, 6, 14],
			"to": [4, 7, 15],
			"rotation": {"angle": 0, "axis": "y", "origin": [3, 6, 14]},
			"faces": {
				"north": {"uv": [12.5, 11.5, 13, 12], "texture": "#0"},
				"east": {"uv": [12, 12.5, 12.5, 13], "texture": "#0"},
				"south": {"uv": [12.5, 12, 13, 12.5], "texture": "#0"},
				"west": {"uv": [12.5, 12.5, 13, 13], "texture": "#0"},
				"up": {"uv": [0.5, 13.5, 0, 13], "texture": "#0"},
				"down": {"uv": [1, 13, 0.5, 13.5], "texture": "#0"}
			}
		},
		{
			"from": [9, 7, 15],
			"to": [10, 8, 30],
			"rotation": {"angle": 0, "axis": "y", "origin": [9, 7, 15]},
			"faces": {
				"north": {"uv": [1, 13, 1.5, 13.5], "texture": "#0"},
				"east": {"uv": [7.5, 4.5, 15, 5], "texture": "#0"},
				"south": {"uv": [1.5, 13, 2, 13.5], "texture": "#0"},
				"west": {"uv": [7.5, 5, 15, 5.5], "texture": "#0"},
				"up": {"uv": [3.5, 15, 3, 7.5], "texture": "#0"},
				"down": {"uv": [4, 7.5, 3.5, 15], "texture": "#0"}
			}
		},
		{
			"from": [9, 8, 22],
			"to": [10, 9, 30],
			"rotation": {"angle": 0, "axis": "y", "origin": [9, 8, 22]},
			"faces": {
				"north": {"uv": [2, 13, 2.5, 13.5], "texture": "#0"},
				"east": {"uv": [7.5, 8.5, 11.5, 9], "texture": "#0"},
				"south": {"uv": [13, 2, 13.5, 2.5], "texture": "#0"},
				"west": {"uv": [9, 2, 13, 2.5], "texture": "#0"},
				"up": {"uv": [4.5, 11.5, 4, 7.5], "texture": "#0"},
				"down": {"uv": [5, 7.5, 4.5, 11.5], "texture": "#0"}
			}
		},
		{
			"from": [10, 7, 22],
			"to": [11, 8, 30],
			"rotation": {"angle": 0, "axis": "y", "origin": [10, 7, 22]},
			"faces": {
				"north": {"uv": [2.5, 13, 3, 13.5], "texture": "#0"},
				"east": {"uv": [9, 2.5, 13, 3], "texture": "#0"},
				"south": {"uv": [13, 2.5, 13.5, 3], "texture": "#0"},
				"west": {"uv": [9, 3, 13, 3.5], "texture": "#0"},
				"up": {"uv": [5.5, 11.5, 5, 7.5], "texture": "#0"},
				"down": {"uv": [6, 7.5, 5.5, 11.5], "texture": "#0"}
			}
		},
		{
			"from": [8, 7, 22],
			"to": [9, 8, 30],
			"rotation": {"angle": 0, "axis": "y", "origin": [8, 7, 22]},
			"faces": {
				"north": {"uv": [13, 3, 13.5, 3.5], "texture": "#0"},
				"east": {"uv": [9, 3.5, 13, 4], "texture": "#0"},
				"south": {"uv": [13, 3.5, 13.5, 4], "texture": "#0"},
				"west": {"uv": [9, 4, 13, 4.5], "texture": "#0"},
				"up": {"uv": [8, 13, 7.5, 9], "texture": "#0"},
				"down": {"uv": [8.5, 9, 8, 13], "texture": "#0"}
			}
		},
		{
			"from": [9, 6, 22],
			"to": [10, 7, 30],
			"rotation": {"angle": 0, "axis": "y", "origin": [9, 6, 22]},
			"faces": {
				"north": {"uv": [4, 13, 4.5, 13.5], "texture": "#0"},
				"east": {"uv": [8.5, 9, 12.5, 9.5], "texture": "#0"},
				"south": {"uv": [13, 4, 13.5, 4.5], "texture": "#0"},
				"west": {"uv": [8.5, 9.5, 12.5, 10], "texture": "#0"},
				"up": {"uv": [6.5, 13.5, 6, 9.5], "texture": "#0"},
				"down": {"uv": [7, 9.5, 6.5, 13.5], "texture": "#0"}
			}
		}
	],
	"display": {
		"thirdperson_righthand": {
			"rotation": [90, 0, 0],
			"translation": [-0.25, 3.75, 0.75],
			"scale": [0.25, 0.25, 0.25]
		},
		"thirdperson_lefthand": {
			"rotation": [90, 0, 0],
			"translation": [0.5, 3.75, 1],
			"scale": [0.25, 0.25, 0.25]
		},
		"firstperson_righthand": {
			"rotation": [90, -10, -5],
			"translation": [4, 3.5, 0],
			"scale": [0.25, 0.25, 0.25]
		},
		"firstperson_lefthand": {
			"rotation": [90, 10, 5],
			"translation": [4.25, 3.75, 0],
			"scale": [0.25, 0.25, 0.25]
		},
		"ground": {
			"translation": [0, 0, -1.75],
			"scale": [0.25, 0.25, 0.25]
		},
		"gui": {
			"rotation": [90, 17, -43],
			"translation": [0, 3.75, 0],
			"scale": [0.5, 0.5, 0.5]
		},
		"head": {
			"scale": [0, 0, 0]
		},
		"fixed": {
			"rotation": [90, 0, 0],
			"translation": [-0.75, 3.75, 0],
			"scale": [0.5, 0.5, 0.5]
		}
	}
}