{
	"credit": "Made with Blockbench",
	"texture_size": [64, 64],
	"textures": {
		"0": "infinitecrops:item/harvestertools/fruit-picker"
	},
	"elements": [
		{
			"from": [4, 14, -7],
			"to": [9, 15, -6],
			"rotation": {"angle": 0, "axis": "y", "origin": [4, 14, -7]},
			"faces": {
				"north": {"uv": [6.25, 2, 7.5, 2.25], "texture": "#0"},
				"east": {"uv": [7.5, 11.5, 7.75, 11.75], "texture": "#0"},
				"south": {"uv": [6.25, 2.25, 7.5, 2.5], "texture": "#0"},
				"west": {"uv": [11.5, 7.5, 11.75, 7.75], "texture": "#0"},
				"up": {"uv": [7.5, 2.75, 6.25, 2.5], "texture": "#0"},
				"down": {"uv": [7.75, 1, 6.5, 1.25], "texture": "#0"}
			}
		},
		{
			"from": [2, 13, -7],
			"to": [4, 14, -6],
			"rotation": {"angle": 0, "axis": "y", "origin": [2, 13, -7]},
			"faces": {
				"north": {"uv": [4, 2.75, 4.5, 3], "texture": "#0"},
				"east": {"uv": [7.75, 11.5, 8, 11.75], "texture": "#0"},
				"south": {"uv": [0.25, 11, 0.75, 11.25], "texture": "#0"},
				"west": {"uv": [11.5, 7.75, 11.75, 8], "texture": "#0"},
				"up": {"uv": [11.5, 4.25, 11, 4], "texture": "#0"},
				"down": {"uv": [11.5, 4.25, 11, 4.5], "texture": "#0"}
			}
		},
		{
			"from": [1, 12, -7],
			"to": [2, 13, -6],
			"rotation": {"angle": 0, "axis": "y", "origin": [1, 12, -7]},
			"faces": {
				"north": {"uv": [8, 11.5, 8.25, 11.75], "texture": "#0"},
				"east": {"uv": [11.5, 8, 11.75, 8.25], "texture": "#0"},
				"south": {"uv": [8.25, 11.5, 8.5, 11.75], "texture": "#0"},
				"west": {"uv": [11.5, 8.25, 11.75, 8.5], "texture": "#0"},
				"up": {"uv": [8.75, 11.75, 8.5, 11.5], "texture": "#0"},
				"down": {"uv": [11.75, 8.5, 11.5, 8.75], "texture": "#0"}
			}
		},
		{
			"from": [9, 13, -7],
			"to": [11, 14, -6],
			"rotation": {"angle": 0, "axis": "y", "origin": [9, 13, -7]},
			"faces": {
				"north": {"uv": [11, 5.25, 11.5, 5.5], "texture": "#0"},
				"east": {"uv": [8.75, 11.5, 9, 11.75], "texture": "#0"},
				"south": {"uv": [5.5, 11, 6, 11.25], "texture": "#0"},
				"west": {"uv": [11.5, 8.75, 11.75, 9], "texture": "#0"},
				"up": {"uv": [7.5, 11.25, 7, 11], "texture": "#0"},
				"down": {"uv": [8, 11, 7.5, 11.25], "texture": "#0"}
			}
		},
		{
			"from": [11, 12, -7],
			"to": [12, 13, -6],
			"rotation": {"angle": 0, "axis": "y", "origin": [11, 12, -7]},
			"faces": {
				"north": {"uv": [9, 11.5, 9.25, 11.75], "texture": "#0"},
				"east": {"uv": [11.5, 9, 11.75, 9.25], "texture": "#0"},
				"south": {"uv": [11.5, 9.25, 11.75, 9.5], "texture": "#0"},
				"west": {"uv": [9.5, 11.5, 9.75, 11.75], "texture": "#0"},
				"up": {"uv": [11.75, 10, 11.5, 9.75], "texture": "#0"},
				"down": {"uv": [11.75, 10, 11.5, 10.25], "texture": "#0"}
			}
		},
		{
			"from": [13, 5, -7],
			"to": [14, 10, -6],
			"rotation": {"angle": 0, "axis": "y", "origin": [13, 5, -7]},
			"faces": {
				"north": {"uv": [0.75, 6.5, 1, 7.75], "texture": "#0"},
				"east": {"uv": [3, 6.5, 3.25, 7.75], "texture": "#0"},
				"south": {"uv": [3.25, 6.5, 3.5, 7.75], "texture": "#0"},
				"west": {"uv": [3.5, 6.5, 3.75, 7.75], "texture": "#0"},
				"up": {"uv": [11.75, 10.5, 11.5, 10.25], "texture": "#0"},
				"down": {"uv": [11.75, 10.5, 11.5, 10.75], "texture": "#0"}
			}
		},
		{
			"from": [12, 10, -7],
			"to": [13, 12, -6],
			"rotation": {"angle": 0, "axis": "y", "origin": [12, 10, -7]},
			"faces": {
				"north": {"uv": [5, 11, 5.25, 11.5], "texture": "#0"},
				"east": {"uv": [6, 11, 6.25, 11.5], "texture": "#0"},
				"south": {"uv": [8.75, 11, 9, 11.5], "texture": "#0"},
				"west": {"uv": [9, 11, 9.25, 11.5], "texture": "#0"},
				"up": {"uv": [11.75, 11, 11.5, 10.75], "texture": "#0"},
				"down": {"uv": [11.25, 11.5, 11, 11.75], "texture": "#0"}
			}
		},
		{
			"from": [-1, 5, -7],
			"to": [0, 10, -6],
			"rotation": {"angle": 0, "axis": "y", "origin": [-1, 5, -7]},
			"faces": {
				"north": {"uv": [3.75, 6.5, 4, 7.75], "texture": "#0"},
				"east": {"uv": [4, 6.5, 4.25, 7.75], "texture": "#0"},
				"south": {"uv": [4.75, 6.5, 5, 7.75], "texture": "#0"},
				"west": {"uv": [6.5, 6, 6.75, 7.25], "texture": "#0"},
				"up": {"uv": [11.75, 11.25, 11.5, 11], "texture": "#0"},
				"down": {"uv": [11.5, 11.5, 11.25, 11.75], "texture": "#0"}
			}
		},
		{
			"from": [0, 10, -7],
			"to": [1, 12, -6],
			"rotation": {"angle": 0, "axis": "y", "origin": [0, 10, -7]},
			"faces": {
				"north": {"uv": [11, 9.25, 11.25, 9.75], "texture": "#0"},
				"east": {"uv": [9.5, 11, 9.75, 11.5], "texture": "#0"},
				"south": {"uv": [11, 10.5, 11.25, 11], "texture": "#0"},
				"west": {"uv": [11, 11, 11.25, 11.5], "texture": "#0"},
				"up": {"uv": [11.75, 11.5, 11.5, 11.25], "texture": "#0"},
				"down": {"uv": [11.75, 11.5, 11.5, 11.75], "texture": "#0"}
			}
		},
		{
			"from": [12, 3, -7],
			"to": [13, 5, -6],
			"rotation": {"angle": 0, "axis": "y", "origin": [12, 3, -7]},
			"faces": {
				"north": {"uv": [0.25, 11.25, 0.5, 11.75], "texture": "#0"},
				"east": {"uv": [11.25, 0.25, 11.5, 0.75], "texture": "#0"},
				"south": {"uv": [0.5, 11.25, 0.75, 11.75], "texture": "#0"},
				"west": {"uv": [11.25, 0.75, 11.5, 1.25], "texture": "#0"},
				"up": {"uv": [0.25, 12, 0, 11.75], "texture": "#0"},
				"down": {"uv": [12, 0, 11.75, 0.25], "texture": "#0"}
			}
		},
		{
			"from": [0, 3, -7],
			"to": [1, 5, -6],
			"rotation": {"angle": 0, "axis": "y", "origin": [0, 3, -7]},
			"faces": {
				"north": {"uv": [11.25, 1.25, 11.5, 1.75], "texture": "#0"},
				"east": {"uv": [2.5, 11.25, 2.75, 11.75], "texture": "#0"},
				"south": {"uv": [2.75, 11.25, 3, 11.75], "texture": "#0"},
				"west": {"uv": [11.25, 2.75, 11.5, 3.25], "texture": "#0"},
				"up": {"uv": [0.5, 12, 0.25, 11.75], "texture": "#0"},
				"down": {"uv": [12, 0.25, 11.75, 0.5], "texture": "#0"}
			}
		},
		{
			"from": [11, 2, -7],
			"to": [12, 3, -6],
			"rotation": {"angle": 0, "axis": "y", "origin": [11, 2, -7]},
			"faces": {
				"north": {"uv": [0.5, 11.75, 0.75, 12], "texture": "#0"},
				"east": {"uv": [11.75, 0.5, 12, 0.75], "texture": "#0"},
				"south": {"uv": [11.75, 0.75, 12, 1], "texture": "#0"},
				"west": {"uv": [1, 11.75, 1.25, 12], "texture": "#0"},
				"up": {"uv": [1.5, 12, 1.25, 11.75], "texture": "#0"},
				"down": {"uv": [1.75, 11.75, 1.5, 12], "texture": "#0"}
			}
		},
		{
			"from": [1, 2, -7],
			"to": [2, 3, -6],
			"rotation": {"angle": 0, "axis": "y", "origin": [1, 2, -7]},
			"faces": {
				"north": {"uv": [1.75, 11.75, 2, 12], "texture": "#0"},
				"east": {"uv": [11.75, 1.75, 12, 2], "texture": "#0"},
				"south": {"uv": [2, 11.75, 2.25, 12], "texture": "#0"},
				"west": {"uv": [2.25, 11.75, 2.5, 12], "texture": "#0"},
				"up": {"uv": [12, 2.5, 11.75, 2.25], "texture": "#0"},
				"down": {"uv": [2.75, 11.75, 2.5, 12], "texture": "#0"}
			}
		},
		{
			"from": [9, 1, -7],
			"to": [11, 2, -6],
			"rotation": {"angle": 0, "axis": "y", "origin": [9, 1, -7]},
			"faces": {
				"north": {"uv": [11, 9.75, 11.5, 10], "texture": "#0"},
				"east": {"uv": [11.75, 2.5, 12, 2.75], "texture": "#0"},
				"south": {"uv": [11.25, 1.75, 11.75, 2], "texture": "#0"},
				"west": {"uv": [2.75, 11.75, 3, 12], "texture": "#0"},
				"up": {"uv": [3.75, 11.5, 3.25, 11.25], "texture": "#0"},
				"down": {"uv": [11.75, 3.25, 11.25, 3.5], "texture": "#0"}
			}
		},
		{
			"from": [2, 1, -7],
			"to": [4, 2, -6],
			"rotation": {"angle": 0, "axis": "y", "origin": [2, 1, -7]},
			"faces": {
				"north": {"uv": [11.25, 3.5, 11.75, 3.75], "texture": "#0"},
				"east": {"uv": [11.75, 2.75, 12, 3], "texture": "#0"},
				"south": {"uv": [11.25, 5, 11.75, 5.25], "texture": "#0"},
				"west": {"uv": [11.75, 3, 12, 3.25], "texture": "#0"},
				"up": {"uv": [5.75, 11.5, 5.25, 11.25], "texture": "#0"},
				"down": {"uv": [11.75, 5.5, 11.25, 5.75], "texture": "#0"}
			}
		},
		{
			"from": [4, 0, -7],
			"to": [9, 1, -6],
			"rotation": {"angle": 0, "axis": "y", "origin": [4, 0, -7]},
			"faces": {
				"north": {"uv": [6.5, 1.25, 7.75, 1.5], "texture": "#0"},
				"east": {"uv": [11.75, 3.25, 12, 3.5], "texture": "#0"},
				"south": {"uv": [6.5, 1.5, 7.75, 1.75], "texture": "#0"},
				"west": {"uv": [11.75, 3.5, 12, 3.75], "texture": "#0"},
				"up": {"uv": [7.75, 2, 6.5, 1.75], "texture": "#0"},
				"down": {"uv": [7.75, 3.5, 6.5, 3.75], "texture": "#0"}
			}
		},
		{
			"from": [4, 0, -2],
			"to": [9, 1, -1],
			"rotation": {"angle": 0, "axis": "y", "origin": [4, 0, -2]},
			"faces": {
				"north": {"uv": [6.75, 2.75, 8, 3], "texture": "#0"},
				"east": {"uv": [3.75, 11.75, 4, 12], "texture": "#0"},
				"south": {"uv": [6.75, 3, 8, 3.25], "texture": "#0"},
				"west": {"uv": [11.75, 3.75, 12, 4], "texture": "#0"},
				"up": {"uv": [8, 3.5, 6.75, 3.25], "texture": "#0"},
				"down": {"uv": [8, 5.25, 6.75, 5.5], "texture": "#0"}
			}
		},
		{
			"from": [4, 14, -2],
			"to": [9, 15, -1],
			"rotation": {"angle": 0, "axis": "y", "origin": [4, 14, -2]},
			"faces": {
				"north": {"uv": [6.75, 6, 8, 6.25], "texture": "#0"},
				"east": {"uv": [11.75, 4, 12, 4.25], "texture": "#0"},
				"south": {"uv": [6.75, 6.25, 8, 6.5], "texture": "#0"},
				"west": {"uv": [11.75, 4.25, 12, 4.5], "texture": "#0"},
				"up": {"uv": [8, 6.75, 6.75, 6.5], "texture": "#0"},
				"down": {"uv": [8, 6.75, 6.75, 7], "texture": "#0"}
			}
		},
		{
			"from": [2, 13, -2],
			"to": [4, 14, -1],
			"rotation": {"angle": 0, "axis": "y", "origin": [2, 13, -2]},
			"faces": {
				"north": {"uv": [11.25, 5.75, 11.75, 6], "texture": "#0"},
				"east": {"uv": [4.5, 11.75, 4.75, 12], "texture": "#0"},
				"south": {"uv": [11.25, 6, 11.75, 6.25], "texture": "#0"},
				"west": {"uv": [4.75, 11.75, 5, 12], "texture": "#0"},
				"up": {"uv": [11.75, 6.5, 11.25, 6.25], "texture": "#0"},
				"down": {"uv": [11.75, 6.5, 11.25, 6.75], "texture": "#0"}
			}
		},
		{
			"from": [1, 12, -2],
			"to": [2, 13, -1],
			"rotation": {"angle": 0, "axis": "y", "origin": [1, 12, -2]},
			"faces": {
				"north": {"uv": [5, 11.75, 5.25, 12], "texture": "#0"},
				"east": {"uv": [11.75, 5, 12, 5.25], "texture": "#0"},
				"south": {"uv": [5.25, 11.75, 5.5, 12], "texture": "#0"},
				"west": {"uv": [5.5, 11.75, 5.75, 12], "texture": "#0"},
				"up": {"uv": [12, 5.75, 11.75, 5.5], "texture": "#0"},
				"down": {"uv": [6, 11.75, 5.75, 12], "texture": "#0"}
			}
		},
		{
			"from": [9, 13, -2],
			"to": [11, 14, -1],
			"rotation": {"angle": 0, "axis": "y", "origin": [9, 13, -2]},
			"faces": {
				"north": {"uv": [6.75, 11.25, 7.25, 11.5], "texture": "#0"},
				"east": {"uv": [11.75, 5.75, 12, 6], "texture": "#0"},
				"south": {"uv": [11.25, 6.75, 11.75, 7], "texture": "#0"},
				"west": {"uv": [6, 11.75, 6.25, 12], "texture": "#0"},
				"up": {"uv": [7.75, 11.5, 7.25, 11.25], "texture": "#0"},
				"down": {"uv": [8.25, 11.25, 7.75, 11.5], "texture": "#0"}
			}
		},
		{
			"from": [11, 12, -2],
			"to": [12, 13, -1],
			"rotation": {"angle": 0, "axis": "y", "origin": [11, 12, -2]},
			"faces": {
				"north": {"uv": [11.75, 6, 12, 6.25], "texture": "#0"},
				"east": {"uv": [6.25, 11.75, 6.5, 12], "texture": "#0"},
				"south": {"uv": [11.75, 6.25, 12, 6.5], "texture": "#0"},
				"west": {"uv": [6.5, 11.75, 6.75, 12], "texture": "#0"},
				"up": {"uv": [12, 6.75, 11.75, 6.5], "texture": "#0"},
				"down": {"uv": [7, 11.75, 6.75, 12], "texture": "#0"}
			}
		},
		{
			"from": [13, 5, -2],
			"to": [14, 10, -1],
			"rotation": {"angle": 0, "axis": "y", "origin": [13, 5, -2]},
			"faces": {
				"north": {"uv": [5, 6.75, 5.25, 8], "texture": "#0"},
				"east": {"uv": [1.5, 7, 1.75, 8.25], "texture": "#0"},
				"south": {"uv": [1.75, 7, 2, 8.25], "texture": "#0"},
				"west": {"uv": [2, 7, 2.25, 8.25], "texture": "#0"},
				"up": {"uv": [12, 7, 11.75, 6.75], "texture": "#0"},
				"down": {"uv": [7.25, 11.75, 7, 12], "texture": "#0"}
			}
		},
		{
			"from": [12, 10, -2],
			"to": [13, 12, -1],
			"rotation": {"angle": 0, "axis": "y", "origin": [12, 10, -2]},
			"faces": {
				"north": {"uv": [3.75, 11.25, 4, 11.75], "texture": "#0"},
				"east": {"uv": [4.5, 11.25, 4.75, 11.75], "texture": "#0"},
				"south": {"uv": [5.75, 11.25, 6, 11.75], "texture": "#0"},
				"west": {"uv": [11.25, 8.25, 11.5, 8.75], "texture": "#0"},
				"up": {"uv": [12, 7.25, 11.75, 7], "texture": "#0"},
				"down": {"uv": [7.5, 11.75, 7.25, 12], "texture": "#0"}
			}
		},
		{
			"from": [-1, 5, -2],
			"to": [0, 10, -1],
			"rotation": {"angle": 0, "axis": "y", "origin": [-1, 5, -2]},
			"faces": {
				"north": {"uv": [2.25, 7, 2.5, 8.25], "texture": "#0"},
				"east": {"uv": [2.5, 7, 2.75, 8.25], "texture": "#0"},
				"south": {"uv": [2.75, 7, 3, 8.25], "texture": "#0"},
				"west": {"uv": [7, 3.75, 7.25, 5], "texture": "#0"},
				"up": {"uv": [12, 7.5, 11.75, 7.25], "texture": "#0"},
				"down": {"uv": [7.75, 11.75, 7.5, 12], "texture": "#0"}
			}
		},
		{
			"from": [0, 10, -2],
			"to": [1, 12, -1],
			"rotation": {"angle": 0, "axis": "y", "origin": [0, 10, -2]},
			"faces": {
				"north": {"uv": [11.25, 9, 11.5, 9.5], "texture": "#0"},
				"east": {"uv": [9.25, 11.25, 9.5, 11.75], "texture": "#0"},
				"south": {"uv": [9.75, 11.25, 10, 11.75], "texture": "#0"},
				"west": {"uv": [10, 11.25, 10.25, 11.75], "texture": "#0"},
				"up": {"uv": [12, 7.75, 11.75, 7.5], "texture": "#0"},
				"down": {"uv": [8, 11.75, 7.75, 12], "texture": "#0"}
			}
		},
		{
			"from": [12, 3, -2],
			"to": [13, 5, -1],
			"rotation": {"angle": 0, "axis": "y", "origin": [12, 3, -2]},
			"faces": {
				"north": {"uv": [10.25, 11.25, 10.5, 11.75], "texture": "#0"},
				"east": {"uv": [10.5, 11.25, 10.75, 11.75], "texture": "#0"},
				"south": {"uv": [11.25, 10.5, 11.5, 11], "texture": "#0"},
				"west": {"uv": [10.75, 11.25, 11, 11.75], "texture": "#0"},
				"up": {"uv": [12, 8, 11.75, 7.75], "texture": "#0"},
				"down": {"uv": [8.25, 11.75, 8, 12], "texture": "#0"}
			}
		},
		{
			"from": [0, 3, -2],
			"to": [1, 5, -1],
			"rotation": {"angle": 0, "axis": "y", "origin": [0, 3, -2]},
			"faces": {
				"north": {"uv": [11.25, 11, 11.5, 11.5], "texture": "#0"},
				"east": {"uv": [11.5, 0, 11.75, 0.5], "texture": "#0"},
				"south": {"uv": [11.5, 0.5, 11.75, 1], "texture": "#0"},
				"west": {"uv": [0.75, 11.5, 1, 12], "texture": "#0"},
				"up": {"uv": [12, 8.25, 11.75, 8], "texture": "#0"},
				"down": {"uv": [8.5, 11.75, 8.25, 12], "texture": "#0"}
			}
		},
		{
			"from": [11, 2, -2],
			"to": [12, 3, -1],
			"rotation": {"angle": 0, "axis": "y", "origin": [11, 2, -2]},
			"faces": {
				"north": {"uv": [11.75, 8.25, 12, 8.5], "texture": "#0"},
				"east": {"uv": [8.5, 11.75, 8.75, 12], "texture": "#0"},
				"south": {"uv": [11.75, 8.5, 12, 8.75], "texture": "#0"},
				"west": {"uv": [8.75, 11.75, 9, 12], "texture": "#0"},
				"up": {"uv": [12, 9, 11.75, 8.75], "texture": "#0"},
				"down": {"uv": [9.25, 11.75, 9, 12], "texture": "#0"}
			}
		},
		{
			"from": [1, 2, -2],
			"to": [2, 3, -1],
			"rotation": {"angle": 0, "axis": "y", "origin": [1, 2, -2]},
			"faces": {
				"north": {"uv": [11.75, 9, 12, 9.25], "texture": "#0"},
				"east": {"uv": [9.25, 11.75, 9.5, 12], "texture": "#0"},
				"south": {"uv": [11.75, 9.25, 12, 9.5], "texture": "#0"},
				"west": {"uv": [9.5, 11.75, 9.75, 12], "texture": "#0"},
				"up": {"uv": [12, 9.75, 11.75, 9.5], "texture": "#0"},
				"down": {"uv": [10, 11.75, 9.75, 12], "texture": "#0"}
			}
		},
		{
			"from": [9, 1, -2],
			"to": [11, 2, -1],
			"rotation": {"angle": 0, "axis": "y", "origin": [9, 1, -2]},
			"faces": {
				"north": {"uv": [11.25, 9.5, 11.75, 9.75], "texture": "#0"},
				"east": {"uv": [11.75, 9.75, 12, 10], "texture": "#0"},
				"south": {"uv": [1, 11.5, 1.5, 11.75], "texture": "#0"},
				"west": {"uv": [10, 11.75, 10.25, 12], "texture": "#0"},
				"up": {"uv": [12, 1.25, 11.5, 1], "texture": "#0"},
				"down": {"uv": [12, 1.25, 11.5, 1.5], "texture": "#0"}
			}
		},
		{
			"from": [2, 1, -2],
			"to": [4, 2, -1],
			"rotation": {"angle": 0, "axis": "y", "origin": [2, 1, -2]},
			"faces": {
				"north": {"uv": [1.5, 11.5, 2, 11.75], "texture": "#0"},
				"east": {"uv": [11.75, 10, 12, 10.25], "texture": "#0"},
				"south": {"uv": [11.5, 1.5, 12, 1.75], "texture": "#0"},
				"west": {"uv": [10.25, 11.75, 10.5, 12], "texture": "#0"},
				"up": {"uv": [2.5, 11.75, 2, 11.5], "texture": "#0"},
				"down": {"uv": [12, 2, 11.5, 2.25], "texture": "#0"}
			}
		},
		{
			"from": [13, 5, -14],
			"to": [14, 10, -13],
			"rotation": {"angle": 0, "axis": "y", "origin": [13, 5, -14]},
			"faces": {
				"north": {"uv": [4.5, 7, 4.75, 8.25], "texture": "#0"},
				"east": {"uv": [5.25, 7, 5.5, 8.25], "texture": "#0"},
				"south": {"uv": [6.75, 7, 7, 8.25], "texture": "#0"},
				"west": {"uv": [7, 7, 7.25, 8.25], "texture": "#0"},
				"up": {"uv": [12, 10.5, 11.75, 10.25], "texture": "#0"},
				"down": {"uv": [10.75, 11.75, 10.5, 12], "texture": "#0"}
			}
		},
		{
			"from": [-1, 5, -14],
			"to": [0, 10, -13],
			"rotation": {"angle": 0, "axis": "y", "origin": [-1, 5, -14]},
			"faces": {
				"north": {"uv": [7.25, 3.75, 7.5, 5], "texture": "#0"},
				"east": {"uv": [6.5, 7.25, 6.75, 8.5], "texture": "#0"},
				"south": {"uv": [7.25, 7, 7.5, 8.25], "texture": "#0"},
				"west": {"uv": [1, 7.5, 1.25, 8.75], "texture": "#0"},
				"up": {"uv": [12, 10.75, 11.75, 10.5], "texture": "#0"},
				"down": {"uv": [11, 11.75, 10.75, 12], "texture": "#0"}
			}
		},
		{
			"from": [12, 3, -14],
			"to": [13, 5, -13],
			"rotation": {"angle": 0, "axis": "y", "origin": [12, 3, -14]},
			"faces": {
				"north": {"uv": [11.5, 2.25, 11.75, 2.75], "texture": "#0"},
				"east": {"uv": [11.5, 2.75, 11.75, 3.25], "texture": "#0"},
				"south": {"uv": [3, 11.5, 3.25, 12], "texture": "#0"},
				"west": {"uv": [3.25, 11.5, 3.5, 12], "texture": "#0"},
				"up": {"uv": [12, 11, 11.75, 10.75], "texture": "#0"},
				"down": {"uv": [11.25, 11.75, 11, 12], "texture": "#0"}
			}
		},
		{
			"from": [0, 3, -14],
			"to": [1, 5, -13],
			"rotation": {"angle": 0, "axis": "y", "origin": [0, 3, -14]},
			"faces": {
				"north": {"uv": [3.5, 11.5, 3.75, 12], "texture": "#0"},
				"east": {"uv": [4, 11.5, 4.25, 12], "texture": "#0"},
				"south": {"uv": [11.5, 4, 11.75, 4.5], "texture": "#0"},
				"west": {"uv": [4.25, 11.5, 4.5, 12], "texture": "#0"},
				"up": {"uv": [12, 11.25, 11.75, 11], "texture": "#0"},
				"down": {"uv": [11.5, 11.75, 11.25, 12], "texture": "#0"}
			}
		},
		{
			"from": [11, 2, -14],
			"to": [12, 3, -13],
			"rotation": {"angle": 0, "axis": "y", "origin": [11, 2, -14]},
			"faces": {
				"north": {"uv": [11.75, 11.25, 12, 11.5], "texture": "#0"},
				"east": {"uv": [11.5, 11.75, 11.75, 12], "texture": "#0"},
				"south": {"uv": [11.75, 11.5, 12, 11.75], "texture": "#0"},
				"west": {"uv": [11.75, 11.75, 12, 12], "texture": "#0"},
				"up": {"uv": [0.25, 12.25, 0, 12], "texture": "#0"},
				"down": {"uv": [12.25, 0, 12, 0.25], "texture": "#0"}
			}
		},
		{
			"from": [1, 2, -14],
			"to": [2, 3, -13],
			"rotation": {"angle": 0, "axis": "y", "origin": [1, 2, -14]},
			"faces": {
				"north": {"uv": [0.25, 12, 0.5, 12.25], "texture": "#0"},
				"east": {"uv": [12, 0.25, 12.25, 0.5], "texture": "#0"},
				"south": {"uv": [0.5, 12, 0.75, 12.25], "texture": "#0"},
				"west": {"uv": [12, 0.5, 12.25, 0.75], "texture": "#0"},
				"up": {"uv": [1, 12.25, 0.75, 12], "texture": "#0"},
				"down": {"uv": [12.25, 0.75, 12, 1], "texture": "#0"}
			}
		},
		{
			"from": [9, 1, -14],
			"to": [11, 2, -13],
			"rotation": {"angle": 0, "axis": "y", "origin": [9, 1, -14]},
			"faces": {
				"north": {"uv": [11.5, 4.5, 12, 4.75], "texture": "#0"},
				"east": {"uv": [1, 12, 1.25, 12.25], "texture": "#0"},
				"south": {"uv": [4.75, 11.5, 5.25, 11.75], "texture": "#0"},
				"west": {"uv": [12, 1, 12.25, 1.25], "texture": "#0"},
				"up": {"uv": [12, 5, 11.5, 4.75], "texture": "#0"},
				"down": {"uv": [5.75, 11.5, 5.25, 11.75], "texture": "#0"}
			}
		},
		{
			"from": [2, 1, -14],
			"to": [4, 2, -13],
			"rotation": {"angle": 0, "axis": "y", "origin": [2, 1, -14]},
			"faces": {
				"north": {"uv": [11.5, 5.25, 12, 5.5], "texture": "#0"},
				"east": {"uv": [1.25, 12, 1.5, 12.25], "texture": "#0"},
				"south": {"uv": [6, 11.5, 6.5, 11.75], "texture": "#0"},
				"west": {"uv": [12, 1.25, 12.25, 1.5], "texture": "#0"},
				"up": {"uv": [7, 11.75, 6.5, 11.5], "texture": "#0"},
				"down": {"uv": [7.5, 11.5, 7, 11.75], "texture": "#0"}
			}
		},
		{
			"from": [4, 0, -14],
			"to": [9, 1, -13],
			"rotation": {"angle": 0, "axis": "y", "origin": [4, 0, -14]},
			"faces": {
				"north": {"uv": [7, 5, 8.25, 5.25], "texture": "#0"},
				"east": {"uv": [1.5, 12, 1.75, 12.25], "texture": "#0"},
				"south": {"uv": [7, 5.5, 8.25, 5.75], "texture": "#0"},
				"west": {"uv": [12, 1.5, 12.25, 1.75], "texture": "#0"},
				"up": {"uv": [8.25, 6, 7, 5.75], "texture": "#0"},
				"down": {"uv": [8.5, 0, 7.25, 0.25], "texture": "#0"}
			}
		},
		{
			"from": [13, 5, -6],
			"to": [14, 6, -2],
			"rotation": {"angle": 0, "axis": "y", "origin": [13, 5, -6]},
			"faces": {
				"north": {"uv": [5.5, 12, 5.75, 12.25], "texture": "#0"},
				"east": {"uv": [8.25, 5.75, 9.25, 6], "texture": "#0"},
				"south": {"uv": [12, 5.5, 12.25, 5.75], "texture": "#0"},
				"west": {"uv": [7, 8.25, 8, 8.5], "texture": "#0"},
				"up": {"uv": [8.5, 8.25, 8.25, 7.25], "texture": "#0"},
				"down": {"uv": [8.25, 8.25, 8, 9.25], "texture": "#0"}
			}
		},
		{
			"from": [13, 9, -6],
			"to": [14, 10, -2],
			"rotation": {"angle": 0, "axis": "y", "origin": [13, 9, -6]},
			"faces": {
				"north": {"uv": [5.25, 12, 5.5, 12.25], "texture": "#0"},
				"east": {"uv": [8.25, 5, 9.25, 5.25], "texture": "#0"},
				"south": {"uv": [12, 5.25, 12.25, 5.5], "texture": "#0"},
				"west": {"uv": [8.25, 5.5, 9.25, 5.75], "texture": "#0"},
				"up": {"uv": [5.5, 9.25, 5.25, 8.25], "texture": "#0"},
				"down": {"uv": [7, 8.25, 6.75, 9.25], "texture": "#0"}
			}
		},
		{
			"from": [-1, 9, -6],
			"to": [0, 10, -2],
			"rotation": {"angle": 0, "axis": "y", "origin": [-1, 9, -6]},
			"faces": {
				"north": {"uv": [5, 12, 5.25, 12.25], "texture": "#0"},
				"east": {"uv": [8.25, 0.5, 9.25, 0.75], "texture": "#0"},
				"south": {"uv": [12, 5, 12.25, 5.25], "texture": "#0"},
				"west": {"uv": [8.25, 0.75, 9.25, 1], "texture": "#0"},
				"up": {"uv": [3, 9.25, 2.75, 8.25], "texture": "#0"},
				"down": {"uv": [4.75, 8.25, 4.5, 9.25], "texture": "#0"}
			}
		},
		{
			"from": [-1, 5, -6],
			"to": [0, 6, -2],
			"rotation": {"angle": 0, "axis": "y", "origin": [-1, 5, -6]},
			"faces": {
				"north": {"uv": [4.75, 12, 5, 12.25], "texture": "#0"},
				"east": {"uv": [8, 6.75, 9, 7], "texture": "#0"},
				"south": {"uv": [12, 4.75, 12.25, 5], "texture": "#0"},
				"west": {"uv": [8.25, 0.25, 9.25, 0.5], "texture": "#0"},
				"up": {"uv": [2.5, 9.25, 2.25, 8.25], "texture": "#0"},
				"down": {"uv": [2.75, 8.25, 2.5, 9.25], "texture": "#0"}
			}
		},
		{
			"from": [8, 0, -6],
			"to": [9, 1, -2],
			"rotation": {"angle": 0, "axis": "y", "origin": [8, 0, -6]},
			"faces": {
				"north": {"uv": [4.5, 12, 4.75, 12.25], "texture": "#0"},
				"east": {"uv": [8, 6.25, 9, 6.5], "texture": "#0"},
				"south": {"uv": [12, 4.5, 12.25, 4.75], "texture": "#0"},
				"west": {"uv": [8, 6.5, 9, 6.75], "texture": "#0"},
				"up": {"uv": [2, 9.25, 1.75, 8.25], "texture": "#0"},
				"down": {"uv": [2.25, 8.25, 2, 9.25], "texture": "#0"}
			}
		},
		{
			"from": [11, 2, -6],
			"to": [12, 3, -2],
			"rotation": {"angle": 0, "axis": "y", "origin": [11, 2, -6]},
			"faces": {
				"north": {"uv": [4.25, 12, 4.5, 12.25], "texture": "#0"},
				"east": {"uv": [8, 5.25, 9, 5.5], "texture": "#0"},
				"south": {"uv": [12, 4.25, 12.25, 4.5], "texture": "#0"},
				"west": {"uv": [8, 6, 9, 6.25], "texture": "#0"},
				"up": {"uv": [8.25, 8.25, 8, 7.25], "texture": "#0"},
				"down": {"uv": [1.75, 8.25, 1.5, 9.25], "texture": "#0"}
			}
		},
		{
			"from": [1, 2, -6],
			"to": [2, 3, -2],
			"rotation": {"angle": 0, "axis": "y", "origin": [1, 2, -6]},
			"faces": {
				"north": {"uv": [4, 12, 4.25, 12.25], "texture": "#0"},
				"east": {"uv": [8, 3, 9, 3.25], "texture": "#0"},
				"south": {"uv": [12, 4, 12.25, 4.25], "texture": "#0"},
				"west": {"uv": [8, 3.25, 9, 3.5], "texture": "#0"},
				"up": {"uv": [0.75, 9, 0.5, 8], "texture": "#0"},
				"down": {"uv": [5.25, 8, 5, 9], "texture": "#0"}
			}
		},
		{
			"from": [4, 0, -6],
			"to": [5, 1, -2],
			"rotation": {"angle": 0, "axis": "y", "origin": [4, 0, -6]},
			"faces": {
				"north": {"uv": [3.75, 12, 4, 12.25], "texture": "#0"},
				"east": {"uv": [7.75, 4.5, 8.75, 4.75], "texture": "#0"},
				"south": {"uv": [12, 3.75, 12.25, 4], "texture": "#0"},
				"west": {"uv": [8, 2.75, 9, 3], "texture": "#0"},
				"up": {"uv": [0.25, 9, 0, 8], "texture": "#0"},
				"down": {"uv": [0.5, 8, 0.25, 9], "texture": "#0"}
			}
		},
		{
			"from": [4, 0, -13],
			"to": [5, 1, -7],
			"rotation": {"angle": 0, "axis": "y", "origin": [4, 0, -13]},
			"faces": {
				"north": {"uv": [5.75, 12, 6, 12.25], "texture": "#0"},
				"east": {"uv": [4.75, 2, 6.25, 2.25], "texture": "#0"},
				"south": {"uv": [12, 5.75, 12.25, 6], "texture": "#0"},
				"west": {"uv": [4.75, 2.25, 6.25, 2.5], "texture": "#0"},
				"up": {"uv": [4.5, 6, 4.25, 4.5], "texture": "#0"},
				"down": {"uv": [5, 3.5, 4.75, 5], "texture": "#0"}
			}
		},
		{
			"from": [1, 2, -13],
			"to": [2, 3, -7],
			"rotation": {"angle": 0, "axis": "y", "origin": [1, 2, -13]},
			"faces": {
				"north": {"uv": [6, 12, 6.25, 12.25], "texture": "#0"},
				"east": {"uv": [4.75, 2.5, 6.25, 2.75], "texture": "#0"},
				"south": {"uv": [12, 6, 12.25, 6.25], "texture": "#0"},
				"west": {"uv": [5, 3.5, 6.5, 3.75], "texture": "#0"},
				"up": {"uv": [5.25, 5.25, 5, 3.75], "texture": "#0"},
				"down": {"uv": [5, 5, 4.75, 6.5], "texture": "#0"}
			}
		},
		{
			"from": [11, 2, -13],
			"to": [12, 3, -7],
			"rotation": {"angle": 0, "axis": "y", "origin": [11, 2, -13]},
			"faces": {
				"north": {"uv": [6.25, 12, 6.5, 12.25], "texture": "#0"},
				"east": {"uv": [5.25, 2.75, 6.75, 3], "texture": "#0"},
				"south": {"uv": [12, 6.25, 12.25, 6.5], "texture": "#0"},
				"west": {"uv": [5.25, 3, 6.75, 3.25], "texture": "#0"},
				"up": {"uv": [5.5, 5.25, 5.25, 3.75], "texture": "#0"},
				"down": {"uv": [5.25, 5.25, 5, 6.75], "texture": "#0"}
			}
		},
		{
			"from": [8, 0, -13],
			"to": [9, 1, -7],
			"rotation": {"angle": 0, "axis": "y", "origin": [8, 0, -13]},
			"faces": {
				"north": {"uv": [6.5, 12, 6.75, 12.25], "texture": "#0"},
				"east": {"uv": [5.25, 3.25, 6.75, 3.5], "texture": "#0"},
				"south": {"uv": [12, 6.5, 12.25, 6.75], "texture": "#0"},
				"west": {"uv": [5.25, 5.25, 6.75, 5.5], "texture": "#0"},
				"up": {"uv": [1.75, 7, 1.5, 5.5], "texture": "#0"},
				"down": {"uv": [2, 5.5, 1.75, 7], "texture": "#0"}
			}
		},
		{
			"from": [-1, 5, -13],
			"to": [0, 6, -7],
			"rotation": {"angle": 0, "axis": "y", "origin": [-1, 5, -13]},
			"faces": {
				"north": {"uv": [6.75, 12, 7, 12.25], "texture": "#0"},
				"east": {"uv": [5.5, 3.75, 7, 4], "texture": "#0"},
				"south": {"uv": [12, 6.75, 12.25, 7], "texture": "#0"},
				"west": {"uv": [5.5, 4, 7, 4.25], "texture": "#0"},
				"up": {"uv": [2.25, 7, 2, 5.5], "texture": "#0"},
				"down": {"uv": [2.5, 5.5, 2.25, 7], "texture": "#0"}
			}
		},
		{
			"from": [-1, 9, -13],
			"to": [0, 10, -7],
			"rotation": {"angle": 0, "axis": "y", "origin": [-1, 9, -13]},
			"faces": {
				"north": {"uv": [7, 12, 7.25, 12.25], "texture": "#0"},
				"east": {"uv": [5.5, 4.25, 7, 4.5], "texture": "#0"},
				"south": {"uv": [12, 7, 12.25, 7.25], "texture": "#0"},
				"west": {"uv": [5.5, 4.5, 7, 4.75], "texture": "#0"},
				"up": {"uv": [2.75, 7, 2.5, 5.5], "texture": "#0"},
				"down": {"uv": [3, 5.5, 2.75, 7], "texture": "#0"}
			}
		},
		{
			"from": [13, 9, -13],
			"to": [14, 10, -7],
			"rotation": {"angle": 0, "axis": "y", "origin": [13, 9, -13]},
			"faces": {
				"north": {"uv": [7.25, 12, 7.5, 12.25], "texture": "#0"},
				"east": {"uv": [5.5, 4.75, 7, 5], "texture": "#0"},
				"south": {"uv": [12, 7.25, 12.25, 7.5], "texture": "#0"},
				"west": {"uv": [5.5, 5, 7, 5.25], "texture": "#0"},
				"up": {"uv": [4.75, 7, 4.5, 5.5], "texture": "#0"},
				"down": {"uv": [5.5, 5.5, 5.25, 7], "texture": "#0"}
			}
		},
		{
			"from": [13, 5, -13],
			"to": [14, 6, -7],
			"rotation": {"angle": 0, "axis": "y", "origin": [13, 5, -13]},
			"faces": {
				"north": {"uv": [7.5, 12, 7.75, 12.25], "texture": "#0"},
				"east": {"uv": [5.5, 5.5, 7, 5.75], "texture": "#0"},
				"south": {"uv": [12, 7.5, 12.25, 7.75], "texture": "#0"},
				"west": {"uv": [5.5, 5.75, 7, 6], "texture": "#0"},
				"up": {"uv": [1.25, 7.5, 1, 6], "texture": "#0"},
				"down": {"uv": [1.5, 6, 1.25, 7.5], "texture": "#0"}
			}
		},
		{
			"from": [1, 12, -6],
			"to": [2, 13, -2],
			"rotation": {"angle": 0, "axis": "y", "origin": [1, 12, -6]},
			"faces": {
				"north": {"uv": [7.75, 12, 8, 12.25], "texture": "#0"},
				"east": {"uv": [8.25, 8.25, 9.25, 8.5], "texture": "#0"},
				"south": {"uv": [12, 7.75, 12.25, 8], "texture": "#0"},
				"west": {"uv": [8.5, 0, 9.5, 0.25], "texture": "#0"},
				"up": {"uv": [1.5, 9.5, 1.25, 8.5], "texture": "#0"},
				"down": {"uv": [4.5, 8.5, 4.25, 9.5], "texture": "#0"}
			}
		},
		{
			"from": [4, 14, -6],
			"to": [5, 15, -2],
			"rotation": {"angle": 0, "axis": "y", "origin": [4, 14, -6]},
			"faces": {
				"north": {"uv": [8, 12, 8.25, 12.25], "texture": "#0"},
				"east": {"uv": [8.5, 2, 9.5, 2.25], "texture": "#0"},
				"south": {"uv": [12, 8, 12.25, 8.25], "texture": "#0"},
				"west": {"uv": [8.5, 2.25, 9.5, 2.5], "texture": "#0"},
				"up": {"uv": [5.75, 9.5, 5.5, 8.5], "texture": "#0"},
				"down": {"uv": [6, 8.5, 5.75, 9.5], "texture": "#0"}
			}
		},
		{
			"from": [8, 14, -6],
			"to": [9, 15, -2],
			"rotation": {"angle": 0, "axis": "y", "origin": [8, 14, -6]},
			"faces": {
				"north": {"uv": [8.25, 12, 8.5, 12.25], "texture": "#0"},
				"east": {"uv": [8.5, 2.5, 9.5, 2.75], "texture": "#0"},
				"south": {"uv": [12, 8.25, 12.25, 8.5], "texture": "#0"},
				"west": {"uv": [8.5, 4.75, 9.5, 5], "texture": "#0"},
				"up": {"uv": [6.25, 9.5, 6, 8.5], "texture": "#0"},
				"down": {"uv": [6.5, 8.5, 6.25, 9.5], "texture": "#0"}
			}
		},
		{
			"from": [11, 12, -6],
			"to": [12, 13, -2],
			"rotation": {"angle": 0, "axis": "y", "origin": [11, 12, -6]},
			"faces": {
				"north": {"uv": [8.5, 12, 8.75, 12.25], "texture": "#0"},
				"east": {"uv": [7, 8.5, 8, 8.75], "texture": "#0"},
				"south": {"uv": [12, 8.5, 12.25, 8.75], "texture": "#0"},
				"west": {"uv": [8.5, 7, 9.5, 7.25], "texture": "#0"},
				"up": {"uv": [6.75, 9.5, 6.5, 8.5], "texture": "#0"},
				"down": {"uv": [8.75, 7.25, 8.5, 8.25], "texture": "#0"}
			}
		},
		{
			"from": [4, 0, -1],
			"to": [5, 1, 3],
			"rotation": {"angle": 0, "axis": "y", "origin": [4, 0, -1]},
			"faces": {
				"north": {"uv": [10.75, 12, 11, 12.25], "texture": "#0"},
				"east": {"uv": [9, 3, 10, 3.25], "texture": "#0"},
				"south": {"uv": [12, 10.75, 12.25, 11], "texture": "#0"},
				"west": {"uv": [9, 3.25, 10, 3.5], "texture": "#0"},
				"up": {"uv": [0.75, 10, 0.5, 9], "texture": "#0"},
				"down": {"uv": [5.25, 9, 5, 10], "texture": "#0"}
			}
		},
		{
			"from": [1, 2, -1],
			"to": [2, 3, 3],
			"rotation": {"angle": 0, "axis": "y", "origin": [1, 2, -1]},
			"faces": {
				"north": {"uv": [11, 12, 11.25, 12.25], "texture": "#0"},
				"east": {"uv": [9, 5.25, 10, 5.5], "texture": "#0"},
				"south": {"uv": [12, 11, 12.25, 11.25], "texture": "#0"},
				"west": {"uv": [9, 6, 10, 6.25], "texture": "#0"},
				"up": {"uv": [9, 10, 8.75, 9], "texture": "#0"},
				"down": {"uv": [9.25, 9, 9, 10], "texture": "#0"}
			}
		},
		{
			"from": [11, 2, -1],
			"to": [12, 3, 3],
			"rotation": {"angle": 0, "axis": "y", "origin": [11, 2, -1]},
			"faces": {
				"north": {"uv": [11.25, 12, 11.5, 12.25], "texture": "#0"},
				"east": {"uv": [9, 6.25, 10, 6.5], "texture": "#0"},
				"south": {"uv": [12, 11.25, 12.25, 11.5], "texture": "#0"},
				"west": {"uv": [9, 6.5, 10, 6.75], "texture": "#0"},
				"up": {"uv": [1.75, 10.25, 1.5, 9.25], "texture": "#0"},
				"down": {"uv": [2, 9.25, 1.75, 10.25], "texture": "#0"}
			}
		},
		{
			"from": [8, 0, -1],
			"to": [9, 1, 3],
			"rotation": {"angle": 0, "axis": "y", "origin": [8, 0, -1]},
			"faces": {
				"north": {"uv": [11.5, 12, 11.75, 12.25], "texture": "#0"},
				"east": {"uv": [9, 6.75, 10, 7], "texture": "#0"},
				"south": {"uv": [12, 11.5, 12.25, 11.75], "texture": "#0"},
				"west": {"uv": [9.25, 0.25, 10.25, 0.5], "texture": "#0"},
				"up": {"uv": [2.25, 10.25, 2, 9.25], "texture": "#0"},
				"down": {"uv": [2.5, 9.25, 2.25, 10.25], "texture": "#0"}
			}
		},
		{
			"from": [-1, 5, -1],
			"to": [0, 6, 3],
			"rotation": {"angle": 0, "axis": "y", "origin": [-1, 5, -1]},
			"faces": {
				"north": {"uv": [11.75, 12, 12, 12.25], "texture": "#0"},
				"east": {"uv": [9.25, 0.5, 10.25, 0.75], "texture": "#0"},
				"south": {"uv": [12, 11.75, 12.25, 12], "texture": "#0"},
				"west": {"uv": [9.25, 0.75, 10.25, 1], "texture": "#0"},
				"up": {"uv": [2.75, 10.25, 2.5, 9.25], "texture": "#0"},
				"down": {"uv": [3, 9.25, 2.75, 10.25], "texture": "#0"}
			}
		},
		{
			"from": [-1, 9, -1],
			"to": [0, 10, 3],
			"rotation": {"angle": 0, "axis": "y", "origin": [-1, 9, -1]},
			"faces": {
				"north": {"uv": [12, 12, 12.25, 12.25], "texture": "#0"},
				"east": {"uv": [9.25, 5, 10.25, 5.25], "texture": "#0"},
				"south": {"uv": [0, 12.25, 0.25, 12.5], "texture": "#0"},
				"west": {"uv": [9.25, 5.5, 10.25, 5.75], "texture": "#0"},
				"up": {"uv": [4.75, 10.25, 4.5, 9.25], "texture": "#0"},
				"down": {"uv": [5.5, 9.25, 5.25, 10.25], "texture": "#0"}
			}
		},
		{
			"from": [13, 9, -1],
			"to": [14, 10, 3],
			"rotation": {"angle": 0, "axis": "y", "origin": [13, 9, -1]},
			"faces": {
				"north": {"uv": [12.25, 0, 12.5, 0.25], "texture": "#0"},
				"east": {"uv": [9.25, 5.75, 10.25, 6], "texture": "#0"},
				"south": {"uv": [0.25, 12.25, 0.5, 12.5], "texture": "#0"},
				"west": {"uv": [9.25, 8.25, 10.25, 8.5], "texture": "#0"},
				"up": {"uv": [7, 10.25, 6.75, 9.25], "texture": "#0"},
				"down": {"uv": [8.25, 9.25, 8, 10.25], "texture": "#0"}
			}
		},
		{
			"from": [13, 5, -1],
			"to": [14, 6, 3],
			"rotation": {"angle": 0, "axis": "y", "origin": [13, 5, -1]},
			"faces": {
				"north": {"uv": [12.25, 0.25, 12.5, 0.5], "texture": "#0"},
				"east": {"uv": [9.25, 8.5, 10.25, 8.75], "texture": "#0"},
				"south": {"uv": [0.5, 12.25, 0.75, 12.5], "texture": "#0"},
				"west": {"uv": [9.25, 9, 10.25, 9.25], "texture": "#0"},
				"up": {"uv": [9.5, 10.25, 9.25, 9.25], "texture": "#0"},
				"down": {"uv": [1.5, 9.5, 1.25, 10.5], "texture": "#0"}
			}
		},
		{
			"from": [1, 12, -1],
			"to": [2, 13, 3],
			"rotation": {"angle": 0, "axis": "y", "origin": [1, 12, -1]},
			"faces": {
				"north": {"uv": [12.25, 0.5, 12.5, 0.75], "texture": "#0"},
				"east": {"uv": [9.5, 0, 10.5, 0.25], "texture": "#0"},
				"south": {"uv": [0.75, 12.25, 1, 12.5], "texture": "#0"},
				"west": {"uv": [9.5, 2, 10.5, 2.25], "texture": "#0"},
				"up": {"uv": [4.5, 10.5, 4.25, 9.5], "texture": "#0"},
				"down": {"uv": [5.75, 9.5, 5.5, 10.5], "texture": "#0"}
			}
		},
		{
			"from": [4, 14, -1],
			"to": [5, 15, 3],
			"rotation": {"angle": 0, "axis": "y", "origin": [4, 14, -1]},
			"faces": {
				"north": {"uv": [12.25, 0.75, 12.5, 1], "texture": "#0"},
				"east": {"uv": [9.5, 2.25, 10.5, 2.5], "texture": "#0"},
				"south": {"uv": [1, 12.25, 1.25, 12.5], "texture": "#0"},
				"west": {"uv": [9.5, 2.5, 10.5, 2.75], "texture": "#0"},
				"up": {"uv": [6, 10.5, 5.75, 9.5], "texture": "#0"},
				"down": {"uv": [6.25, 9.5, 6, 10.5], "texture": "#0"}
			}
		},
		{
			"from": [8, 14, -1],
			"to": [9, 15, 3],
			"rotation": {"angle": 0, "axis": "y", "origin": [8, 14, -1]},
			"faces": {
				"north": {"uv": [12.25, 1, 12.5, 1.25], "texture": "#0"},
				"east": {"uv": [9.5, 4.75, 10.5, 5], "texture": "#0"},
				"south": {"uv": [1.25, 12.25, 1.5, 12.5], "texture": "#0"},
				"west": {"uv": [9.5, 7, 10.5, 7.25], "texture": "#0"},
				"up": {"uv": [6.5, 10.5, 6.25, 9.5], "texture": "#0"},
				"down": {"uv": [6.75, 9.5, 6.5, 10.5], "texture": "#0"}
			}
		},
		{
			"from": [11, 12, -1],
			"to": [12, 13, 3],
			"rotation": {"angle": 0, "axis": "y", "origin": [11, 12, -1]},
			"faces": {
				"north": {"uv": [12.25, 1.25, 12.5, 1.5], "texture": "#0"},
				"east": {"uv": [9.5, 9.25, 10.5, 9.5], "texture": "#0"},
				"south": {"uv": [1.5, 12.25, 1.75, 12.5], "texture": "#0"},
				"west": {"uv": [9.5, 9.5, 10.5, 9.75], "texture": "#0"},
				"up": {"uv": [1, 10.75, 0.75, 9.75], "texture": "#0"},
				"down": {"uv": [1.25, 9.75, 1, 10.75], "texture": "#0"}
			}
		},
		{
			"from": [8, 10, 3],
			"to": [9, 14, 4],
			"rotation": {"angle": 0, "axis": "y", "origin": [8, 10, 3]},
			"faces": {
				"north": {"uv": [9.75, 1, 10, 2], "texture": "#0"},
				"east": {"uv": [3, 9.75, 3.25, 10.75], "texture": "#0"},
				"south": {"uv": [3.25, 9.75, 3.5, 10.75], "texture": "#0"},
				"west": {"uv": [3.5, 9.75, 3.75, 10.75], "texture": "#0"},
				"up": {"uv": [12.5, 1.75, 12.25, 1.5], "texture": "#0"},
				"down": {"uv": [2, 12.25, 1.75, 12.5], "texture": "#0"}
			}
		},
		{
			"from": [4, 10, 3],
			"to": [5, 14, 4],
			"rotation": {"angle": 0, "axis": "y", "origin": [4, 10, 3]},
			"faces": {
				"north": {"uv": [9.75, 3.5, 10, 4.5], "texture": "#0"},
				"east": {"uv": [3.75, 9.75, 4, 10.75], "texture": "#0"},
				"south": {"uv": [4, 9.75, 4.25, 10.75], "texture": "#0"},
				"west": {"uv": [4.75, 9.75, 5, 10.75], "texture": "#0"},
				"up": {"uv": [12.5, 2, 12.25, 1.75], "texture": "#0"},
				"down": {"uv": [2.25, 12.25, 2, 12.5], "texture": "#0"}
			}
		},
		{
			"from": [5, 4, 4],
			"to": [8, 5, 5],
			"rotation": {"angle": 0, "axis": "y", "origin": [5, 4, 4]},
			"faces": {
				"north": {"uv": [3.25, 10.75, 4, 11], "texture": "#0"},
				"east": {"uv": [12.25, 2, 12.5, 2.25], "texture": "#0"},
				"south": {"uv": [10.75, 4.5, 11.5, 4.75], "texture": "#0"},
				"west": {"uv": [2.25, 12.25, 2.5, 12.5], "texture": "#0"},
				"up": {"uv": [6.25, 11, 5.5, 10.75], "texture": "#0"},
				"down": {"uv": [11.5, 7.25, 10.75, 7.5], "texture": "#0"}
			}
		},
		{
			"from": [5, 10, 4],
			"to": [8, 11, 5],
			"rotation": {"angle": 0, "axis": "y", "origin": [5, 10, 4]},
			"faces": {
				"north": {"uv": [10.75, 7.5, 11.5, 7.75], "texture": "#0"},
				"east": {"uv": [12.25, 2.25, 12.5, 2.5], "texture": "#0"},
				"south": {"uv": [10.75, 7.75, 11.5, 8], "texture": "#0"},
				"west": {"uv": [2.5, 12.25, 2.75, 12.5], "texture": "#0"},
				"up": {"uv": [11.5, 8.25, 10.75, 8], "texture": "#0"},
				"down": {"uv": [11.5, 8.75, 10.75, 9], "texture": "#0"}
			}
		},
		{
			"from": [4, 5, 4],
			"to": [5, 6, 5],
			"rotation": {"angle": 0, "axis": "y", "origin": [4, 5, 4]},
			"faces": {
				"north": {"uv": [12.25, 2.5, 12.5, 2.75], "texture": "#0"},
				"east": {"uv": [2.75, 12.25, 3, 12.5], "texture": "#0"},
				"south": {"uv": [12.25, 2.75, 12.5, 3], "texture": "#0"},
				"west": {"uv": [3, 12.25, 3.25, 12.5], "texture": "#0"},
				"up": {"uv": [12.5, 3.25, 12.25, 3], "texture": "#0"},
				"down": {"uv": [3.5, 12.25, 3.25, 12.5], "texture": "#0"}
			}
		},
		{
			"from": [3, 6, 4],
			"to": [4, 9, 5],
			"rotation": {"angle": 0, "axis": "y", "origin": [3, 6, 4]},
			"faces": {
				"north": {"uv": [10.5, 9.25, 10.75, 10], "texture": "#0"},
				"east": {"uv": [0.75, 10.75, 1, 11.5], "texture": "#0"},
				"south": {"uv": [1, 10.75, 1.25, 11.5], "texture": "#0"},
				"west": {"uv": [3, 10.75, 3.25, 11.5], "texture": "#0"},
				"up": {"uv": [11.75, 7.25, 11.5, 7], "texture": "#0"},
				"down": {"uv": [11.75, 7.25, 11.5, 7.5], "texture": "#0"}
			}
		},
		{
			"from": [8, 9, 4],
			"to": [9, 10, 5],
			"rotation": {"angle": 0, "axis": "y", "origin": [8, 9, 4]},
			"faces": {
				"north": {"uv": [12.25, 4, 12.5, 4.25], "texture": "#0"},
				"east": {"uv": [4.25, 12.25, 4.5, 12.5], "texture": "#0"},
				"south": {"uv": [12.25, 4.25, 12.5, 4.5], "texture": "#0"},
				"west": {"uv": [4.5, 12.25, 4.75, 12.5], "texture": "#0"},
				"up": {"uv": [12.5, 4.75, 12.25, 4.5], "texture": "#0"},
				"down": {"uv": [5, 12.25, 4.75, 12.5], "texture": "#0"}
			}
		},
		{
			"from": [8, 5, 4],
			"to": [9, 6, 5],
			"rotation": {"angle": 0, "axis": "y", "origin": [8, 5, 4]},
			"faces": {
				"north": {"uv": [12.25, 4.75, 12.5, 5], "texture": "#0"},
				"east": {"uv": [5, 12.25, 5.25, 12.5], "texture": "#0"},
				"south": {"uv": [12.25, 5, 12.5, 5.25], "texture": "#0"},
				"west": {"uv": [5.25, 12.25, 5.5, 12.5], "texture": "#0"},
				"up": {"uv": [12.5, 5.5, 12.25, 5.25], "texture": "#0"},
				"down": {"uv": [5.75, 12.25, 5.5, 12.5], "texture": "#0"}
			}
		},
		{
			"from": [9, 6, 4],
			"to": [10, 9, 5],
			"rotation": {"angle": 0, "axis": "y", "origin": [9, 6, 4]},
			"faces": {
				"north": {"uv": [4, 10.75, 4.25, 11.5], "texture": "#0"},
				"east": {"uv": [4.75, 10.75, 5, 11.5], "texture": "#0"},
				"south": {"uv": [6.25, 10.75, 6.5, 11.5], "texture": "#0"},
				"west": {"uv": [8.25, 10.75, 8.5, 11.5], "texture": "#0"},
				"up": {"uv": [12.5, 5.75, 12.25, 5.5], "texture": "#0"},
				"down": {"uv": [6, 12.25, 5.75, 12.5], "texture": "#0"}
			}
		},
		{
			"from": [4, 6, 8],
			"to": [5, 9, 18],
			"rotation": {"angle": 0, "axis": "y", "origin": [4, 6, 8]},
			"faces": {
				"north": {"uv": [8.5, 10.75, 8.75, 11.5], "texture": "#0"},
				"east": {"uv": [0, 0, 2.5, 0.75], "texture": "#0"},
				"south": {"uv": [10.75, 9.25, 11, 10], "texture": "#0"},
				"west": {"uv": [0, 0.75, 2.5, 1.5], "texture": "#0"},
				"up": {"uv": [0.25, 6.5, 0, 4], "texture": "#0"},
				"down": {"uv": [0.5, 4, 0.25, 6.5], "texture": "#0"}
			}
		},
		{
			"from": [4, 9, 4],
			"to": [5, 10, 5],
			"rotation": {"angle": 0, "axis": "y", "origin": [4, 9, 4]},
			"faces": {
				"north": {"uv": [12.25, 5.75, 12.5, 6], "texture": "#0"},
				"east": {"uv": [6, 12.25, 6.25, 12.5], "texture": "#0"},
				"south": {"uv": [12.25, 6, 12.5, 6.25], "texture": "#0"},
				"west": {"uv": [6.25, 12.25, 6.5, 12.5], "texture": "#0"},
				"up": {"uv": [12.5, 6.5, 12.25, 6.25], "texture": "#0"},
				"down": {"uv": [6.75, 12.25, 6.5, 12.5], "texture": "#0"}
			}
		},
		{
			"from": [5, 9, 8],
			"to": [8, 10, 18],
			"rotation": {"angle": 0, "axis": "y", "origin": [5, 9, 8]},
			"faces": {
				"north": {"uv": [10.75, 10, 11.5, 10.25], "texture": "#0"},
				"east": {"uv": [4, 1, 6.5, 1.25], "texture": "#0"},
				"south": {"uv": [10.75, 10.25, 11.5, 10.5], "texture": "#0"},
				"west": {"uv": [4, 1.25, 6.5, 1.5], "texture": "#0"},
				"up": {"uv": [0.75, 4, 0, 1.5], "texture": "#0"},
				"down": {"uv": [1.5, 1.5, 0.75, 4], "texture": "#0"}
			}
		},
		{
			"from": [8, 6, 8],
			"to": [9, 9, 18],
			"rotation": {"angle": 0, "axis": "y", "origin": [8, 6, 8]},
			"faces": {
				"north": {"uv": [10.75, 10.5, 11, 11.25], "texture": "#0"},
				"east": {"uv": [1.5, 1.5, 4, 2.25], "texture": "#0"},
				"south": {"uv": [0, 11, 0.25, 11.75], "texture": "#0"},
				"west": {"uv": [1.5, 2.25, 4, 3], "texture": "#0"},
				"up": {"uv": [0.75, 6.5, 0.5, 4], "texture": "#0"},
				"down": {"uv": [1, 4, 0.75, 6.5], "texture": "#0"}
			}
		},
		{
			"from": [5, 5, 8],
			"to": [8, 6, 18],
			"rotation": {"angle": 0, "axis": "y", "origin": [5, 5, 8]},
			"faces": {
				"north": {"uv": [3.25, 11, 4, 11.25], "texture": "#0"},
				"east": {"uv": [4, 1.5, 6.5, 1.75], "texture": "#0"},
				"south": {"uv": [11, 3.75, 11.75, 4], "texture": "#0"},
				"west": {"uv": [4, 1.75, 6.5, 2], "texture": "#0"},
				"up": {"uv": [2.25, 5.5, 1.5, 3], "texture": "#0"},
				"down": {"uv": [3, 3, 2.25, 5.5], "texture": "#0"}
			}
		},
		{
			"from": [5, 6, 18],
			"to": [8, 9, 24],
			"rotation": {"angle": 0, "axis": "y", "origin": [5, 6, 18]},
			"faces": {
				"north": {"uv": [4, 2, 4.75, 2.75], "texture": "#0"},
				"east": {"uv": [2.5, 0, 4, 0.75], "texture": "#0"},
				"south": {"uv": [4.5, 2.75, 5.25, 3.5], "texture": "#0"},
				"west": {"uv": [2.5, 0.75, 4, 1.5], "texture": "#0"},
				"up": {"uv": [3.75, 4.5, 3, 3], "texture": "#0"},
				"down": {"uv": [4.5, 3, 3.75, 4.5], "texture": "#0"}
			}
		},
		{
			"from": [2, 11, 3],
			"to": [3, 12, 4],
			"rotation": {"angle": 0, "axis": "y", "origin": [2, 11, 3]},
			"faces": {
				"north": {"uv": [12.25, 6.5, 12.5, 6.75], "texture": "#0"},
				"east": {"uv": [6.75, 12.25, 7, 12.5], "texture": "#0"},
				"south": {"uv": [12.25, 6.75, 12.5, 7], "texture": "#0"},
				"west": {"uv": [7, 12.25, 7.25, 12.5], "texture": "#0"},
				"up": {"uv": [12.5, 7.25, 12.25, 7], "texture": "#0"},
				"down": {"uv": [7.5, 12.25, 7.25, 12.5], "texture": "#0"}
			}
		},
		{
			"from": [2, 3, 3],
			"to": [3, 4, 4],
			"rotation": {"angle": 0, "axis": "y", "origin": [2, 3, 3]},
			"faces": {
				"north": {"uv": [12.25, 7.25, 12.5, 7.5], "texture": "#0"},
				"east": {"uv": [7.5, 12.25, 7.75, 12.5], "texture": "#0"},
				"south": {"uv": [12.25, 7.5, 12.5, 7.75], "texture": "#0"},
				"west": {"uv": [7.75, 12.25, 8, 12.5], "texture": "#0"},
				"up": {"uv": [12.5, 8, 12.25, 7.75], "texture": "#0"},
				"down": {"uv": [8.25, 12.25, 8, 12.5], "texture": "#0"}
			}
		},
		{
			"from": [10, 3, 3],
			"to": [11, 4, 4],
			"rotation": {"angle": 0, "axis": "y", "origin": [10, 3, 3]},
			"faces": {
				"north": {"uv": [12.25, 8, 12.5, 8.25], "texture": "#0"},
				"east": {"uv": [8.25, 12.25, 8.5, 12.5], "texture": "#0"},
				"south": {"uv": [12.25, 8.25, 12.5, 8.5], "texture": "#0"},
				"west": {"uv": [8.5, 12.25, 8.75, 12.5], "texture": "#0"},
				"up": {"uv": [12.5, 8.75, 12.25, 8.5], "texture": "#0"},
				"down": {"uv": [9, 12.25, 8.75, 12.5], "texture": "#0"}
			}
		},
		{
			"from": [10, 11, 3],
			"to": [11, 12, 4],
			"rotation": {"angle": 0, "axis": "y", "origin": [10, 11, 3]},
			"faces": {
				"north": {"uv": [12.25, 8.75, 12.5, 9], "texture": "#0"},
				"east": {"uv": [9, 12.25, 9.25, 12.5], "texture": "#0"},
				"south": {"uv": [12.25, 9, 12.5, 9.25], "texture": "#0"},
				"west": {"uv": [9.25, 12.25, 9.5, 12.5], "texture": "#0"},
				"up": {"uv": [12.5, 9.5, 12.25, 9.25], "texture": "#0"},
				"down": {"uv": [9.75, 12.25, 9.5, 12.5], "texture": "#0"}
			}
		},
		{
			"from": [3, 4, 4],
			"to": [4, 5, 5],
			"rotation": {"angle": 0, "axis": "y", "origin": [3, 4, 4]},
			"faces": {
				"north": {"uv": [12.25, 9.5, 12.5, 9.75], "texture": "#0"},
				"east": {"uv": [9.75, 12.25, 10, 12.5], "texture": "#0"},
				"south": {"uv": [12.25, 9.75, 12.5, 10], "texture": "#0"},
				"west": {"uv": [10, 12.25, 10.25, 12.5], "texture": "#0"},
				"up": {"uv": [12.5, 10.25, 12.25, 10], "texture": "#0"},
				"down": {"uv": [10.5, 12.25, 10.25, 12.5], "texture": "#0"}
			}
		},
		{
			"from": [3, 10, 4],
			"to": [4, 11, 5],
			"rotation": {"angle": 0, "axis": "y", "origin": [3, 10, 4]},
			"faces": {
				"north": {"uv": [12.25, 10.25, 12.5, 10.5], "texture": "#0"},
				"east": {"uv": [10.5, 12.25, 10.75, 12.5], "texture": "#0"},
				"south": {"uv": [12.25, 10.5, 12.5, 10.75], "texture": "#0"},
				"west": {"uv": [10.75, 12.25, 11, 12.5], "texture": "#0"},
				"up": {"uv": [12.5, 11, 12.25, 10.75], "texture": "#0"},
				"down": {"uv": [11.25, 12.25, 11, 12.5], "texture": "#0"}
			}
		},
		{
			"from": [9, 10, 4],
			"to": [10, 11, 5],
			"rotation": {"angle": 0, "axis": "y", "origin": [9, 10, 4]},
			"faces": {
				"north": {"uv": [12.25, 11, 12.5, 11.25], "texture": "#0"},
				"east": {"uv": [11.25, 12.25, 11.5, 12.5], "texture": "#0"},
				"south": {"uv": [12.25, 11.25, 12.5, 11.5], "texture": "#0"},
				"west": {"uv": [11.5, 12.25, 11.75, 12.5], "texture": "#0"},
				"up": {"uv": [12.5, 11.75, 12.25, 11.5], "texture": "#0"},
				"down": {"uv": [12, 12.25, 11.75, 12.5], "texture": "#0"}
			}
		},
		{
			"from": [0, 5, 3],
			"to": [4, 6, 4],
			"rotation": {"angle": 0, "axis": "y", "origin": [0, 5, 3]},
			"faces": {
				"north": {"uv": [9.75, 4.5, 10.75, 4.75], "texture": "#0"},
				"east": {"uv": [12.25, 11.75, 12.5, 12], "texture": "#0"},
				"south": {"uv": [7, 9.75, 8, 10], "texture": "#0"},
				"west": {"uv": [12, 12.25, 12.25, 12.5], "texture": "#0"},
				"up": {"uv": [10.75, 7.5, 9.75, 7.25], "texture": "#0"},
				"down": {"uv": [10.75, 7.5, 9.75, 7.75], "texture": "#0"}
			}
		},
		{
			"from": [0, 9, 3],
			"to": [4, 10, 4],
			"rotation": {"angle": 0, "axis": "y", "origin": [0, 9, 3]},
			"faces": {
				"north": {"uv": [9.75, 7.75, 10.75, 8], "texture": "#0"},
				"east": {"uv": [12.25, 12, 12.5, 12.25], "texture": "#0"},
				"south": {"uv": [9.75, 8, 10.75, 8.25], "texture": "#0"},
				"west": {"uv": [12.25, 12.25, 12.5, 12.5], "texture": "#0"},
				"up": {"uv": [10.75, 9, 9.75, 8.75], "texture": "#0"},
				"down": {"uv": [10.5, 9.75, 9.5, 10], "texture": "#0"}
			}
		},
		{
			"from": [9, 4, 4],
			"to": [10, 5, 5],
			"rotation": {"angle": 0, "axis": "y", "origin": [9, 4, 4]},
			"faces": {
				"north": {"uv": [0, 12.5, 0.25, 12.75], "texture": "#0"},
				"east": {"uv": [12.5, 0, 12.75, 0.25], "texture": "#0"},
				"south": {"uv": [0.25, 12.5, 0.5, 12.75], "texture": "#0"},
				"west": {"uv": [12.5, 0.25, 12.75, 0.5], "texture": "#0"},
				"up": {"uv": [0.75, 12.75, 0.5, 12.5], "texture": "#0"},
				"down": {"uv": [12.75, 0.5, 12.5, 0.75], "texture": "#0"}
			}
		},
		{
			"from": [8, 1, 3],
			"to": [9, 5, 4],
			"rotation": {"angle": 0, "axis": "y", "origin": [8, 1, 3]},
			"faces": {
				"north": {"uv": [10, 6, 10.25, 7], "texture": "#0"},
				"east": {"uv": [7, 10, 7.25, 11], "texture": "#0"},
				"south": {"uv": [7.25, 10, 7.5, 11], "texture": "#0"},
				"west": {"uv": [7.5, 10, 7.75, 11], "texture": "#0"},
				"up": {"uv": [1.5, 12.75, 1.25, 12.5], "texture": "#0"},
				"down": {"uv": [12.75, 1.25, 12.5, 1.5], "texture": "#0"}
			}
		},
		{
			"from": [4, 1, 3],
			"to": [5, 5, 4],
			"rotation": {"angle": 0, "axis": "y", "origin": [4, 1, 3]},
			"faces": {
				"north": {"uv": [7.75, 10, 8, 11], "texture": "#0"},
				"east": {"uv": [8.75, 10, 9, 11], "texture": "#0"},
				"south": {"uv": [9, 10, 9.25, 11], "texture": "#0"},
				"west": {"uv": [9.5, 10, 9.75, 11], "texture": "#0"},
				"up": {"uv": [1.75, 12.75, 1.5, 12.5], "texture": "#0"},
				"down": {"uv": [12.75, 1.5, 12.5, 1.75], "texture": "#0"}
			}
		},
		{
			"from": [9, 9, 3],
			"to": [13, 10, 4],
			"rotation": {"angle": 0, "axis": "y", "origin": [9, 9, 3]},
			"faces": {
				"north": {"uv": [10.25, 1, 11.25, 1.25], "texture": "#0"},
				"east": {"uv": [2.25, 12.5, 2.5, 12.75], "texture": "#0"},
				"south": {"uv": [10.25, 1.25, 11.25, 1.5], "texture": "#0"},
				"west": {"uv": [12.5, 2.25, 12.75, 2.5], "texture": "#0"},
				"up": {"uv": [2.5, 10.5, 1.5, 10.25], "texture": "#0"},
				"down": {"uv": [11.25, 1.5, 10.25, 1.75], "texture": "#0"}
			}
		},
		{
			"from": [9, 5, 3],
			"to": [13, 6, 4],
			"rotation": {"angle": 0, "axis": "y", "origin": [9, 5, 3]},
			"faces": {
				"north": {"uv": [10.25, 1.75, 11.25, 2], "texture": "#0"},
				"east": {"uv": [2.5, 12.5, 2.75, 12.75], "texture": "#0"},
				"south": {"uv": [10.25, 2.75, 11.25, 3], "texture": "#0"},
				"west": {"uv": [12.5, 2.5, 12.75, 2.75], "texture": "#0"},
				"up": {"uv": [11.25, 3.25, 10.25, 3], "texture": "#0"},
				"down": {"uv": [11.25, 3.25, 10.25, 3.5], "texture": "#0"}
			}
		},
		{
			"from": [4, 5, 5],
			"to": [5, 6, 9],
			"rotation": {"angle": 0, "axis": "y", "origin": [4, 5, 5]},
			"faces": {
				"north": {"uv": [2.75, 12.5, 3, 12.75], "texture": "#0"},
				"east": {"uv": [10.25, 3.5, 11.25, 3.75], "texture": "#0"},
				"south": {"uv": [12.5, 2.75, 12.75, 3], "texture": "#0"},
				"west": {"uv": [10.25, 5, 11.25, 5.25], "texture": "#0"},
				"up": {"uv": [2.75, 11.25, 2.5, 10.25], "texture": "#0"},
				"down": {"uv": [3, 10.25, 2.75, 11.25], "texture": "#0"}
			}
		},
		{
			"from": [4, 9, 5],
			"to": [5, 10, 9],
			"rotation": {"angle": 0, "axis": "y", "origin": [4, 9, 5]},
			"faces": {
				"north": {"uv": [3, 12.5, 3.25, 12.75], "texture": "#0"},
				"east": {"uv": [10.25, 5.5, 11.25, 5.75], "texture": "#0"},
				"south": {"uv": [12.5, 3, 12.75, 3.25], "texture": "#0"},
				"west": {"uv": [10.25, 5.75, 11.25, 6], "texture": "#0"},
				"up": {"uv": [4.75, 11.25, 4.5, 10.25], "texture": "#0"},
				"down": {"uv": [5.5, 10.25, 5.25, 11.25], "texture": "#0"}
			}
		},
		{
			"from": [8, 9, 5],
			"to": [9, 10, 9],
			"rotation": {"angle": 0, "axis": "y", "origin": [8, 9, 5]},
			"faces": {
				"north": {"uv": [3.25, 12.5, 3.5, 12.75], "texture": "#0"},
				"east": {"uv": [10.25, 6, 11.25, 6.25], "texture": "#0"},
				"south": {"uv": [12.5, 3.25, 12.75, 3.5], "texture": "#0"},
				"west": {"uv": [10.25, 6.25, 11.25, 6.5], "texture": "#0"},
				"up": {"uv": [7, 11.25, 6.75, 10.25], "texture": "#0"},
				"down": {"uv": [8.25, 10.25, 8, 11.25], "texture": "#0"}
			}
		},
		{
			"from": [8, 5, 5],
			"to": [9, 6, 9],
			"rotation": {"angle": 0, "axis": "y", "origin": [8, 5, 5]},
			"faces": {
				"north": {"uv": [3.5, 12.5, 3.75, 12.75], "texture": "#0"},
				"east": {"uv": [10.25, 6.5, 11.25, 6.75], "texture": "#0"},
				"south": {"uv": [12.5, 3.5, 12.75, 3.75], "texture": "#0"},
				"west": {"uv": [10.25, 6.75, 11.25, 7], "texture": "#0"},
				"up": {"uv": [9.5, 11.25, 9.25, 10.25], "texture": "#0"},
				"down": {"uv": [10, 10.25, 9.75, 11.25], "texture": "#0"}
			}
		},
		{
			"from": [6, 6, 24],
			"to": [7, 7, 28],
			"rotation": {"angle": 0, "axis": "y", "origin": [6, 6, 24]},
			"faces": {
				"north": {"uv": [3.75, 12.5, 4, 12.75], "texture": "#0"},
				"east": {"uv": [10.25, 8.25, 11.25, 8.5], "texture": "#0"},
				"south": {"uv": [12.5, 3.75, 12.75, 4], "texture": "#0"},
				"west": {"uv": [10.25, 8.5, 11.25, 8.75], "texture": "#0"},
				"up": {"uv": [10.25, 11.25, 10, 10.25], "texture": "#0"},
				"down": {"uv": [10.5, 10.25, 10.25, 11.25], "texture": "#0"}
			}
		},
		{
			"from": [7, 7, 24],
			"to": [8, 8, 28],
			"rotation": {"angle": 0, "axis": "y", "origin": [7, 7, 24]},
			"faces": {
				"north": {"uv": [4, 12.5, 4.25, 12.75], "texture": "#0"},
				"east": {"uv": [10.25, 9, 11.25, 9.25], "texture": "#0"},
				"south": {"uv": [12.5, 4, 12.75, 4.25], "texture": "#0"},
				"west": {"uv": [10.5, 0, 11.5, 0.25], "texture": "#0"},
				"up": {"uv": [1.5, 11.5, 1.25, 10.5], "texture": "#0"},
				"down": {"uv": [1.75, 10.5, 1.5, 11.5], "texture": "#0"}
			}
		},
		{
			"from": [6, 7, 24],
			"to": [7, 8, 28],
			"rotation": {"angle": 0, "axis": "y", "origin": [6, 7, 24]},
			"faces": {
				"north": {"uv": [4.25, 12.5, 4.5, 12.75], "texture": "#0"},
				"east": {"uv": [10.5, 2, 11.5, 2.25], "texture": "#0"},
				"south": {"uv": [12.5, 4.25, 12.75, 4.5], "texture": "#0"},
				"west": {"uv": [10.5, 2.25, 11.5, 2.5], "texture": "#0"},
				"up": {"uv": [2, 11.5, 1.75, 10.5], "texture": "#0"},
				"down": {"uv": [2.25, 10.5, 2, 11.5], "texture": "#0"}
			}
		},
		{
			"from": [5, 7, 24],
			"to": [6, 8, 28],
			"rotation": {"angle": 0, "axis": "y", "origin": [5, 7, 24]},
			"faces": {
				"north": {"uv": [4.5, 12.5, 4.75, 12.75], "texture": "#0"},
				"east": {"uv": [10.5, 2.5, 11.5, 2.75], "texture": "#0"},
				"south": {"uv": [12.5, 4.5, 12.75, 4.75], "texture": "#0"},
				"west": {"uv": [10.5, 4.75, 11.5, 5], "texture": "#0"},
				"up": {"uv": [2.5, 11.5, 2.25, 10.5], "texture": "#0"},
				"down": {"uv": [4.5, 10.5, 4.25, 11.5], "texture": "#0"}
			}
		},
		{
			"from": [6, 8, 24],
			"to": [7, 9, 28],
			"rotation": {"angle": 0, "axis": "y", "origin": [6, 8, 24]},
			"faces": {
				"north": {"uv": [4.75, 12.5, 5, 12.75], "texture": "#0"},
				"east": {"uv": [5.5, 10.5, 6.5, 10.75], "texture": "#0"},
				"south": {"uv": [12.5, 4.75, 12.75, 5], "texture": "#0"},
				"west": {"uv": [10.5, 7, 11.5, 7.25], "texture": "#0"},
				"up": {"uv": [6.75, 11.5, 6.5, 10.5], "texture": "#0"},
				"down": {"uv": [10.75, 10.25, 10.5, 11.25], "texture": "#0"}
			}
		},
		{
			"from": [8, 1, -14],
			"to": [9, 9, -13],
			"rotation": {"angle": 0, "axis": "y", "origin": [8, 1, -14]},
			"faces": {
				"north": {"uv": [1, 4, 1.25, 6], "texture": "#0"},
				"east": {"uv": [1.25, 4, 1.5, 6], "texture": "#0"},
				"south": {"uv": [3, 4.5, 3.25, 6.5], "texture": "#0"},
				"west": {"uv": [3.25, 4.5, 3.5, 6.5], "texture": "#0"},
				"up": {"uv": [5.25, 12.75, 5, 12.5], "texture": "#0"},
				"down": {"uv": [12.75, 5, 12.5, 5.25], "texture": "#0"}
			}
		},
		{
			"from": [4, 1, -14],
			"to": [5, 9, -13],
			"rotation": {"angle": 0, "axis": "y", "origin": [4, 1, -14]},
			"faces": {
				"north": {"uv": [3.5, 4.5, 3.75, 6.5], "texture": "#0"},
				"east": {"uv": [4.5, 3.5, 4.75, 5.5], "texture": "#0"},
				"south": {"uv": [3.75, 4.5, 4, 6.5], "texture": "#0"},
				"west": {"uv": [4, 4.5, 4.25, 6.5], "texture": "#0"},
				"up": {"uv": [5.5, 12.75, 5.25, 12.5], "texture": "#0"},
				"down": {"uv": [12.75, 5.25, 12.5, 5.5], "texture": "#0"}
			}
		},
		{
			"from": [11, 3, -14],
			"to": [12, 9, -13],
			"rotation": {"angle": 0, "axis": "y", "origin": [11, 3, -14]},
			"faces": {
				"north": {"uv": [4.25, 6, 4.5, 7.5], "texture": "#0"},
				"east": {"uv": [5.5, 6, 5.75, 7.5], "texture": "#0"},
				"south": {"uv": [5.75, 6, 6, 7.5], "texture": "#0"},
				"west": {"uv": [6, 6, 6.25, 7.5], "texture": "#0"},
				"up": {"uv": [5.75, 12.75, 5.5, 12.5], "texture": "#0"},
				"down": {"uv": [12.75, 5.5, 12.5, 5.75], "texture": "#0"}
			}
		},
		{
			"from": [1, 3, -14],
			"to": [2, 9, -13],
			"rotation": {"angle": 0, "axis": "y", "origin": [1, 3, -14]},
			"faces": {
				"north": {"uv": [6.25, 6, 6.5, 7.5], "texture": "#0"},
				"east": {"uv": [0, 6.5, 0.25, 8], "texture": "#0"},
				"south": {"uv": [0.25, 6.5, 0.5, 8], "texture": "#0"},
				"west": {"uv": [0.5, 6.5, 0.75, 8], "texture": "#0"},
				"up": {"uv": [6, 12.75, 5.75, 12.5], "texture": "#0"},
				"down": {"uv": [12.75, 5.75, 12.5, 6], "texture": "#0"}
			}
		},
		{
			"from": [0, 9, -14],
			"to": [13, 10, -13],
			"rotation": {"angle": 0, "axis": "y", "origin": [0, 9, -14]},
			"faces": {
				"north": {"uv": [4, 0, 7.25, 0.25], "texture": "#0"},
				"east": {"uv": [6, 12.5, 6.25, 12.75], "texture": "#0"},
				"south": {"uv": [4, 0.25, 7.25, 0.5], "texture": "#0"},
				"west": {"uv": [12.5, 6, 12.75, 6.25], "texture": "#0"},
				"up": {"uv": [7.25, 0.75, 4, 0.5], "texture": "#0"},
				"down": {"uv": [7.25, 0.75, 4, 1], "texture": "#0"}
			}
		},
		{
			"from": [5, 6, 7],
			"to": [8, 9, 8],
			"rotation": {"angle": 0, "axis": "y", "origin": [5, 6, 7]},
			"faces": {
				"north": {"uv": [4, 2, 4.75, 2.75], "texture": "#0"},
				"east": {"uv": [2.5, 0, 4, 0.75], "texture": "#0"},
				"south": {"uv": [4.5, 2.75, 5.25, 3.5], "texture": "#0"},
				"west": {"uv": [2.5, 0.75, 4, 1.5], "texture": "#0"},
				"up": {"uv": [3.75, 4.5, 3, 3], "texture": "#0"},
				"down": {"uv": [4.5, 3, 3.75, 4.5], "texture": "#0"}
			}
		}
	],
	"display": {
		"thirdperson_righthand": {
			"rotation": [90, 0, 0],
			"translation": [0.75, 17.5, 1.5],
			"scale": [0.3, 0.3, 1]
		},
		"thirdperson_lefthand": {
			"rotation": [90, 0, 0],
			"translation": [-0.25, 19.5, 0.75],
			"scale": [0.3, 0.3, 1]
		},
		"firstperson_righthand": {
			"rotation": [30, -20, 0],
			"translation": [12, 8.25, -14],
			"scale": [0.3, 0.3, 1]
		},
		"firstperson_lefthand": {
			"rotation": [0, -30, 0],
			"translation": [10.75, 1.5, -13.75],
			"scale": [0.3, 0.3, 1]
		},
		"ground": {
			"translation": [-1.5, -1.5, 2.5],
			"scale": [0.3, 0.3, 0.5]
		},
		"gui": {
			"rotation": [90, -45, 0],
			"translation": [-0.5, -1.25, 0],
			"scale": [0.4, 0.4, 0.4]
		},
		"head": {
			"translation": [1.25, 4.5, 11.5]
		},
		"fixed": {
			"rotation": [-90, -120, 0],
			"translation": [-1.5, 0.5, -3.75],
			"scale": [0.5, 0.5, 0.5]
		}
	}
}