{
	"credit": "Made with Blockbench",
	"texture_size": [32, 32],
	"textures": {
		"0": "infinitecrops:item/harvestertools/gem-clipper"
	},
	"elements": [
		{
			"from": [12, 1, 7],
			"to": [16, 2, 8],
			"rotation": {"angle": 0, "axis": "y", "origin": [12, 1, 7]},
			"faces": {
				"north": {"uv": [5, 1.5, 7, 2], "texture": "#0"},
				"east": {"uv": [5, 9.5, 5.5, 10], "texture": "#0"},
				"south": {"uv": [5, 2, 7, 2.5], "texture": "#0"},
				"west": {"uv": [9.5, 5, 10, 5.5], "texture": "#0"},
				"up": {"uv": [4.5, 5.5, 2.5, 5], "texture": "#0"},
				"down": {"uv": [7, 2.5, 5, 3], "texture": "#0"}
			}
		},
		{
			"from": [10, 2, 7],
			"to": [12, 3, 8],
			"rotation": {"angle": 0, "axis": "y", "origin": [10, 2, 7]},
			"faces": {
				"north": {"uv": [7.5, 0.5, 8.5, 1], "texture": "#0"},
				"east": {"uv": [5.5, 9.5, 6, 10], "texture": "#0"},
				"south": {"uv": [7.5, 1, 8.5, 1.5], "texture": "#0"},
				"west": {"uv": [6, 9.5, 6.5, 10], "texture": "#0"},
				"up": {"uv": [2.5, 8, 1.5, 7.5], "texture": "#0"},
				"down": {"uv": [3.5, 7.5, 2.5, 8], "texture": "#0"}
			}
		},
		{
			"from": [8, 2, 7],
			"to": [10, 3, 8],
			"rotation": {"angle": 0, "axis": "y", "origin": [8, 2, 7]},
			"faces": {
				"north": {"uv": [3.5, 7.5, 4.5, 8], "texture": "#0"},
				"east": {"uv": [6.5, 9.5, 7, 10], "texture": "#0"},
				"south": {"uv": [4.5, 7.5, 5.5, 8], "texture": "#0"},
				"west": {"uv": [7, 9.5, 7.5, 10], "texture": "#0"},
				"up": {"uv": [6.5, 8, 5.5, 7.5], "texture": "#0"},
				"down": {"uv": [7.5, 7.5, 6.5, 8], "texture": "#0"}
			}
		},
		{
			"from": [10, 1, 7],
			"to": [12, 2, 8],
			"rotation": {"angle": 0, "axis": "y", "origin": [10, 1, 7]},
			"faces": {
				"north": {"uv": [7.5, 7.5, 8.5, 8], "texture": "#0"},
				"east": {"uv": [7.5, 9.5, 8, 10], "texture": "#0"},
				"south": {"uv": [0, 8, 1, 8.5], "texture": "#0"},
				"west": {"uv": [9.5, 7.5, 10, 8], "texture": "#0"},
				"up": {"uv": [2, 8.5, 1, 8], "texture": "#0"},
				"down": {"uv": [3, 8, 2, 8.5], "texture": "#0"}
			}
		},
		{
			"from": [3, 3, 7],
			"to": [8, 4, 8],
			"rotation": {"angle": 0, "axis": "y", "origin": [3, 3, 7]},
			"faces": {
				"north": {"uv": [0, 0, 2.5, 0.5], "texture": "#0"},
				"east": {"uv": [8, 9.5, 8.5, 10], "texture": "#0"},
				"south": {"uv": [0, 0.5, 2.5, 1], "texture": "#0"},
				"west": {"uv": [8.5, 9.5, 9, 10], "texture": "#0"},
				"up": {"uv": [2.5, 1.5, 0, 1], "texture": "#0"},
				"down": {"uv": [2.5, 1.5, 0, 2], "texture": "#0"}
			}
		},
		{
			"from": [7, 2, 7],
			"to": [8, 3, 8],
			"rotation": {"angle": 0, "axis": "y", "origin": [7, 2, 7]},
			"faces": {
				"north": {"uv": [9, 9.5, 9.5, 10], "texture": "#0"},
				"east": {"uv": [9.5, 9.5, 10, 10], "texture": "#0"},
				"south": {"uv": [0, 10, 0.5, 10.5], "texture": "#0"},
				"west": {"uv": [10, 0, 10.5, 0.5], "texture": "#0"},
				"up": {"uv": [1, 10.5, 0.5, 10], "texture": "#0"},
				"down": {"uv": [1.5, 10, 1, 10.5], "texture": "#0"}
			}
		},
		{
			"from": [-1, 4, 7],
			"to": [2, 5, 8],
			"rotation": {"angle": 0, "axis": "y", "origin": [-1, 4, 7]},
			"faces": {
				"north": {"uv": [2, 7, 3.5, 7.5], "texture": "#0"},
				"east": {"uv": [1.5, 10, 2, 10.5], "texture": "#0"},
				"south": {"uv": [7, 2, 8.5, 2.5], "texture": "#0"},
				"west": {"uv": [10, 1.5, 10.5, 2], "texture": "#0"},
				"up": {"uv": [8.5, 3, 7, 2.5], "texture": "#0"},
				"down": {"uv": [8.5, 3, 7, 3.5], "texture": "#0"}
			}
		},
		{
			"from": [2, 3, 7],
			"to": [3, 4, 8],
			"rotation": {"angle": 0, "axis": "y", "origin": [2, 3, 7]},
			"faces": {
				"north": {"uv": [2, 10, 2.5, 10.5], "texture": "#0"},
				"east": {"uv": [2.5, 10, 3, 10.5], "texture": "#0"},
				"south": {"uv": [3, 10, 3.5, 10.5], "texture": "#0"},
				"west": {"uv": [3.5, 10, 4, 10.5], "texture": "#0"},
				"up": {"uv": [4.5, 10.5, 4, 10], "texture": "#0"},
				"down": {"uv": [5, 10, 4.5, 10.5], "texture": "#0"}
			}
		},
		{
			"from": [2, 5, 7],
			"to": [3, 6, 8],
			"rotation": {"angle": 0, "axis": "y", "origin": [2, 5, 7]},
			"faces": {
				"north": {"uv": [5, 10, 5.5, 10.5], "texture": "#0"},
				"east": {"uv": [10, 5, 10.5, 5.5], "texture": "#0"},
				"south": {"uv": [5.5, 10, 6, 10.5], "texture": "#0"},
				"west": {"uv": [10, 5.5, 10.5, 6], "texture": "#0"},
				"up": {"uv": [6.5, 10.5, 6, 10], "texture": "#0"},
				"down": {"uv": [10.5, 6, 10, 6.5], "texture": "#0"}
			}
		},
		{
			"from": [3, 5, 7],
			"to": [8, 6, 8],
			"rotation": {"angle": 0, "axis": "y", "origin": [3, 5, 7]},
			"faces": {
				"north": {"uv": [0, 2, 2.5, 2.5], "texture": "#0"},
				"east": {"uv": [6.5, 10, 7, 10.5], "texture": "#0"},
				"south": {"uv": [0, 2.5, 2.5, 3], "texture": "#0"},
				"west": {"uv": [10, 6.5, 10.5, 7], "texture": "#0"},
				"up": {"uv": [5, 0.5, 2.5, 0], "texture": "#0"},
				"down": {"uv": [5, 0.5, 2.5, 1], "texture": "#0"}
			}
		},
		{
			"from": [7, 6, 7],
			"to": [8, 7, 8],
			"rotation": {"angle": 0, "axis": "y", "origin": [7, 6, 7]},
			"faces": {
				"north": {"uv": [7, 10, 7.5, 10.5], "texture": "#0"},
				"east": {"uv": [10, 7, 10.5, 7.5], "texture": "#0"},
				"south": {"uv": [7.5, 10, 8, 10.5], "texture": "#0"},
				"west": {"uv": [10, 7.5, 10.5, 8], "texture": "#0"},
				"up": {"uv": [8.5, 10.5, 8, 10], "texture": "#0"},
				"down": {"uv": [10.5, 8, 10, 8.5], "texture": "#0"}
			}
		},
		{
			"from": [8, 6, 7],
			"to": [10, 7, 8],
			"rotation": {"angle": 0, "axis": "y", "origin": [8, 6, 7]},
			"faces": {
				"north": {"uv": [3, 8, 4, 8.5], "texture": "#0"},
				"east": {"uv": [8.5, 10, 9, 10.5], "texture": "#0"},
				"south": {"uv": [4, 8, 5, 8.5], "texture": "#0"},
				"west": {"uv": [10, 8.5, 10.5, 9], "texture": "#0"},
				"up": {"uv": [6, 8.5, 5, 8], "texture": "#0"},
				"down": {"uv": [9, 5.5, 8, 6], "texture": "#0"}
			}
		},
		{
			"from": [10, 6, 7],
			"to": [12, 7, 8],
			"rotation": {"angle": 0, "axis": "y", "origin": [10, 6, 7]},
			"faces": {
				"north": {"uv": [6, 8, 7, 8.5], "texture": "#0"},
				"east": {"uv": [9, 10, 9.5, 10.5], "texture": "#0"},
				"south": {"uv": [8, 6, 9, 6.5], "texture": "#0"},
				"west": {"uv": [10, 9, 10.5, 9.5], "texture": "#0"},
				"up": {"uv": [9, 7, 8, 6.5], "texture": "#0"},
				"down": {"uv": [8, 8, 7, 8.5], "texture": "#0"}
			}
		},
		{
			"from": [10, 7, 7],
			"to": [12, 8, 8],
			"rotation": {"angle": 0, "axis": "y", "origin": [10, 7, 7]},
			"faces": {
				"north": {"uv": [8, 7, 9, 7.5], "texture": "#0"},
				"east": {"uv": [9.5, 10, 10, 10.5], "texture": "#0"},
				"south": {"uv": [8, 8, 9, 8.5], "texture": "#0"},
				"west": {"uv": [10, 9.5, 10.5, 10], "texture": "#0"},
				"up": {"uv": [1, 9, 0, 8.5], "texture": "#0"},
				"down": {"uv": [9.5, 0.5, 8.5, 1], "texture": "#0"}
			}
		},
		{
			"from": [12, 7, 7],
			"to": [16, 8, 8],
			"rotation": {"angle": 0, "axis": "y", "origin": [12, 7, 7]},
			"faces": {
				"north": {"uv": [5, 3, 7, 3.5], "texture": "#0"},
				"east": {"uv": [10, 10, 10.5, 10.5], "texture": "#0"},
				"south": {"uv": [5, 3.5, 7, 4], "texture": "#0"},
				"west": {"uv": [0, 10.5, 0.5, 11], "texture": "#0"},
				"up": {"uv": [7, 4.5, 5, 4], "texture": "#0"},
				"down": {"uv": [6.5, 5, 4.5, 5.5], "texture": "#0"}
			}
		},
		{
			"from": [10, 7, 8],
			"to": [12, 8, 9],
			"rotation": {"angle": 0, "axis": "y", "origin": [10, 7, 8]},
			"faces": {
				"north": {"uv": [1, 8.5, 2, 9], "texture": "#0"},
				"east": {"uv": [10.5, 0, 11, 0.5], "texture": "#0"},
				"south": {"uv": [8.5, 1, 9.5, 1.5], "texture": "#0"},
				"west": {"uv": [0.5, 10.5, 1, 11], "texture": "#0"},
				"up": {"uv": [3, 9, 2, 8.5], "texture": "#0"},
				"down": {"uv": [9.5, 2, 8.5, 2.5], "texture": "#0"}
			}
		},
		{
			"from": [12, 7, 8],
			"to": [16, 8, 9],
			"rotation": {"angle": 0, "axis": "y", "origin": [12, 7, 8]},
			"faces": {
				"north": {"uv": [5, 4.5, 7, 5], "texture": "#0"},
				"east": {"uv": [10.5, 0.5, 11, 1], "texture": "#0"},
				"south": {"uv": [0, 5.5, 2, 6], "texture": "#0"},
				"west": {"uv": [1, 10.5, 1.5, 11], "texture": "#0"},
				"up": {"uv": [4, 6, 2, 5.5], "texture": "#0"},
				"down": {"uv": [6, 5.5, 4, 6], "texture": "#0"}
			}
		},
		{
			"from": [12, 1, 8],
			"to": [16, 2, 9],
			"rotation": {"angle": 0, "axis": "y", "origin": [12, 1, 8]},
			"faces": {
				"north": {"uv": [0, 6, 2, 6.5], "texture": "#0"},
				"east": {"uv": [10.5, 1, 11, 1.5], "texture": "#0"},
				"south": {"uv": [2, 6, 4, 6.5], "texture": "#0"},
				"west": {"uv": [1.5, 10.5, 2, 11], "texture": "#0"},
				"up": {"uv": [6, 6.5, 4, 6], "texture": "#0"},
				"down": {"uv": [8, 5.5, 6, 6], "texture": "#0"}
			}
		},
		{
			"from": [10, 2, 8],
			"to": [12, 3, 9],
			"rotation": {"angle": 0, "axis": "y", "origin": [10, 2, 8]},
			"faces": {
				"north": {"uv": [8.5, 2.5, 9.5, 3], "texture": "#0"},
				"east": {"uv": [10.5, 1.5, 11, 2], "texture": "#0"},
				"south": {"uv": [3, 8.5, 4, 9], "texture": "#0"},
				"west": {"uv": [2, 10.5, 2.5, 11], "texture": "#0"},
				"up": {"uv": [9.5, 3.5, 8.5, 3], "texture": "#0"},
				"down": {"uv": [9.5, 3.5, 8.5, 4], "texture": "#0"}
			}
		},
		{
			"from": [8, 2, 8],
			"to": [10, 3, 9],
			"rotation": {"angle": 0, "axis": "y", "origin": [8, 2, 8]},
			"faces": {
				"north": {"uv": [4, 8.5, 5, 9], "texture": "#0"},
				"east": {"uv": [10.5, 2, 11, 2.5], "texture": "#0"},
				"south": {"uv": [8.5, 4, 9.5, 4.5], "texture": "#0"},
				"west": {"uv": [2.5, 10.5, 3, 11], "texture": "#0"},
				"up": {"uv": [9.5, 5, 8.5, 4.5], "texture": "#0"},
				"down": {"uv": [6, 8.5, 5, 9], "texture": "#0"}
			}
		},
		{
			"from": [10, 1, 8],
			"to": [12, 2, 9],
			"rotation": {"angle": 0, "axis": "y", "origin": [10, 1, 8]},
			"faces": {
				"north": {"uv": [8.5, 5, 9.5, 5.5], "texture": "#0"},
				"east": {"uv": [10.5, 2.5, 11, 3], "texture": "#0"},
				"south": {"uv": [6, 8.5, 7, 9], "texture": "#0"},
				"west": {"uv": [3, 10.5, 3.5, 11], "texture": "#0"},
				"up": {"uv": [8, 9, 7, 8.5], "texture": "#0"},
				"down": {"uv": [9.5, 7.5, 8.5, 8], "texture": "#0"}
			}
		},
		{
			"from": [3, 3, 8],
			"to": [8, 4, 9],
			"rotation": {"angle": 0, "axis": "y", "origin": [3, 3, 8]},
			"faces": {
				"north": {"uv": [2.5, 1, 5, 1.5], "texture": "#0"},
				"east": {"uv": [10.5, 3, 11, 3.5], "texture": "#0"},
				"south": {"uv": [2.5, 1.5, 5, 2], "texture": "#0"},
				"west": {"uv": [3.5, 10.5, 4, 11], "texture": "#0"},
				"up": {"uv": [5, 2.5, 2.5, 2], "texture": "#0"},
				"down": {"uv": [5, 2.5, 2.5, 3], "texture": "#0"}
			}
		},
		{
			"from": [7, 2, 8],
			"to": [8, 3, 9],
			"rotation": {"angle": 0, "axis": "y", "origin": [7, 2, 8]},
			"faces": {
				"north": {"uv": [10.5, 3.5, 11, 4], "texture": "#0"},
				"east": {"uv": [4, 10.5, 4.5, 11], "texture": "#0"},
				"south": {"uv": [10.5, 4, 11, 4.5], "texture": "#0"},
				"west": {"uv": [4.5, 10.5, 5, 11], "texture": "#0"},
				"up": {"uv": [11, 5, 10.5, 4.5], "texture": "#0"},
				"down": {"uv": [5.5, 10.5, 5, 11], "texture": "#0"}
			}
		},
		{
			"from": [-1, 4, 8],
			"to": [2, 5, 9],
			"rotation": {"angle": 0, "axis": "y", "origin": [-1, 4, 8]},
			"faces": {
				"north": {"uv": [3.5, 7, 5, 7.5], "texture": "#0"},
				"east": {"uv": [10.5, 5, 11, 5.5], "texture": "#0"},
				"south": {"uv": [7, 3.5, 8.5, 4], "texture": "#0"},
				"west": {"uv": [5.5, 10.5, 6, 11], "texture": "#0"},
				"up": {"uv": [8.5, 4.5, 7, 4], "texture": "#0"},
				"down": {"uv": [8.5, 4.5, 7, 5], "texture": "#0"}
			}
		},
		{
			"from": [2, 3, 8],
			"to": [3, 4, 9],
			"rotation": {"angle": 0, "axis": "y", "origin": [2, 3, 8]},
			"faces": {
				"north": {"uv": [10.5, 5.5, 11, 6], "texture": "#0"},
				"east": {"uv": [6, 10.5, 6.5, 11], "texture": "#0"},
				"south": {"uv": [10.5, 6, 11, 6.5], "texture": "#0"},
				"west": {"uv": [6.5, 10.5, 7, 11], "texture": "#0"},
				"up": {"uv": [11, 7, 10.5, 6.5], "texture": "#0"},
				"down": {"uv": [7.5, 10.5, 7, 11], "texture": "#0"}
			}
		},
		{
			"from": [2, 5, 8],
			"to": [3, 6, 9],
			"rotation": {"angle": 0, "axis": "y", "origin": [2, 5, 8]},
			"faces": {
				"north": {"uv": [10.5, 7, 11, 7.5], "texture": "#0"},
				"east": {"uv": [7.5, 10.5, 8, 11], "texture": "#0"},
				"south": {"uv": [10.5, 7.5, 11, 8], "texture": "#0"},
				"west": {"uv": [8, 10.5, 8.5, 11], "texture": "#0"},
				"up": {"uv": [11, 8.5, 10.5, 8], "texture": "#0"},
				"down": {"uv": [9, 10.5, 8.5, 11], "texture": "#0"}
			}
		},
		{
			"from": [3, 5, 8],
			"to": [8, 6, 9],
			"rotation": {"angle": 0, "axis": "y", "origin": [3, 5, 8]},
			"faces": {
				"north": {"uv": [0, 3, 2.5, 3.5], "texture": "#0"},
				"east": {"uv": [10.5, 8.5, 11, 9], "texture": "#0"},
				"south": {"uv": [2.5, 3, 5, 3.5], "texture": "#0"},
				"west": {"uv": [9, 10.5, 9.5, 11], "texture": "#0"},
				"up": {"uv": [2.5, 4, 0, 3.5], "texture": "#0"},
				"down": {"uv": [5, 3.5, 2.5, 4], "texture": "#0"}
			}
		},
		{
			"from": [7, 6, 8],
			"to": [8, 7, 9],
			"rotation": {"angle": 0, "axis": "y", "origin": [7, 6, 8]},
			"faces": {
				"north": {"uv": [10.5, 9, 11, 9.5], "texture": "#0"},
				"east": {"uv": [9.5, 10.5, 10, 11], "texture": "#0"},
				"south": {"uv": [10.5, 9.5, 11, 10], "texture": "#0"},
				"west": {"uv": [10, 10.5, 10.5, 11], "texture": "#0"},
				"up": {"uv": [11, 10.5, 10.5, 10], "texture": "#0"},
				"down": {"uv": [11, 10.5, 10.5, 11], "texture": "#0"}
			}
		},
		{
			"from": [8, 6, 8],
			"to": [10, 7, 9],
			"rotation": {"angle": 0, "axis": "y", "origin": [8, 6, 8]},
			"faces": {
				"north": {"uv": [8, 8.5, 9, 9], "texture": "#0"},
				"east": {"uv": [0, 11, 0.5, 11.5], "texture": "#0"},
				"south": {"uv": [0, 9, 1, 9.5], "texture": "#0"},
				"west": {"uv": [11, 0, 11.5, 0.5], "texture": "#0"},
				"up": {"uv": [10, 0.5, 9, 0], "texture": "#0"},
				"down": {"uv": [2, 9, 1, 9.5], "texture": "#0"}
			}
		},
		{
			"from": [10, 6, 8],
			"to": [12, 7, 9],
			"rotation": {"angle": 0, "axis": "y", "origin": [10, 6, 8]},
			"faces": {
				"north": {"uv": [9, 1.5, 10, 2], "texture": "#0"},
				"east": {"uv": [0.5, 11, 1, 11.5], "texture": "#0"},
				"south": {"uv": [2, 9, 3, 9.5], "texture": "#0"},
				"west": {"uv": [11, 0.5, 11.5, 1], "texture": "#0"},
				"up": {"uv": [4, 9.5, 3, 9], "texture": "#0"},
				"down": {"uv": [5, 9, 4, 9.5], "texture": "#0"}
			}
		},
		{
			"from": [10, 7, 6],
			"to": [12, 8, 7],
			"rotation": {"angle": 0, "axis": "y", "origin": [10, 7, 6]},
			"faces": {
				"north": {"uv": [5, 9, 6, 9.5], "texture": "#0"},
				"east": {"uv": [1, 11, 1.5, 11.5], "texture": "#0"},
				"south": {"uv": [9, 5.5, 10, 6], "texture": "#0"},
				"west": {"uv": [11, 1, 11.5, 1.5], "texture": "#0"},
				"up": {"uv": [7, 9.5, 6, 9], "texture": "#0"},
				"down": {"uv": [10, 6, 9, 6.5], "texture": "#0"}
			}
		},
		{
			"from": [12, 7, 6],
			"to": [16, 8, 7],
			"rotation": {"angle": 0, "axis": "y", "origin": [12, 7, 6]},
			"faces": {
				"north": {"uv": [6, 6, 8, 6.5], "texture": "#0"},
				"east": {"uv": [1.5, 11, 2, 11.5], "texture": "#0"},
				"south": {"uv": [0, 6.5, 2, 7], "texture": "#0"},
				"west": {"uv": [11, 1.5, 11.5, 2], "texture": "#0"},
				"up": {"uv": [4, 7, 2, 6.5], "texture": "#0"},
				"down": {"uv": [6, 6.5, 4, 7], "texture": "#0"}
			}
		},
		{
			"from": [12, 1, 6],
			"to": [16, 2, 7],
			"rotation": {"angle": 0, "axis": "y", "origin": [12, 1, 6]},
			"faces": {
				"north": {"uv": [6.5, 5, 8.5, 5.5], "texture": "#0"},
				"east": {"uv": [2, 11, 2.5, 11.5], "texture": "#0"},
				"south": {"uv": [6, 6.5, 8, 7], "texture": "#0"},
				"west": {"uv": [11, 2, 11.5, 2.5], "texture": "#0"},
				"up": {"uv": [2, 7.5, 0, 7], "texture": "#0"},
				"down": {"uv": [9, 1.5, 7, 2], "texture": "#0"}
			}
		},
		{
			"from": [10, 2, 6],
			"to": [12, 3, 7],
			"rotation": {"angle": 0, "axis": "y", "origin": [10, 2, 6]},
			"faces": {
				"north": {"uv": [9, 6.5, 10, 7], "texture": "#0"},
				"east": {"uv": [2.5, 11, 3, 11.5], "texture": "#0"},
				"south": {"uv": [7, 9, 8, 9.5], "texture": "#0"},
				"west": {"uv": [11, 2.5, 11.5, 3], "texture": "#0"},
				"up": {"uv": [10, 7.5, 9, 7], "texture": "#0"},
				"down": {"uv": [9, 9, 8, 9.5], "texture": "#0"}
			}
		},
		{
			"from": [8, 2, 6],
			"to": [10, 3, 7],
			"rotation": {"angle": 0, "axis": "y", "origin": [8, 2, 6]},
			"faces": {
				"north": {"uv": [9, 8, 10, 8.5], "texture": "#0"},
				"east": {"uv": [3, 11, 3.5, 11.5], "texture": "#0"},
				"south": {"uv": [9, 8.5, 10, 9], "texture": "#0"},
				"west": {"uv": [11, 3, 11.5, 3.5], "texture": "#0"},
				"up": {"uv": [10, 9.5, 9, 9], "texture": "#0"},
				"down": {"uv": [1, 9.5, 0, 10], "texture": "#0"}
			}
		},
		{
			"from": [10, 1, 6],
			"to": [12, 2, 7],
			"rotation": {"angle": 0, "axis": "y", "origin": [10, 1, 6]},
			"faces": {
				"north": {"uv": [9.5, 0.5, 10.5, 1], "texture": "#0"},
				"east": {"uv": [3.5, 11, 4, 11.5], "texture": "#0"},
				"south": {"uv": [1, 9.5, 2, 10], "texture": "#0"},
				"west": {"uv": [11, 3.5, 11.5, 4], "texture": "#0"},
				"up": {"uv": [10.5, 1.5, 9.5, 1], "texture": "#0"},
				"down": {"uv": [3, 9.5, 2, 10], "texture": "#0"}
			}
		},
		{
			"from": [3, 3, 6],
			"to": [8, 4, 7],
			"rotation": {"angle": 0, "axis": "y", "origin": [3, 3, 6]},
			"faces": {
				"north": {"uv": [0, 4, 2.5, 4.5], "texture": "#0"},
				"east": {"uv": [4, 11, 4.5, 11.5], "texture": "#0"},
				"south": {"uv": [2.5, 4, 5, 4.5], "texture": "#0"},
				"west": {"uv": [11, 4, 11.5, 4.5], "texture": "#0"},
				"up": {"uv": [2.5, 5, 0, 4.5], "texture": "#0"},
				"down": {"uv": [5, 4.5, 2.5, 5], "texture": "#0"}
			}
		},
		{
			"from": [7, 2, 6],
			"to": [8, 3, 7],
			"rotation": {"angle": 0, "axis": "y", "origin": [7, 2, 6]},
			"faces": {
				"north": {"uv": [4.5, 11, 5, 11.5], "texture": "#0"},
				"east": {"uv": [11, 4.5, 11.5, 5], "texture": "#0"},
				"south": {"uv": [5, 11, 5.5, 11.5], "texture": "#0"},
				"west": {"uv": [11, 5, 11.5, 5.5], "texture": "#0"},
				"up": {"uv": [6, 11.5, 5.5, 11], "texture": "#0"},
				"down": {"uv": [11.5, 5.5, 11, 6], "texture": "#0"}
			}
		},
		{
			"from": [-1, 4, 6],
			"to": [2, 5, 7],
			"rotation": {"angle": 0, "axis": "y", "origin": [-1, 4, 6]},
			"faces": {
				"north": {"uv": [5, 7, 6.5, 7.5], "texture": "#0"},
				"east": {"uv": [6, 11, 6.5, 11.5], "texture": "#0"},
				"south": {"uv": [6.5, 7, 8, 7.5], "texture": "#0"},
				"west": {"uv": [11, 6, 11.5, 6.5], "texture": "#0"},
				"up": {"uv": [1.5, 8, 0, 7.5], "texture": "#0"},
				"down": {"uv": [9, 0, 7.5, 0.5], "texture": "#0"}
			}
		},
		{
			"from": [2, 3, 6],
			"to": [3, 4, 7],
			"rotation": {"angle": 0, "axis": "y", "origin": [2, 3, 6]},
			"faces": {
				"north": {"uv": [6.5, 11, 7, 11.5], "texture": "#0"},
				"east": {"uv": [11, 6.5, 11.5, 7], "texture": "#0"},
				"south": {"uv": [7, 11, 7.5, 11.5], "texture": "#0"},
				"west": {"uv": [11, 7, 11.5, 7.5], "texture": "#0"},
				"up": {"uv": [8, 11.5, 7.5, 11], "texture": "#0"},
				"down": {"uv": [11.5, 7.5, 11, 8], "texture": "#0"}
			}
		},
		{
			"from": [2, 5, 6],
			"to": [3, 6, 7],
			"rotation": {"angle": 0, "axis": "y", "origin": [2, 5, 6]},
			"faces": {
				"north": {"uv": [8, 11, 8.5, 11.5], "texture": "#0"},
				"east": {"uv": [11, 8, 11.5, 8.5], "texture": "#0"},
				"south": {"uv": [8.5, 11, 9, 11.5], "texture": "#0"},
				"west": {"uv": [11, 8.5, 11.5, 9], "texture": "#0"},
				"up": {"uv": [9.5, 11.5, 9, 11], "texture": "#0"},
				"down": {"uv": [11.5, 9, 11, 9.5], "texture": "#0"}
			}
		},
		{
			"from": [3, 5, 6],
			"to": [8, 6, 7],
			"rotation": {"angle": 0, "axis": "y", "origin": [3, 5, 6]},
			"faces": {
				"north": {"uv": [0, 5, 2.5, 5.5], "texture": "#0"},
				"east": {"uv": [9.5, 11, 10, 11.5], "texture": "#0"},
				"south": {"uv": [5, 0, 7.5, 0.5], "texture": "#0"},
				"west": {"uv": [11, 9.5, 11.5, 10], "texture": "#0"},
				"up": {"uv": [7.5, 1, 5, 0.5], "texture": "#0"},
				"down": {"uv": [7.5, 1, 5, 1.5], "texture": "#0"}
			}
		},
		{
			"from": [7, 6, 6],
			"to": [8, 7, 7],
			"rotation": {"angle": 0, "axis": "y", "origin": [7, 6, 6]},
			"faces": {
				"north": {"uv": [10, 11, 10.5, 11.5], "texture": "#0"},
				"east": {"uv": [11, 10, 11.5, 10.5], "texture": "#0"},
				"south": {"uv": [10.5, 11, 11, 11.5], "texture": "#0"},
				"west": {"uv": [11, 10.5, 11.5, 11], "texture": "#0"},
				"up": {"uv": [11.5, 11.5, 11, 11], "texture": "#0"},
				"down": {"uv": [0.5, 11.5, 0, 12], "texture": "#0"}
			}
		},
		{
			"from": [8, 6, 6],
			"to": [10, 7, 7],
			"rotation": {"angle": 0, "axis": "y", "origin": [8, 6, 6]},
			"faces": {
				"north": {"uv": [9.5, 2, 10.5, 2.5], "texture": "#0"},
				"east": {"uv": [11.5, 0, 12, 0.5], "texture": "#0"},
				"south": {"uv": [9.5, 2.5, 10.5, 3], "texture": "#0"},
				"west": {"uv": [0.5, 11.5, 1, 12], "texture": "#0"},
				"up": {"uv": [4, 10, 3, 9.5], "texture": "#0"},
				"down": {"uv": [10.5, 3, 9.5, 3.5], "texture": "#0"}
			}
		},
		{
			"from": [10, 6, 6],
			"to": [12, 7, 7],
			"rotation": {"angle": 0, "axis": "y", "origin": [10, 6, 6]},
			"faces": {
				"north": {"uv": [9.5, 3.5, 10.5, 4], "texture": "#0"},
				"east": {"uv": [11.5, 0.5, 12, 1], "texture": "#0"},
				"south": {"uv": [4, 9.5, 5, 10], "texture": "#0"},
				"west": {"uv": [1, 11.5, 1.5, 12], "texture": "#0"},
				"up": {"uv": [10.5, 4.5, 9.5, 4], "texture": "#0"},
				"down": {"uv": [10.5, 4.5, 9.5, 5], "texture": "#0"}
			}
		}
	],
	"display": {
		"thirdperson_righthand": {
			"rotation": [0, 90, 0],
			"translation": [0, -0.75, -2.25],
			"scale": [0.3, 0.3, 0.3]
		},
		"thirdperson_lefthand": {
			"rotation": [0, -90, 0],
			"translation": [0, -0.75, -2.5],
			"scale": [0.3, 0.3, 0.3]
		},
		"firstperson_righthand": {
			"rotation": [0, 90, 0],
			"translation": [2.5, 2.25, 0],
			"scale": [0.3, 0.3, 0.3]
		},
		"firstperson_lefthand": {
			"rotation": [0, -90, 0],
			"translation": [1.75, 2.25, 0],
			"scale": [0.3, 0.3, 0.3]
		},
		"ground": {
			"translation": [0, 1.75, 0],
			"scale": [0.3, 0.3, 0.3]
		},
		"gui": {
			"rotation": [23, 45, 0],
			"translation": [0.5, 2, 0],
			"scale": [0.8, 0.8, 0.8]
		},
		"head": {
			"rotation": [0, -90, 0],
			"translation": [0, -0.5, -8.75],
			"scale": [0.3, 0.3, 0.3]
		},
		"fixed": {
			"translation": [0, 3, 0],
			"scale": [0.8, 0.8, 0.8]
		}
	}
}