{
	"credit": "Made with Blockbench",
	"texture_size": [32, 32],
	"textures": {
		"0": "infinitecrops:item/harvestertools/hop-harvester"
	},
	"elements": [
		{
			"from": [4, 0, 10],
			"to": [5, 1, 15],
			"rotation": {"angle": 0, "axis": "y", "origin": [4, 0, 10]},
			"faces": {
				"north": {"uv": [8, 1.5, 8.5, 2], "texture": "#0"},
				"east": {"uv": [1, 2, 3.5, 2.5], "texture": "#0"},
				"south": {"uv": [3, 8, 3.5, 8.5], "texture": "#0"},
				"west": {"uv": [1, 2.5, 3.5, 3], "texture": "#0"},
				"up": {"uv": [1.5, 5.5, 1, 3], "texture": "#0"},
				"down": {"uv": [2, 3, 1.5, 5.5], "texture": "#0"}
			}
		},
		{
			"from": [4, 1, 10],
			"to": [5, 2, 15],
			"rotation": {"angle": 0, "axis": "y", "origin": [4, 1, 10]},
			"faces": {
				"north": {"uv": [8, 3, 8.5, 3.5], "texture": "#0"},
				"east": {"uv": [2, 3, 4.5, 3.5], "texture": "#0"},
				"south": {"uv": [3.5, 8, 4, 8.5], "texture": "#0"},
				"west": {"uv": [2, 3.5, 4.5, 4], "texture": "#0"},
				"up": {"uv": [2.5, 6.5, 2, 4], "texture": "#0"},
				"down": {"uv": [3, 4, 2.5, 6.5], "texture": "#0"}
			}
		},
		{
			"from": [5, 1, 10],
			"to": [6, 2, 15],
			"rotation": {"angle": 0, "axis": "y", "origin": [5, 1, 10]},
			"faces": {
				"north": {"uv": [8, 3.5, 8.5, 4], "texture": "#0"},
				"east": {"uv": [3.5, 2, 6, 2.5], "texture": "#0"},
				"south": {"uv": [4, 8, 4.5, 8.5], "texture": "#0"},
				"west": {"uv": [3.5, 2.5, 6, 3], "texture": "#0"},
				"up": {"uv": [3.5, 6.5, 3, 4], "texture": "#0"},
				"down": {"uv": [4, 4, 3.5, 6.5], "texture": "#0"}
			}
		},
		{
			"from": [3, 1, 10],
			"to": [4, 2, 15],
			"rotation": {"angle": 0, "axis": "y", "origin": [3, 1, 10]},
			"faces": {
				"north": {"uv": [8, 4, 8.5, 4.5], "texture": "#0"},
				"east": {"uv": [4, 0, 6.5, 0.5], "texture": "#0"},
				"south": {"uv": [4.5, 8, 5, 8.5], "texture": "#0"},
				"west": {"uv": [4, 0.5, 6.5, 1], "texture": "#0"},
				"up": {"uv": [4.5, 6.5, 4, 4], "texture": "#0"},
				"down": {"uv": [5, 3, 4.5, 5.5], "texture": "#0"}
			}
		},
		{
			"from": [4, 2, 10],
			"to": [5, 3, 15],
			"rotation": {"angle": 0, "axis": "y", "origin": [4, 2, 10]},
			"faces": {
				"north": {"uv": [8, 4.5, 8.5, 5], "texture": "#0"},
				"east": {"uv": [4.5, 1, 7, 1.5], "texture": "#0"},
				"south": {"uv": [5, 8, 5.5, 8.5], "texture": "#0"},
				"west": {"uv": [4.5, 1.5, 7, 2], "texture": "#0"},
				"up": {"uv": [0.5, 7.5, 0, 5], "texture": "#0"},
				"down": {"uv": [1, 5, 0.5, 7.5], "texture": "#0"}
			}
		},
		{
			"from": [4, 1, 9],
			"to": [5, 2, 10],
			"rotation": {"angle": 0, "axis": "y", "origin": [4, 1, 9]},
			"faces": {
				"north": {"uv": [8, 5, 8.5, 5.5], "texture": "#0"},
				"east": {"uv": [5.5, 8, 6, 8.5], "texture": "#0"},
				"south": {"uv": [6, 8, 6.5, 8.5], "texture": "#0"},
				"west": {"uv": [6.5, 8, 7, 8.5], "texture": "#0"},
				"up": {"uv": [8.5, 7, 8, 6.5], "texture": "#0"},
				"down": {"uv": [7.5, 8, 7, 8.5], "texture": "#0"}
			}
		},
		{
			"from": [1, 1, 9],
			"to": [8, 2, 9],
			"rotation": {"angle": 0, "axis": "y", "origin": [1, 1, 9]},
			"faces": {
				"north": {"uv": [1, 1, 4.5, 1.5], "texture": "#0"},
				"east": {"uv": [0, 0, 0, 0.5], "texture": "#0"},
				"south": {"uv": [1, 1.5, 4.5, 2], "texture": "#0"},
				"west": {"uv": [0, 0, 0, 0.5], "texture": "#0"},
				"up": {"uv": [3.5, 0, 0, 0], "texture": "#0"},
				"down": {"uv": [3.5, 0, 0, 0], "texture": "#0"}
			}
		},
		{
			"from": [11, 1, 2],
			"to": [13, 2, 3],
			"rotation": {"angle": 0, "axis": "y", "origin": [11, 1, 2]},
			"faces": {
				"north": {"uv": [1, 5.5, 2, 6], "texture": "#0"},
				"east": {"uv": [7.5, 8, 8, 8.5], "texture": "#0"},
				"south": {"uv": [1, 6, 2, 6.5], "texture": "#0"},
				"west": {"uv": [8, 7.5, 8.5, 8], "texture": "#0"},
				"up": {"uv": [8, 2, 7, 1.5], "texture": "#0"},
				"down": {"uv": [3.5, 7, 2.5, 7.5], "texture": "#0"}
			}
		},
		{
			"from": [15, 1, 4],
			"to": [16, 2, 6],
			"rotation": {"angle": 0, "axis": "y", "origin": [15, 1, 4]},
			"faces": {
				"north": {"uv": [7, 9, 7.5, 9.5], "texture": "#0"},
				"east": {"uv": [8, 0.5, 9, 1], "texture": "#0"},
				"south": {"uv": [9, 7, 9.5, 7.5], "texture": "#0"},
				"west": {"uv": [1, 8, 2, 8.5], "texture": "#0"},
				"up": {"uv": [2.5, 9, 2, 8], "texture": "#0"},
				"down": {"uv": [3, 8, 2.5, 9], "texture": "#0"}
			}
		},
		{
			"from": [4, 1, 1],
			"to": [5, 2, 9],
			"rotation": {"angle": 0, "axis": "y", "origin": [4, 1, 1]},
			"faces": {
				"north": {"uv": [8, 8, 8.5, 8.5], "texture": "#0"},
				"east": {"uv": [0, 0, 4, 0.5], "texture": "#0"},
				"south": {"uv": [0, 8.5, 0.5, 9], "texture": "#0"},
				"west": {"uv": [0, 0.5, 4, 1], "texture": "#0"},
				"up": {"uv": [0.5, 5, 0, 1], "texture": "#0"},
				"down": {"uv": [1, 1, 0.5, 5], "texture": "#0"}
			}
		},
		{
			"from": [13, 1, 3],
			"to": [14, 2, 4],
			"rotation": {"angle": 0, "axis": "y", "origin": [13, 1, 3]},
			"faces": {
				"north": {"uv": [0.5, 8.5, 1, 9], "texture": "#0"},
				"east": {"uv": [1, 8.5, 1.5, 9], "texture": "#0"},
				"south": {"uv": [8.5, 1, 9, 1.5], "texture": "#0"},
				"west": {"uv": [1.5, 8.5, 2, 9], "texture": "#0"},
				"up": {"uv": [9, 2, 8.5, 1.5], "texture": "#0"},
				"down": {"uv": [9, 2, 8.5, 2.5], "texture": "#0"}
			}
		},
		{
			"from": [6, 1, 2],
			"to": [9, 2, 3],
			"rotation": {"angle": 0, "axis": "y", "origin": [6, 1, 2]},
			"faces": {
				"north": {"uv": [5, 3, 6.5, 3.5], "texture": "#0"},
				"east": {"uv": [8.5, 2.5, 9, 3], "texture": "#0"},
				"south": {"uv": [5, 3.5, 6.5, 4], "texture": "#0"},
				"west": {"uv": [3, 8.5, 3.5, 9], "texture": "#0"},
				"up": {"uv": [6.5, 4.5, 5, 4], "texture": "#0"},
				"down": {"uv": [6.5, 4.5, 5, 5], "texture": "#0"}
			}
		},
		{
			"from": [5, 1, 3],
			"to": [7, 2, 4],
			"rotation": {"angle": 0, "axis": "y", "origin": [5, 1, 3]},
			"faces": {
				"north": {"uv": [3.5, 7, 4.5, 7.5], "texture": "#0"},
				"east": {"uv": [8.5, 3, 9, 3.5], "texture": "#0"},
				"south": {"uv": [4.5, 7, 5.5, 7.5], "texture": "#0"},
				"west": {"uv": [3.5, 8.5, 4, 9], "texture": "#0"},
				"up": {"uv": [6.5, 7.5, 5.5, 7], "texture": "#0"},
				"down": {"uv": [7.5, 7, 6.5, 7.5], "texture": "#0"}
			}
		},
		{
			"from": [14, 1, 4],
			"to": [15, 2, 5],
			"rotation": {"angle": 0, "axis": "y", "origin": [14, 1, 4]},
			"faces": {
				"north": {"uv": [8.5, 3.5, 9, 4], "texture": "#0"},
				"east": {"uv": [4, 8.5, 4.5, 9], "texture": "#0"},
				"south": {"uv": [8.5, 4, 9, 4.5], "texture": "#0"},
				"west": {"uv": [4.5, 8.5, 5, 9], "texture": "#0"},
				"up": {"uv": [9, 5, 8.5, 4.5], "texture": "#0"},
				"down": {"uv": [5.5, 8.5, 5, 9], "texture": "#0"}
			}
		},
		{
			"from": [8, 1, 1],
			"to": [11, 2, 2],
			"rotation": {"angle": 0, "axis": "y", "origin": [8, 1, 1]},
			"faces": {
				"north": {"uv": [5, 5, 6.5, 5.5], "texture": "#0"},
				"east": {"uv": [8.5, 5, 9, 5.5], "texture": "#0"},
				"south": {"uv": [4.5, 5.5, 6, 6], "texture": "#0"},
				"west": {"uv": [5.5, 8.5, 6, 9], "texture": "#0"},
				"up": {"uv": [7.5, 2.5, 6, 2], "texture": "#0"},
				"down": {"uv": [7.5, 2.5, 6, 3], "texture": "#0"}
			}
		},
		{
			"from": [11, 1, 1],
			"to": [13, 2, 2],
			"rotation": {"angle": 0, "axis": "y", "origin": [11, 1, 1]},
			"faces": {
				"north": {"uv": [7, 6.5, 8, 7], "texture": "#0"},
				"east": {"uv": [8.5, 5.5, 9, 6], "texture": "#0"},
				"south": {"uv": [0, 7.5, 1, 8], "texture": "#0"},
				"west": {"uv": [6, 8.5, 6.5, 9], "texture": "#0"},
				"up": {"uv": [2, 8, 1, 7.5], "texture": "#0"},
				"down": {"uv": [3, 7.5, 2, 8], "texture": "#0"}
			}
		},
		{
			"from": [8, 1, -1],
			"to": [11, 2, 0],
			"rotation": {"angle": 0, "axis": "y", "origin": [8, 1, -1]},
			"faces": {
				"north": {"uv": [6.5, 5, 8, 5.5], "texture": "#0"},
				"east": {"uv": [6.5, 9, 7, 9.5], "texture": "#0"},
				"south": {"uv": [5.5, 6.5, 7, 7], "texture": "#0"},
				"west": {"uv": [9, 6.5, 9.5, 7], "texture": "#0"},
				"up": {"uv": [2.5, 7.5, 1, 7], "texture": "#0"},
				"down": {"uv": [8.5, 1, 7, 1.5], "texture": "#0"}
			}
		},
		{
			"from": [14, 1, 2],
			"to": [15, 2, 3],
			"rotation": {"angle": 0, "axis": "y", "origin": [14, 1, 2]},
			"faces": {
				"north": {"uv": [5, 9, 5.5, 9.5], "texture": "#0"},
				"east": {"uv": [9, 5, 9.5, 5.5], "texture": "#0"},
				"south": {"uv": [5.5, 9, 6, 9.5], "texture": "#0"},
				"west": {"uv": [9, 5.5, 9.5, 6], "texture": "#0"},
				"up": {"uv": [6.5, 9.5, 6, 9], "texture": "#0"},
				"down": {"uv": [9.5, 6, 9, 6.5], "texture": "#0"}
			}
		},
		{
			"from": [5, 1, 1],
			"to": [7, 2, 2],
			"rotation": {"angle": 0, "axis": "y", "origin": [5, 1, 1]},
			"faces": {
				"north": {"uv": [7, 7.5, 8, 8], "texture": "#0"},
				"east": {"uv": [4.5, 9, 5, 9.5], "texture": "#0"},
				"south": {"uv": [7.5, 7, 8.5, 7.5], "texture": "#0"},
				"west": {"uv": [9, 4.5, 9.5, 5], "texture": "#0"},
				"up": {"uv": [1, 8.5, 0, 8], "texture": "#0"},
				"down": {"uv": [9, 0, 8, 0.5], "texture": "#0"}
			}
		},
		{
			"from": [6, 1, 0],
			"to": [9, 2, 1],
			"rotation": {"angle": 0, "axis": "y", "origin": [6, 1, 0]},
			"faces": {
				"north": {"uv": [6.5, 3.5, 8, 4], "texture": "#0"},
				"east": {"uv": [4, 9, 4.5, 9.5], "texture": "#0"},
				"south": {"uv": [4, 6.5, 5.5, 7], "texture": "#0"},
				"west": {"uv": [9, 4, 9.5, 4.5], "texture": "#0"},
				"up": {"uv": [8, 4.5, 6.5, 4], "texture": "#0"},
				"down": {"uv": [8, 4.5, 6.5, 5], "texture": "#0"}
			}
		},
		{
			"from": [13, 1, 1],
			"to": [14, 2, 2],
			"rotation": {"angle": 0, "axis": "y", "origin": [13, 1, 1]},
			"faces": {
				"north": {"uv": [2.5, 9, 3, 9.5], "texture": "#0"},
				"east": {"uv": [9, 2.5, 9.5, 3], "texture": "#0"},
				"south": {"uv": [3, 9, 3.5, 9.5], "texture": "#0"},
				"west": {"uv": [9, 3, 9.5, 3.5], "texture": "#0"},
				"up": {"uv": [4, 9.5, 3.5, 9], "texture": "#0"},
				"down": {"uv": [9.5, 3.5, 9, 4], "texture": "#0"}
			}
		},
		{
			"from": [11, 1, 0],
			"to": [13, 2, 1],
			"rotation": {"angle": 0, "axis": "y", "origin": [11, 1, 0]},
			"faces": {
				"north": {"uv": [5, 7.5, 6, 8], "texture": "#0"},
				"east": {"uv": [2, 9, 2.5, 9.5], "texture": "#0"},
				"south": {"uv": [7.5, 5.5, 8.5, 6], "texture": "#0"},
				"west": {"uv": [9, 2, 9.5, 2.5], "texture": "#0"},
				"up": {"uv": [7, 8, 6, 7.5], "texture": "#0"},
				"down": {"uv": [8.5, 6, 7.5, 6.5], "texture": "#0"}
			}
		},
		{
			"from": [13, 1, 2],
			"to": [14, 2, 3],
			"rotation": {"angle": 0, "axis": "y", "origin": [13, 1, 2]},
			"faces": {
				"north": {"uv": [8.5, 6, 9, 6.5], "texture": "#0"},
				"east": {"uv": [6.5, 8.5, 7, 9], "texture": "#0"},
				"south": {"uv": [8.5, 6.5, 9, 7], "texture": "#0"},
				"west": {"uv": [7, 8.5, 7.5, 9], "texture": "#0"},
				"up": {"uv": [9, 7.5, 8.5, 7], "texture": "#0"},
				"down": {"uv": [8, 8.5, 7.5, 9], "texture": "#0"}
			}
		},
		{
			"from": [6, 1, 1],
			"to": [9, 2, 2],
			"rotation": {"angle": 0, "axis": "y", "origin": [6, 1, 1]},
			"faces": {
				"north": {"uv": [4.5, 6, 6, 6.5], "texture": "#0"},
				"east": {"uv": [8.5, 7.5, 9, 8], "texture": "#0"},
				"south": {"uv": [6, 5.5, 7.5, 6], "texture": "#0"},
				"west": {"uv": [8, 8.5, 8.5, 9], "texture": "#0"},
				"up": {"uv": [7.5, 6.5, 6, 6], "texture": "#0"},
				"down": {"uv": [8, 0, 6.5, 0.5], "texture": "#0"}
			}
		},
		{
			"from": [5, 1, 2],
			"to": [7, 2, 3],
			"rotation": {"angle": 0, "axis": "y", "origin": [5, 1, 2]},
			"faces": {
				"north": {"uv": [7.5, 2, 8.5, 2.5], "texture": "#0"},
				"east": {"uv": [8.5, 8, 9, 8.5], "texture": "#0"},
				"south": {"uv": [7.5, 2.5, 8.5, 3], "texture": "#0"},
				"west": {"uv": [8.5, 8.5, 9, 9], "texture": "#0"},
				"up": {"uv": [4, 8, 3, 7.5], "texture": "#0"},
				"down": {"uv": [5, 7.5, 4, 8], "texture": "#0"}
			}
		},
		{
			"from": [14, 1, 3],
			"to": [15, 2, 4],
			"rotation": {"angle": 0, "axis": "y", "origin": [14, 1, 3]},
			"faces": {
				"north": {"uv": [0, 9, 0.5, 9.5], "texture": "#0"},
				"east": {"uv": [9, 0, 9.5, 0.5], "texture": "#0"},
				"south": {"uv": [0.5, 9, 1, 9.5], "texture": "#0"},
				"west": {"uv": [9, 0.5, 9.5, 1], "texture": "#0"},
				"up": {"uv": [1.5, 9.5, 1, 9], "texture": "#0"},
				"down": {"uv": [9.5, 1, 9, 1.5], "texture": "#0"}
			}
		},
		{
			"from": [8, 1, 0],
			"to": [11, 2, 1],
			"rotation": {"angle": 0, "axis": "y", "origin": [8, 1, 0]},
			"faces": {
				"north": {"uv": [6.5, 0.5, 8, 1], "texture": "#0"},
				"east": {"uv": [1.5, 9, 2, 9.5], "texture": "#0"},
				"south": {"uv": [1, 6.5, 2.5, 7], "texture": "#0"},
				"west": {"uv": [9, 1.5, 9.5, 2], "texture": "#0"},
				"up": {"uv": [4, 7, 2.5, 6.5], "texture": "#0"},
				"down": {"uv": [8, 3, 6.5, 3.5], "texture": "#0"}
			}
		}
	],
	"display": {
		"thirdperson_righthand": {
			"rotation": [90, 0, 180],
			"translation": [-2, 1.25, -1.75],
			"scale": [0.6, 0.4, 0.8]
		},
		"thirdperson_lefthand": {
			"rotation": [90, 0, 0],
			"translation": [-2.25, 1.25, 3.25],
			"scale": [0.6, 0.4, 0.8]
		},
		"firstperson_righthand": {
			"rotation": [30, -30, 180],
			"translation": [-2, 3.75, 0],
			"scale": [0.6, 0.4, 0.8]
		},
		"firstperson_lefthand": {
			"rotation": [30, -45, 0],
			"translation": [1.5, 5.5, 1.25],
			"scale": [0.6, 0.4, 0.8]
		},
		"ground": {
			"translation": [0, 1.75, 0],
			"scale": [0.6, 0.4, 0.8]
		},
		"gui": {
			"rotation": [100, 0, 180],
			"translation": [0.5, 0, 0],
			"scale": [0.6, 0.4, 0.8]
		},
		"head": {
			"scale": [0, 0, 0]
		},
		"fixed": {
			"rotation": [90, 0, 0],
			"translation": [0.75, 0, 2],
			"scale": [0.6, 0.4, 0.8]
		}
	}
}