{
	"credit": "Made with Blockbench",
	"texture_size": [32, 32],
	"textures": {
		"0": "infinitecrops:item/harvestertools/pruning-shears"
	},
	"elements": [
		{
			"from": [11, 0, 7],
			"to": [12, 1, 8],
			"rotation": {"angle": 0, "axis": "y", "origin": [11, 0, 7]},
			"faces": {
				"north": {"uv": [5, 1.5, 5.5, 2], "texture": "#0"},
				"east": {"uv": [2, 5, 2.5, 5.5], "texture": "#0"},
				"south": {"uv": [2.5, 5, 3, 5.5], "texture": "#0"},
				"west": {"uv": [5, 2.5, 5.5, 3], "texture": "#0"},
				"up": {"uv": [3.5, 5.5, 3, 5], "texture": "#0"},
				"down": {"uv": [4.5, 5, 4, 5.5], "texture": "#0"}
			}
		},
		{
			"from": [9, 0, 7],
			"to": [11, 1, 8],
			"rotation": {"angle": 0, "axis": "y", "origin": [9, 0, 7]},
			"faces": {
				"north": {"uv": [4.5, 2, 5.5, 2.5], "texture": "#0"},
				"east": {"uv": [7.5, 7, 8, 7.5], "texture": "#0"},
				"south": {"uv": [2.5, 4.5, 3.5, 5], "texture": "#0"},
				"west": {"uv": [7.5, 7.5, 8, 8], "texture": "#0"},
				"up": {"uv": [5.5, 3.5, 4.5, 3], "texture": "#0"},
				"down": {"uv": [5.5, 3.5, 4.5, 4], "texture": "#0"}
			}
		},
		{
			"from": [8, 0, 4],
			"to": [9, 1, 6],
			"rotation": {"angle": 0, "axis": "y", "origin": [8, 0, 5]},
			"faces": {
				"north": {"uv": [7.5, 6.5, 8, 7], "texture": "#0"},
				"east": {"uv": [4.5, 0.5, 5.5, 1], "texture": "#0"},
				"south": {"uv": [7, 7.5, 7.5, 8], "texture": "#0"},
				"west": {"uv": [4.5, 1, 5.5, 1.5], "texture": "#0"},
				"up": {"uv": [0.5, 5.5, 0, 4.5], "texture": "#0"},
				"down": {"uv": [2, 4.5, 1.5, 5.5], "texture": "#0"}
			}
		},
		{
			"from": [7, 0, 5],
			"to": [8, 1, 7],
			"rotation": {"angle": 0, "axis": "y", "origin": [7, 0, 5]},
			"faces": {
				"north": {"uv": [5.5, 1, 6, 1.5], "texture": "#0"},
				"east": {"uv": [0, 2, 1, 2.5], "texture": "#0"},
				"south": {"uv": [1.5, 5.5, 2, 6], "texture": "#0"},
				"west": {"uv": [1, 2, 2, 2.5], "texture": "#0"},
				"up": {"uv": [2.5, 3, 2, 2], "texture": "#0"},
				"down": {"uv": [0.5, 2.5, 0, 3.5], "texture": "#0"}
			}
		},
		{
			"from": [12, 0, 8],
			"to": [13, 1, 9],
			"rotation": {"angle": 0, "axis": "y", "origin": [12, 0, 8]},
			"faces": {
				"north": {"uv": [4.5, 5, 5, 5.5], "texture": "#0"},
				"east": {"uv": [5, 5, 5.5, 5.5], "texture": "#0"},
				"south": {"uv": [0, 5.5, 0.5, 6], "texture": "#0"},
				"west": {"uv": [5.5, 0, 6, 0.5], "texture": "#0"},
				"up": {"uv": [6, 1, 5.5, 0.5], "texture": "#0"},
				"down": {"uv": [1.5, 5.5, 1, 6], "texture": "#0"}
			}
		},
		{
			"from": [6, 0, 6],
			"to": [7, 1, 7],
			"rotation": {"angle": 0, "axis": "y", "origin": [6, 0, 6]},
			"faces": {
				"north": {"uv": [5.5, 1.5, 6, 2], "texture": "#0"},
				"east": {"uv": [2, 5.5, 2.5, 6], "texture": "#0"},
				"south": {"uv": [5.5, 2, 6, 2.5], "texture": "#0"},
				"west": {"uv": [2.5, 5.5, 3, 6], "texture": "#0"},
				"up": {"uv": [6, 3, 5.5, 2.5], "texture": "#0"},
				"down": {"uv": [3.5, 5.5, 3, 6], "texture": "#0"}
			}
		},
		{
			"from": [5, 0, 6],
			"to": [6, 1, 7],
			"rotation": {"angle": 0, "axis": "y", "origin": [5, 0, 6]},
			"faces": {
				"north": {"uv": [5.5, 3, 6, 3.5], "texture": "#0"},
				"east": {"uv": [3.5, 5.5, 4, 6], "texture": "#0"},
				"south": {"uv": [5.5, 3.5, 6, 4], "texture": "#0"},
				"west": {"uv": [4, 5.5, 4.5, 6], "texture": "#0"},
				"up": {"uv": [6, 4.5, 5.5, 4], "texture": "#0"},
				"down": {"uv": [5, 5.5, 4.5, 6], "texture": "#0"}
			}
		},
		{
			"from": [4, 0, 6],
			"to": [5, 1, 7],
			"rotation": {"angle": 0, "axis": "y", "origin": [4, 0, 6]},
			"faces": {
				"north": {"uv": [5.5, 4.5, 6, 5], "texture": "#0"},
				"east": {"uv": [5, 5.5, 5.5, 6], "texture": "#0"},
				"south": {"uv": [5.5, 5, 6, 5.5], "texture": "#0"},
				"west": {"uv": [5.5, 5.5, 6, 6], "texture": "#0"},
				"up": {"uv": [0.5, 6.5, 0, 6], "texture": "#0"},
				"down": {"uv": [6.5, 0, 6, 0.5], "texture": "#0"}
			}
		},
		{
			"from": [3, 0, 6],
			"to": [4, 1, 7],
			"rotation": {"angle": 0, "axis": "y", "origin": [3, 0, 6]},
			"faces": {
				"north": {"uv": [0.5, 6, 1, 6.5], "texture": "#0"},
				"east": {"uv": [6, 0.5, 6.5, 1], "texture": "#0"},
				"south": {"uv": [1, 6, 1.5, 6.5], "texture": "#0"},
				"west": {"uv": [6, 1, 6.5, 1.5], "texture": "#0"},
				"up": {"uv": [2, 6.5, 1.5, 6], "texture": "#0"},
				"down": {"uv": [6.5, 1.5, 6, 2], "texture": "#0"}
			}
		},
		{
			"from": [2, 0, 6],
			"to": [3, 1, 7],
			"rotation": {"angle": 0, "axis": "y", "origin": [2, 0, 6]},
			"faces": {
				"north": {"uv": [2, 6, 2.5, 6.5], "texture": "#0"},
				"east": {"uv": [6, 2, 6.5, 2.5], "texture": "#0"},
				"south": {"uv": [2.5, 6, 3, 6.5], "texture": "#0"},
				"west": {"uv": [6, 2.5, 6.5, 3], "texture": "#0"},
				"up": {"uv": [3.5, 6.5, 3, 6], "texture": "#0"},
				"down": {"uv": [6.5, 3, 6, 3.5], "texture": "#0"}
			}
		},
		{
			"from": [10, 0, 3],
			"to": [11, 1, 4],
			"rotation": {"angle": 0, "axis": "y", "origin": [10, 0, 3]},
			"faces": {
				"north": {"uv": [3.5, 8, 4, 8.5], "texture": "#0"},
				"east": {"uv": [8, 3.5, 8.5, 4], "texture": "#0"},
				"south": {"uv": [4, 8, 4.5, 8.5], "texture": "#0"},
				"west": {"uv": [8, 4, 8.5, 4.5], "texture": "#0"},
				"up": {"uv": [5, 8.5, 4.5, 8], "texture": "#0"},
				"down": {"uv": [8.5, 4.5, 8, 5], "texture": "#0"}
			}
		},
		{
			"from": [13, 0, 3],
			"to": [14, 1, 4],
			"rotation": {"angle": 0, "axis": "y", "origin": [13, 0, 3]},
			"faces": {
				"north": {"uv": [5, 8, 5.5, 8.5], "texture": "#0"},
				"east": {"uv": [8, 5, 8.5, 5.5], "texture": "#0"},
				"south": {"uv": [5.5, 8, 6, 8.5], "texture": "#0"},
				"west": {"uv": [8, 5.5, 8.5, 6], "texture": "#0"},
				"up": {"uv": [6.5, 8.5, 6, 8], "texture": "#0"},
				"down": {"uv": [8.5, 6, 8, 6.5], "texture": "#0"}
			}
		},
		{
			"from": [13, 0, 8],
			"to": [14, 1, 9],
			"rotation": {"angle": 0, "axis": "y", "origin": [13, 0, 8]},
			"faces": {
				"north": {"uv": [1.5, 8, 2, 8.5], "texture": "#0"},
				"east": {"uv": [8, 1.5, 8.5, 2], "texture": "#0"},
				"south": {"uv": [2, 8, 2.5, 8.5], "texture": "#0"},
				"west": {"uv": [8, 2, 8.5, 2.5], "texture": "#0"},
				"up": {"uv": [3, 8.5, 2.5, 8], "texture": "#0"},
				"down": {"uv": [8.5, 2.5, 8, 3], "texture": "#0"}
			}
		},
		{
			"from": [11, 0, 8],
			"to": [12, 1, 9],
			"rotation": {"angle": 0, "axis": "y", "origin": [11, 0, 8]},
			"faces": {
				"north": {"uv": [0, 8, 0.5, 8.5], "texture": "#0"},
				"east": {"uv": [8, 0, 8.5, 0.5], "texture": "#0"},
				"south": {"uv": [0.5, 8, 1, 8.5], "texture": "#0"},
				"west": {"uv": [8, 0.5, 8.5, 1], "texture": "#0"},
				"up": {"uv": [1.5, 8.5, 1, 8], "texture": "#0"},
				"down": {"uv": [8.5, 1, 8, 1.5], "texture": "#0"}
			}
		},
		{
			"from": [8, 0, 8],
			"to": [11, 1, 9],
			"rotation": {"angle": 0, "axis": "y", "origin": [8, 0, 8]},
			"faces": {
				"north": {"uv": [0, 0, 1.5, 0.5], "texture": "#0"},
				"east": {"uv": [5, 0, 5.5, 0.5], "texture": "#0"},
				"south": {"uv": [0, 0.5, 1.5, 1], "texture": "#0"},
				"west": {"uv": [1, 5, 1.5, 5.5], "texture": "#0"},
				"up": {"uv": [1.5, 1.5, 0, 1], "texture": "#0"},
				"down": {"uv": [1.5, 1.5, 0, 2], "texture": "#0"}
			}
		},
		{
			"from": [9, 0, 4],
			"to": [10, 1, 6],
			"rotation": {"angle": 0, "axis": "y", "origin": [9, 0, 4]},
			"faces": {
				"north": {"uv": [3.5, 6, 4, 6.5], "texture": "#0"},
				"east": {"uv": [0.5, 2.5, 1.5, 3], "texture": "#0"},
				"south": {"uv": [6, 3.5, 6.5, 4], "texture": "#0"},
				"west": {"uv": [2.5, 2, 3.5, 2.5], "texture": "#0"},
				"up": {"uv": [2, 3.5, 1.5, 2.5], "texture": "#0"},
				"down": {"uv": [3, 2.5, 2.5, 3.5], "texture": "#0"}
			}
		},
		{
			"from": [10, 0, 4],
			"to": [11, 1, 6],
			"rotation": {"angle": 0, "axis": "y", "origin": [10, 0, 4]},
			"faces": {
				"north": {"uv": [3, 8, 3.5, 8.5], "texture": "#0"},
				"east": {"uv": [4.5, 4, 5.5, 4.5], "texture": "#0"},
				"south": {"uv": [8, 3, 8.5, 3.5], "texture": "#0"},
				"west": {"uv": [4.5, 4.5, 5.5, 5], "texture": "#0"},
				"up": {"uv": [4, 5.5, 3.5, 4.5], "texture": "#0"},
				"down": {"uv": [1, 5, 0.5, 6], "texture": "#0"}
			}
		},
		{
			"from": [11, 0, 3],
			"to": [12, 1, 4],
			"rotation": {"angle": 0, "axis": "y", "origin": [11, 0, 3]},
			"faces": {
				"north": {"uv": [4, 6, 4.5, 6.5], "texture": "#0"},
				"east": {"uv": [6, 4, 6.5, 4.5], "texture": "#0"},
				"south": {"uv": [4.5, 6, 5, 6.5], "texture": "#0"},
				"west": {"uv": [6, 4.5, 6.5, 5], "texture": "#0"},
				"up": {"uv": [5.5, 6.5, 5, 6], "texture": "#0"},
				"down": {"uv": [6.5, 5, 6, 5.5], "texture": "#0"}
			}
		},
		{
			"from": [4, 0, 10],
			"to": [5, 1, 12],
			"rotation": {"angle": 0, "axis": "y", "origin": [4, 0, 10]},
			"faces": {
				"north": {"uv": [5.5, 6, 6, 6.5], "texture": "#0"},
				"east": {"uv": [3, 0, 4, 0.5], "texture": "#0"},
				"south": {"uv": [6, 5.5, 6.5, 6], "texture": "#0"},
				"west": {"uv": [0.5, 3, 1.5, 3.5], "texture": "#0"},
				"up": {"uv": [3.5, 1.5, 3, 0.5], "texture": "#0"},
				"down": {"uv": [2.5, 3, 2, 4], "texture": "#0"}
			}
		},
		{
			"from": [5, 0, 9],
			"to": [6, 1, 10],
			"rotation": {"angle": 0, "axis": "y", "origin": [5, 0, 9]},
			"faces": {
				"north": {"uv": [6, 6, 6.5, 6.5], "texture": "#0"},
				"east": {"uv": [0, 6.5, 0.5, 7], "texture": "#0"},
				"south": {"uv": [6.5, 0, 7, 0.5], "texture": "#0"},
				"west": {"uv": [0.5, 6.5, 1, 7], "texture": "#0"},
				"up": {"uv": [7, 1, 6.5, 0.5], "texture": "#0"},
				"down": {"uv": [1.5, 6.5, 1, 7], "texture": "#0"}
			}
		},
		{
			"from": [6, 0, 7],
			"to": [7, 1, 8],
			"rotation": {"angle": 0, "axis": "y", "origin": [6, 0, 7]},
			"faces": {
				"north": {"uv": [6.5, 1, 7, 1.5], "texture": "#0"},
				"east": {"uv": [1.5, 6.5, 2, 7], "texture": "#0"},
				"south": {"uv": [6.5, 1.5, 7, 2], "texture": "#0"},
				"west": {"uv": [2, 6.5, 2.5, 7], "texture": "#0"},
				"up": {"uv": [7, 2.5, 6.5, 2], "texture": "#0"},
				"down": {"uv": [3, 6.5, 2.5, 7], "texture": "#0"}
			}
		},
		{
			"from": [5, 0, 7],
			"to": [6, 1, 8],
			"rotation": {"angle": 0, "axis": "y", "origin": [5, 0, 7]},
			"faces": {
				"north": {"uv": [6.5, 2.5, 7, 3], "texture": "#0"},
				"east": {"uv": [3, 6.5, 3.5, 7], "texture": "#0"},
				"south": {"uv": [6.5, 3, 7, 3.5], "texture": "#0"},
				"west": {"uv": [3.5, 6.5, 4, 7], "texture": "#0"},
				"up": {"uv": [7, 4, 6.5, 3.5], "texture": "#0"},
				"down": {"uv": [4.5, 6.5, 4, 7], "texture": "#0"}
			}
		},
		{
			"from": [4, 0, 7],
			"to": [5, 1, 8],
			"rotation": {"angle": 0, "axis": "y", "origin": [4, 0, 7]},
			"faces": {
				"north": {"uv": [6.5, 4, 7, 4.5], "texture": "#0"},
				"east": {"uv": [4.5, 6.5, 5, 7], "texture": "#0"},
				"south": {"uv": [6.5, 4.5, 7, 5], "texture": "#0"},
				"west": {"uv": [5, 6.5, 5.5, 7], "texture": "#0"},
				"up": {"uv": [7, 5.5, 6.5, 5], "texture": "#0"},
				"down": {"uv": [6, 6.5, 5.5, 7], "texture": "#0"}
			}
		},
		{
			"from": [3, 0, 7],
			"to": [4, 1, 8],
			"rotation": {"angle": 0, "axis": "y", "origin": [3, 0, 7]},
			"faces": {
				"north": {"uv": [6.5, 5.5, 7, 6], "texture": "#0"},
				"east": {"uv": [6, 6.5, 6.5, 7], "texture": "#0"},
				"south": {"uv": [6.5, 6, 7, 6.5], "texture": "#0"},
				"west": {"uv": [6.5, 6.5, 7, 7], "texture": "#0"},
				"up": {"uv": [0.5, 7.5, 0, 7], "texture": "#0"},
				"down": {"uv": [7.5, 0, 7, 0.5], "texture": "#0"}
			}
		},
		{
			"from": [2, 0, 7],
			"to": [3, 1, 8],
			"rotation": {"angle": 0, "axis": "y", "origin": [2, 0, 7]},
			"faces": {
				"north": {"uv": [0.5, 7, 1, 7.5], "texture": "#0"},
				"east": {"uv": [7, 0.5, 7.5, 1], "texture": "#0"},
				"south": {"uv": [1, 7, 1.5, 7.5], "texture": "#0"},
				"west": {"uv": [7, 1, 7.5, 1.5], "texture": "#0"},
				"up": {"uv": [2, 7.5, 1.5, 7], "texture": "#0"},
				"down": {"uv": [7.5, 1.5, 7, 2], "texture": "#0"}
			}
		},
		{
			"from": [7, 0, 7],
			"to": [8, 1, 9],
			"rotation": {"angle": 0, "axis": "y", "origin": [7, 0, 7]},
			"faces": {
				"north": {"uv": [7.5, 6, 8, 6.5], "texture": "#0"},
				"east": {"uv": [4, 2.5, 5, 3], "texture": "#0"},
				"south": {"uv": [6.5, 7.5, 7, 8], "texture": "#0"},
				"west": {"uv": [3, 4, 4, 4.5], "texture": "#0"},
				"up": {"uv": [4.5, 4, 4, 3], "texture": "#0"},
				"down": {"uv": [4.5, 4, 4, 5], "texture": "#0"}
			}
		},
		{
			"from": [8, 0, 9],
			"to": [11, 1, 10],
			"rotation": {"angle": 0, "axis": "y", "origin": [8, 0, 9]},
			"faces": {
				"north": {"uv": [1.5, 0, 3, 0.5], "texture": "#0"},
				"east": {"uv": [2, 7, 2.5, 7.5], "texture": "#0"},
				"south": {"uv": [1.5, 0.5, 3, 1], "texture": "#0"},
				"west": {"uv": [7, 2, 7.5, 2.5], "texture": "#0"},
				"up": {"uv": [3, 1.5, 1.5, 1], "texture": "#0"},
				"down": {"uv": [3, 1.5, 1.5, 2], "texture": "#0"}
			}
		},
		{
			"from": [8, 0, 6],
			"to": [9, 1, 8],
			"rotation": {"angle": 0, "axis": "y", "origin": [8, 0, 7]},
			"faces": {
				"north": {"uv": [2.5, 7, 3, 7.5], "texture": "#0"},
				"east": {"uv": [3, 1.5, 4, 2], "texture": "#0"},
				"south": {"uv": [7, 2.5, 7.5, 3], "texture": "#0"},
				"west": {"uv": [3, 2.5, 4, 3], "texture": "#0"},
				"up": {"uv": [3.5, 4, 3, 3], "texture": "#0"},
				"down": {"uv": [0.5, 3.5, 0, 4.5], "texture": "#0"}
			}
		},
		{
			"from": [9, 0, 5],
			"to": [10, 1, 6],
			"rotation": {"angle": 0, "axis": "y", "origin": [9, 0, 5]},
			"faces": {
				"north": {"uv": [3, 7, 3.5, 7.5], "texture": "#0"},
				"east": {"uv": [7, 3, 7.5, 3.5], "texture": "#0"},
				"south": {"uv": [3.5, 7, 4, 7.5], "texture": "#0"},
				"west": {"uv": [7, 3.5, 7.5, 4], "texture": "#0"},
				"up": {"uv": [4.5, 7.5, 4, 7], "texture": "#0"},
				"down": {"uv": [7.5, 4, 7, 4.5], "texture": "#0"}
			}
		},
		{
			"from": [12, 0, 3],
			"to": [13, 1, 4],
			"rotation": {"angle": 0, "axis": "y", "origin": [12, 0, 3]},
			"faces": {
				"north": {"uv": [4.5, 7, 5, 7.5], "texture": "#0"},
				"east": {"uv": [7, 4.5, 7.5, 5], "texture": "#0"},
				"south": {"uv": [5, 7, 5.5, 7.5], "texture": "#0"},
				"west": {"uv": [7, 5, 7.5, 5.5], "texture": "#0"},
				"up": {"uv": [6, 7.5, 5.5, 7], "texture": "#0"},
				"down": {"uv": [7.5, 5.5, 7, 6], "texture": "#0"}
			}
		},
		{
			"from": [11, 0, 4],
			"to": [12, 1, 5],
			"rotation": {"angle": 0, "axis": "y", "origin": [11, 0, 4]},
			"faces": {
				"north": {"uv": [6, 7, 6.5, 7.5], "texture": "#0"},
				"east": {"uv": [7, 6, 7.5, 6.5], "texture": "#0"},
				"south": {"uv": [6.5, 7, 7, 7.5], "texture": "#0"},
				"west": {"uv": [7, 6.5, 7.5, 7], "texture": "#0"},
				"up": {"uv": [7.5, 7.5, 7, 7], "texture": "#0"},
				"down": {"uv": [0.5, 7.5, 0, 8], "texture": "#0"}
			}
		},
		{
			"from": [4, 0, 12],
			"to": [5, 1, 13],
			"rotation": {"angle": 0, "axis": "y", "origin": [4, 0, 12]},
			"faces": {
				"north": {"uv": [7.5, 3, 8, 3.5], "texture": "#0"},
				"east": {"uv": [3.5, 7.5, 4, 8], "texture": "#0"},
				"south": {"uv": [7.5, 3.5, 8, 4], "texture": "#0"},
				"west": {"uv": [4, 7.5, 4.5, 8], "texture": "#0"},
				"up": {"uv": [8, 4.5, 7.5, 4], "texture": "#0"},
				"down": {"uv": [5, 7.5, 4.5, 8], "texture": "#0"}
			}
		},
		{
			"from": [5, 0, 10],
			"to": [6, 1, 12],
			"rotation": {"angle": 0, "axis": "y", "origin": [5, 0, 10]},
			"faces": {
				"north": {"uv": [7.5, 0, 8, 0.5], "texture": "#0"},
				"east": {"uv": [0.5, 3.5, 1.5, 4], "texture": "#0"},
				"south": {"uv": [0.5, 7.5, 1, 8], "texture": "#0"},
				"west": {"uv": [3.5, 0.5, 4.5, 1], "texture": "#0"},
				"up": {"uv": [2, 4.5, 1.5, 3.5], "texture": "#0"},
				"down": {"uv": [3, 3.5, 2.5, 4.5], "texture": "#0"}
			}
		},
		{
			"from": [12, 0, 7],
			"to": [13, 1, 8],
			"rotation": {"angle": 0, "axis": "y", "origin": [12, 0, 7]},
			"faces": {
				"north": {"uv": [7.5, 0.5, 8, 1], "texture": "#0"},
				"east": {"uv": [1, 7.5, 1.5, 8], "texture": "#0"},
				"south": {"uv": [7.5, 1, 8, 1.5], "texture": "#0"},
				"west": {"uv": [1.5, 7.5, 2, 8], "texture": "#0"},
				"up": {"uv": [8, 2, 7.5, 1.5], "texture": "#0"},
				"down": {"uv": [2.5, 7.5, 2, 8], "texture": "#0"}
			}
		},
		{
			"from": [6, 0, 9],
			"to": [7, 1, 11],
			"rotation": {"angle": 0, "axis": "y", "origin": [6, 0, 9]},
			"faces": {
				"north": {"uv": [7.5, 2, 8, 2.5], "texture": "#0"},
				"east": {"uv": [3.5, 1, 4.5, 1.5], "texture": "#0"},
				"south": {"uv": [2.5, 7.5, 3, 8], "texture": "#0"},
				"west": {"uv": [3.5, 2, 4.5, 2.5], "texture": "#0"},
				"up": {"uv": [4, 4, 3.5, 3], "texture": "#0"},
				"down": {"uv": [1, 4, 0.5, 5], "texture": "#0"}
			}
		},
		{
			"from": [6, 0, 8],
			"to": [7, 1, 9],
			"rotation": {"angle": 0, "axis": "y", "origin": [6, 0, 8]},
			"faces": {
				"north": {"uv": [7.5, 4.5, 8, 5], "texture": "#0"},
				"east": {"uv": [5, 7.5, 5.5, 8], "texture": "#0"},
				"south": {"uv": [7.5, 5, 8, 5.5], "texture": "#0"},
				"west": {"uv": [5.5, 7.5, 6, 8], "texture": "#0"},
				"up": {"uv": [8, 6, 7.5, 5.5], "texture": "#0"},
				"down": {"uv": [6.5, 7.5, 6, 8], "texture": "#0"}
			}
		},
		{
			"from": [3, 0, 11],
			"to": [4, 1, 13],
			"rotation": {"angle": 0, "axis": "y", "origin": [3, 0, 11]},
			"faces": {
				"north": {"uv": [7.5, 2.5, 8, 3], "texture": "#0"},
				"east": {"uv": [4, 0, 5, 0.5], "texture": "#0"},
				"south": {"uv": [3, 7.5, 3.5, 8], "texture": "#0"},
				"west": {"uv": [4, 1.5, 5, 2], "texture": "#0"},
				"up": {"uv": [1.5, 5, 1, 4], "texture": "#0"},
				"down": {"uv": [2.5, 4, 2, 5], "texture": "#0"}
			}
		}
	],
	"display": {
		"thirdperson_righthand": {
			"rotation": [90, 80, 0],
			"translation": [-0.25, 2.5, 4.25],
			"scale": [0.5, 0.5, 0.5]
		},
		"thirdperson_lefthand": {
			"rotation": [-90, 100, 0],
			"translation": [-0.25, 2.25, -3.25],
			"scale": [0.5, 0.5, 0.5]
		},
		"firstperson_righthand": {
			"rotation": [0, 90, 0],
			"translation": [0, 6, 1],
			"scale": [0.5, 0.5, 0.5]
		},
		"firstperson_lefthand": {
			"rotation": [0, -90, 0],
			"translation": [0, 5.75, 1.25],
			"scale": [0.5, 0.5, 0.5]
		},
		"ground": {
			"translation": [0, 1.75, 0],
			"scale": [0.5, 0.5, 0.5]
		},
		"gui": {
			"rotation": [90, 90, 0],
			"translation": [0.25, 0, 0]
		},
		"head": {
			"rotation": [0, 90, 0],
			"translation": [0, 13.25, 0]
		},
		"fixed": {
			"rotation": [90, 90, 0],
			"translation": [0.5, 0.75, 6.25]
		}
	}
}