{
	"credit": "Made with Blockbench",
	"texture_size": [32, 32],
	"textures": {
		"2": "infinitecrops:item/harvestertools/root-puller"
	},
	"elements": [
		{
			"from": [6, 0, 2],
			"to": [7, 4, 3],
			"rotation": {"angle": 0, "axis": "y", "origin": [6, 0, 2]},
			"faces": {
				"north": {"uv": [6, 3, 6.5, 5], "texture": "#2"},
				"east": {"uv": [4, 6, 4.5, 8], "texture": "#2"},
				"south": {"uv": [4.5, 6, 5, 8], "texture": "#2"},
				"west": {"uv": [5, 6, 5.5, 8], "texture": "#2"},
				"up": {"uv": [7.5, 8.5, 7, 8], "texture": "#2"},
				"down": {"uv": [8.5, 7, 8, 7.5], "texture": "#2"}
			}
		},
		{
			"from": [9, 0, 2],
			"to": [10, 4, 3],
			"rotation": {"angle": 0, "axis": "y", "origin": [9, 0, 2]},
			"faces": {
				"north": {"uv": [5.5, 6, 6, 8], "texture": "#2"},
				"east": {"uv": [6, 6, 6.5, 8], "texture": "#2"},
				"south": {"uv": [6.5, 3, 7, 5], "texture": "#2"},
				"west": {"uv": [6.5, 6, 7, 8], "texture": "#2"},
				"up": {"uv": [8, 8.5, 7.5, 8], "texture": "#2"},
				"down": {"uv": [8.5, 7.5, 8, 8], "texture": "#2"}
			}
		},
		{
			"from": [9, 0, 5],
			"to": [10, 4, 6],
			"rotation": {"angle": 0, "axis": "y", "origin": [9, 0, 5]},
			"faces": {
				"north": {"uv": [7, 0, 7.5, 2], "texture": "#2"},
				"east": {"uv": [7, 2, 7.5, 4], "texture": "#2"},
				"south": {"uv": [7, 6, 7.5, 8], "texture": "#2"},
				"west": {"uv": [7.5, 0, 8, 2], "texture": "#2"},
				"up": {"uv": [8.5, 8.5, 8, 8], "texture": "#2"},
				"down": {"uv": [9, 0, 8.5, 0.5], "texture": "#2"}
			}
		},
		{
			"from": [6, 0, 5],
			"to": [7, 4, 6],
			"rotation": {"angle": 0, "axis": "y", "origin": [6, 0, 5]},
			"faces": {
				"north": {"uv": [7.5, 2, 8, 4], "texture": "#2"},
				"east": {"uv": [7.5, 6, 8, 8], "texture": "#2"},
				"south": {"uv": [8, 0, 8.5, 2], "texture": "#2"},
				"west": {"uv": [8, 2, 8.5, 4], "texture": "#2"},
				"up": {"uv": [9, 1, 8.5, 0.5], "texture": "#2"},
				"down": {"uv": [9, 1, 8.5, 1.5], "texture": "#2"}
			}
		},
		{
			"from": [7, 5, 5],
			"to": [9, 6, 8],
			"rotation": {"angle": 0, "axis": "y", "origin": [7, 5, 5]},
			"faces": {
				"north": {"uv": [5, 8, 6, 8.5], "texture": "#2"},
				"east": {"uv": [8, 4, 9.5, 4.5], "texture": "#2"},
				"south": {"uv": [6, 8, 7, 8.5], "texture": "#2"},
				"west": {"uv": [8, 4.5, 9.5, 5], "texture": "#2"},
				"up": {"uv": [7, 1.5, 6, 0], "texture": "#2"},
				"down": {"uv": [7, 1.5, 6, 3], "texture": "#2"}
			}
		},
		{
			"from": [7, 3, 3],
			"to": [9, 24, 5],
			"rotation": {"angle": 0, "axis": "y", "origin": [7, 3, 3]},
			"faces": {
				"north": {"uv": [0, 0, 1, 10.5], "texture": "#2"},
				"east": {"uv": [1, 0, 2, 10.5], "texture": "#2"},
				"south": {"uv": [2, 0, 3, 10.5], "texture": "#2"},
				"west": {"uv": [3, 0, 4, 10.5], "texture": "#2"},
				"up": {"uv": [8, 5, 7, 4], "texture": "#2"},
				"down": {"uv": [5, 8, 4, 9], "texture": "#2"}
			}
		},
		{
			"from": [7, 24, -1],
			"to": [9, 25, 9],
			"rotation": {"angle": 0, "axis": "y", "origin": [7, 24, -1]},
			"faces": {
				"north": {"uv": [8, 6, 9, 6.5], "texture": "#2"},
				"east": {"uv": [4, 5, 9, 5.5], "texture": "#2"},
				"south": {"uv": [8, 6.5, 9, 7], "texture": "#2"},
				"west": {"uv": [4, 5.5, 9, 6], "texture": "#2"},
				"up": {"uv": [5, 5, 4, 0], "texture": "#2"},
				"down": {"uv": [6, 0, 5, 5], "texture": "#2"}
			}
		}
	],
	"display": {
		"thirdperson_righthand": {
			"rotation": [90, -75, 0],
			"translation": [-3.25, -2.75, -10],
			"scale": [0.6, 0.6, 0.8]
		},
		"thirdperson_lefthand": {
			"rotation": [90, -75, 0],
			"translation": [-3, -2.75, -10],
			"scale": [0.6, 0.6, 0.8]
		},
		"firstperson_righthand": {
			"rotation": [75, -75, 0],
			"translation": [-2.25, -3, -7.25],
			"scale": [0.6, 0.6, 0.8]
		},
		"firstperson_lefthand": {
			"rotation": [75, -75, 0],
			"translation": [-2.5, -1.25, -5.25],
			"scale": [0.6, 0.6, 0.8]
		},
		"ground": {
			"translation": [0, 1, 3.75],
			"scale": [0.6, 0.6, 0.8]
		},
		"gui": {
			"rotation": [19, -50, 0],
			"translation": [-2.75, -3.5, 0],
			"scale": [0.6, 0.6, 0.8]
		},
		"head": {
			"rotation": [0, 90, 0],
			"translation": [3.75, 11, 0],
			"scale": [0.6, 0.6, 0.8]
		},
		"fixed": {
			"rotation": [0, 90, 0],
			"translation": [3.25, -1.75, -1.25],
			"scale": [0.6, 0.6, 0.8]
		}
	}
}