{
	"credit": "Made with Blockbench",
	"textures": {
		"0": "infinitecrops:item/harvestertools/vegetable-knife"
	},
	"elements": [
		{
			"from": [7, 0, 0],
			"to": [8, 1, 2],
			"rotation": {"angle": 0, "axis": "y", "origin": [7, 0, 0]},
			"faces": {
				"north": {"uv": [11, 7, 12, 8], "texture": "#0"},
				"east": {"uv": [0, 10, 2, 11], "texture": "#0"},
				"south": {"uv": [10, 11, 11, 12], "texture": "#0"},
				"west": {"uv": [5, 10, 7, 11], "texture": "#0"},
				"up": {"uv": [3, 12, 2, 10], "texture": "#0"},
				"down": {"uv": [11, 6, 10, 8], "texture": "#0"}
			}
		},
		{
			"from": [8, 0, 2],
			"to": [9, 1, 4],
			"rotation": {"angle": 0, "axis": "y", "origin": [8, 0, 2]},
			"faces": {
				"north": {"uv": [11, 11, 12, 12], "texture": "#0"},
				"east": {"uv": [7, 10, 9, 11], "texture": "#0"},
				"south": {"uv": [0, 12, 1, 13], "texture": "#0"},
				"west": {"uv": [10, 8, 12, 9], "texture": "#0"},
				"up": {"uv": [10, 12, 9, 10], "texture": "#0"},
				"down": {"uv": [11, 9, 10, 11], "texture": "#0"}
			}
		},
		{
			"from": [9, 0, 4],
			"to": [10, 1, 9],
			"rotation": {"angle": 0, "axis": "y", "origin": [9, 0, 4]},
			"faces": {
				"north": {"uv": [1, 12, 2, 13], "texture": "#0"},
				"east": {"uv": [6, 4, 11, 5], "texture": "#0"},
				"south": {"uv": [12, 1, 13, 2], "texture": "#0"},
				"west": {"uv": [6, 5, 11, 6], "texture": "#0"},
				"up": {"uv": [4, 11, 3, 6], "texture": "#0"},
				"down": {"uv": [5, 6, 4, 11], "texture": "#0"}
			}
		},
		{
			"from": [10, 0, 9],
			"to": [11, 1, 11],
			"rotation": {"angle": 0, "axis": "y", "origin": [10, 0, 9]},
			"faces": {
				"north": {"uv": [2, 12, 3, 13], "texture": "#0"},
				"east": {"uv": [0, 11, 2, 12], "texture": "#0"},
				"south": {"uv": [12, 2, 13, 3], "texture": "#0"},
				"west": {"uv": [11, 0, 13, 1], "texture": "#0"},
				"up": {"uv": [12, 3, 11, 1], "texture": "#0"},
				"down": {"uv": [4, 11, 3, 13], "texture": "#0"}
			}
		},
		{
			"from": [10, 1, 10],
			"to": [12, 2, 12],
			"rotation": {"angle": 0, "axis": "y", "origin": [10, 1, 10]},
			"faces": {
				"north": {"uv": [11, 3, 13, 4], "texture": "#0"},
				"east": {"uv": [4, 11, 6, 12], "texture": "#0"},
				"south": {"uv": [11, 4, 13, 5], "texture": "#0"},
				"west": {"uv": [11, 5, 13, 6], "texture": "#0"},
				"up": {"uv": [8, 8, 6, 6], "texture": "#0"},
				"down": {"uv": [8, 8, 6, 10], "texture": "#0"}
			}
		},
		{
			"from": [10, 0, 12],
			"to": [12, 2, 15],
			"rotation": {"angle": 0, "axis": "y", "origin": [10, 0, 12]},
			"faces": {
				"north": {"uv": [8, 6, 10, 8], "texture": "#0"},
				"east": {"uv": [0, 0, 3, 2], "texture": "#0"},
				"south": {"uv": [8, 8, 10, 10], "texture": "#0"},
				"west": {"uv": [0, 2, 3, 4], "texture": "#0"},
				"up": {"uv": [5, 3, 3, 0], "texture": "#0"},
				"down": {"uv": [5, 3, 3, 6], "texture": "#0"}
			}
		},
		{
			"from": [8, 0, 1],
			"to": [9, 1, 2],
			"rotation": {"angle": 0, "axis": "y", "origin": [8, 0, 1]},
			"faces": {
				"north": {"uv": [4, 12, 5, 13], "texture": "#0"},
				"east": {"uv": [5, 12, 6, 13], "texture": "#0"},
				"south": {"uv": [6, 12, 7, 13], "texture": "#0"},
				"west": {"uv": [7, 12, 8, 13], "texture": "#0"},
				"up": {"uv": [13, 8, 12, 7], "texture": "#0"},
				"down": {"uv": [13, 8, 12, 9], "texture": "#0"}
			}
		},
		{
			"from": [9, 0, 2],
			"to": [10, 1, 4],
			"rotation": {"angle": 0, "axis": "y", "origin": [9, 0, 2]},
			"faces": {
				"north": {"uv": [9, 12, 10, 13], "texture": "#0"},
				"east": {"uv": [6, 11, 8, 12], "texture": "#0"},
				"south": {"uv": [12, 9, 13, 10], "texture": "#0"},
				"west": {"uv": [11, 6, 13, 7], "texture": "#0"},
				"up": {"uv": [9, 13, 8, 11], "texture": "#0"},
				"down": {"uv": [12, 9, 11, 11], "texture": "#0"}
			}
		},
		{
			"from": [10, 0, 3],
			"to": [11, 1, 9],
			"rotation": {"angle": 0, "axis": "y", "origin": [10, 0, 3]},
			"faces": {
				"north": {"uv": [10, 12, 11, 13], "texture": "#0"},
				"east": {"uv": [5, 0, 11, 1], "texture": "#0"},
				"south": {"uv": [12, 10, 13, 11], "texture": "#0"},
				"west": {"uv": [5, 1, 11, 2], "texture": "#0"},
				"up": {"uv": [1, 10, 0, 4], "texture": "#0"},
				"down": {"uv": [2, 4, 1, 10], "texture": "#0"}
			}
		},
		{
			"from": [11, 0, 5],
			"to": [12, 1, 11],
			"rotation": {"angle": 0, "axis": "y", "origin": [11, 0, 5]},
			"faces": {
				"north": {"uv": [11, 12, 12, 13], "texture": "#0"},
				"east": {"uv": [5, 2, 11, 3], "texture": "#0"},
				"south": {"uv": [12, 11, 13, 12], "texture": "#0"},
				"west": {"uv": [5, 3, 11, 4], "texture": "#0"},
				"up": {"uv": [3, 10, 2, 4], "texture": "#0"},
				"down": {"uv": [6, 4, 5, 10], "texture": "#0"}
			}
		},
		{
			"from": [6, 0, 0],
			"to": [7, 1, 1],
			"rotation": {"angle": 0, "axis": "y", "origin": [6, 0, 0]},
			"faces": {
				"north": {"uv": [12, 12, 13, 13], "texture": "#0"},
				"east": {"uv": [0, 13, 1, 14], "texture": "#0"},
				"south": {"uv": [13, 0, 14, 1], "texture": "#0"},
				"west": {"uv": [1, 13, 2, 14], "texture": "#0"},
				"up": {"uv": [14, 2, 13, 1], "texture": "#0"},
				"down": {"uv": [3, 13, 2, 14], "texture": "#0"}
			}
		}
	],
	"display": {
		"thirdperson_righthand": {
			"rotation": [90, 0, 0],
			"translation": [-1.25, 3.25, 2.75],
			"scale": [0.4, 0.3, 0.5]
		},
		"thirdperson_lefthand": {
			"rotation": [90, 0, 0],
			"translation": [1.25, 2.75, 2.5],
			"scale": [0.4, 0.3, 0.5]
		},
		"firstperson_righthand": {
			"rotation": [45, 0, 0],
			"translation": [3, 4, 0],
			"scale": [0.3, 0.4, 0.5]
		},
		"firstperson_lefthand": {
			"rotation": [0, 0, -45],
			"translation": [4, 3, 0],
			"scale": [0.3, 0.4, 0.5]
		},
		"ground": {
			"translation": [0, 1.75, 0],
			"scale": [0.3, 0.4, 0.5]
		},
		"gui": {
			"rotation": [90, 0, 180],
			"translation": [2, -0.5, 0]
		},
		"head": {
			"scale": [0, 0, 0]
		},
		"fixed": {
			"rotation": [90, 0, 180],
			"translation": [2, 0, -8]
		}
	}
}