{
	"credit": "Made with Blockbench",
	"texture_size": [32, 32],
	"textures": {
		"1": "infinitecrops:item/harvestertools/wheat-iron-harvester"
	},
	"elements": [
		{
			"from": [0, 0, 0],
			"to": [1, 1, 2],
			"faces": {
				"north": {"uv": [6, 6, 6.5, 6.5], "texture": "#1"},
				"east": {"uv": [2, 4.5, 3, 5], "texture": "#1"},
				"south": {"uv": [0, 6.5, 0.5, 7], "texture": "#1"},
				"west": {"uv": [4.5, 2, 5.5, 2.5], "texture": "#1"},
				"up": {"uv": [5, 3.5, 4.5, 2.5], "texture": "#1"},
				"down": {"uv": [3.5, 4.5, 3, 5.5], "texture": "#1"}
			}
		},
		{
			"from": [1, 0, 0],
			"to": [2, 1, 2],
			"rotation": {"angle": 0, "axis": "y", "origin": [1, 0, 0]},
			"faces": {
				"north": {"uv": [6.5, 0, 7, 0.5], "texture": "#1"},
				"east": {"uv": [3.5, 4.5, 4.5, 5], "texture": "#1"},
				"south": {"uv": [0.5, 6.5, 1, 7], "texture": "#1"},
				"west": {"uv": [4.5, 3.5, 5.5, 4], "texture": "#1"},
				"up": {"uv": [5, 5, 4.5, 4], "texture": "#1"},
				"down": {"uv": [0.5, 5, 0, 6], "texture": "#1"}
			}
		},
		{
			"from": [1, 0, 1],
			"to": [2, 1, 3],
			"rotation": {"angle": 0, "axis": "y", "origin": [1, 0, 1]},
			"faces": {
				"north": {"uv": [6.5, 0.5, 7, 1], "texture": "#1"},
				"east": {"uv": [0.5, 5, 1.5, 5.5], "texture": "#1"},
				"south": {"uv": [1.5, 6.5, 2, 7], "texture": "#1"},
				"west": {"uv": [5, 1, 6, 1.5], "texture": "#1"},
				"up": {"uv": [2.5, 6, 2, 5], "texture": "#1"},
				"down": {"uv": [3, 5, 2.5, 6], "texture": "#1"}
			}
		},
		{
			"from": [4, 0, 2],
			"to": [5, 1, 4],
			"rotation": {"angle": 0, "axis": "y", "origin": [4, 0, 2]},
			"faces": {
				"north": {"uv": [2, 6.5, 2.5, 7], "texture": "#1"},
				"east": {"uv": [5, 1.5, 6, 2], "texture": "#1"},
				"south": {"uv": [6.5, 2, 7, 2.5], "texture": "#1"},
				"west": {"uv": [5, 2.5, 6, 3], "texture": "#1"},
				"up": {"uv": [4, 6, 3.5, 5], "texture": "#1"},
				"down": {"uv": [4.5, 5, 4, 6], "texture": "#1"}
			}
		},
		{
			"from": [3, 0, 2],
			"to": [4, 1, 4],
			"rotation": {"angle": 0, "axis": "y", "origin": [3, 0, 2]},
			"faces": {
				"north": {"uv": [2.5, 6.5, 3, 7], "texture": "#1"},
				"east": {"uv": [5, 3, 6, 3.5], "texture": "#1"},
				"south": {"uv": [6.5, 2.5, 7, 3], "texture": "#1"},
				"west": {"uv": [5, 4, 6, 4.5], "texture": "#1"},
				"up": {"uv": [5, 6, 4.5, 5], "texture": "#1"},
				"down": {"uv": [5.5, 4.5, 5, 5.5], "texture": "#1"}
			}
		},
		{
			"from": [2, 0, 1],
			"to": [3, 1, 3],
			"rotation": {"angle": 0, "axis": "y", "origin": [2, 0, 1]},
			"faces": {
				"north": {"uv": [3, 6.5, 3.5, 7], "texture": "#1"},
				"east": {"uv": [5.5, 0, 6.5, 0.5], "texture": "#1"},
				"south": {"uv": [6.5, 3, 7, 3.5], "texture": "#1"},
				"west": {"uv": [0.5, 5.5, 1.5, 6], "texture": "#1"},
				"up": {"uv": [2, 6.5, 1.5, 5.5], "texture": "#1"},
				"down": {"uv": [3.5, 5.5, 3, 6.5], "texture": "#1"}
			}
		},
		{
			"from": [12, 0, 7],
			"to": [13, 1, 9],
			"rotation": {"angle": 0, "axis": "y", "origin": [12, 0, 7]},
			"faces": {
				"north": {"uv": [3.5, 6.5, 4, 7], "texture": "#1"},
				"east": {"uv": [5.5, 0.5, 6.5, 1], "texture": "#1"},
				"south": {"uv": [6.5, 3.5, 7, 4], "texture": "#1"},
				"west": {"uv": [5.5, 2, 6.5, 2.5], "texture": "#1"},
				"up": {"uv": [6, 5.5, 5.5, 4.5], "texture": "#1"},
				"down": {"uv": [5.5, 5.5, 5, 6.5], "texture": "#1"}
			}
		},
		{
			"from": [11, 0, 9],
			"to": [12, 1, 10],
			"rotation": {"angle": 0, "axis": "y", "origin": [11, 0, 9]},
			"faces": {
				"north": {"uv": [4, 6.5, 4.5, 7], "texture": "#1"},
				"east": {"uv": [4.5, 6.5, 5, 7], "texture": "#1"},
				"south": {"uv": [5, 6.5, 5.5, 7], "texture": "#1"},
				"west": {"uv": [5.5, 6.5, 6, 7], "texture": "#1"},
				"up": {"uv": [7, 6, 6.5, 5.5], "texture": "#1"},
				"down": {"uv": [6.5, 6.5, 6, 7], "texture": "#1"}
			}
		},
		{
			"from": [9, 0, 10],
			"to": [11, 1, 11],
			"rotation": {"angle": 0, "axis": "y", "origin": [9, 0, 11]},
			"faces": {
				"north": {"uv": [5.5, 3.5, 6.5, 4], "texture": "#1"},
				"east": {"uv": [6.5, 6, 7, 6.5], "texture": "#1"},
				"south": {"uv": [5.5, 5.5, 6.5, 6], "texture": "#1"},
				"west": {"uv": [6.5, 6.5, 7, 7], "texture": "#1"},
				"up": {"uv": [1, 6.5, 0, 6], "texture": "#1"},
				"down": {"uv": [7, 1, 6, 1.5], "texture": "#1"}
			}
		},
		{
			"from": [6, 0, 11],
			"to": [9, 1, 12],
			"rotation": {"angle": 0, "axis": "y", "origin": [6, 0, 12]},
			"faces": {
				"north": {"uv": [3, 1, 4.5, 1.5], "texture": "#1"},
				"east": {"uv": [0, 7, 0.5, 7.5], "texture": "#1"},
				"south": {"uv": [3, 1.5, 4.5, 2], "texture": "#1"},
				"west": {"uv": [7, 0, 7.5, 0.5], "texture": "#1"},
				"up": {"uv": [4.5, 2.5, 3, 2], "texture": "#1"},
				"down": {"uv": [4.5, 2.5, 3, 3], "texture": "#1"}
			}
		},
		{
			"from": [5, 0, 10],
			"to": [6, 1, 11],
			"rotation": {"angle": 0, "axis": "y", "origin": [5, 0, 10]},
			"faces": {
				"north": {"uv": [0.5, 7, 1, 7.5], "texture": "#1"},
				"east": {"uv": [7, 0.5, 7.5, 1], "texture": "#1"},
				"south": {"uv": [1, 7, 1.5, 7.5], "texture": "#1"},
				"west": {"uv": [7, 1, 7.5, 1.5], "texture": "#1"},
				"up": {"uv": [2, 7.5, 1.5, 7], "texture": "#1"},
				"down": {"uv": [7.5, 1.5, 7, 2], "texture": "#1"}
			}
		},
		{
			"from": [4, 0, 9],
			"to": [5, 1, 10],
			"rotation": {"angle": 0, "axis": "y", "origin": [4, 0, 9]},
			"faces": {
				"north": {"uv": [2, 7, 2.5, 7.5], "texture": "#1"},
				"east": {"uv": [7, 2, 7.5, 2.5], "texture": "#1"},
				"south": {"uv": [2.5, 7, 3, 7.5], "texture": "#1"},
				"west": {"uv": [7, 2.5, 7.5, 3], "texture": "#1"},
				"up": {"uv": [3.5, 7.5, 3, 7], "texture": "#1"},
				"down": {"uv": [7.5, 3, 7, 3.5], "texture": "#1"}
			}
		},
		{
			"from": [3, 0, 5],
			"to": [4, 1, 9],
			"rotation": {"angle": 0, "axis": "y", "origin": [3, 0, 5]},
			"faces": {
				"north": {"uv": [3.5, 7, 4, 7.5], "texture": "#1"},
				"east": {"uv": [0, 0, 2, 0.5], "texture": "#1"},
				"south": {"uv": [7, 3.5, 7.5, 4], "texture": "#1"},
				"west": {"uv": [0, 0.5, 2, 1], "texture": "#1"},
				"up": {"uv": [0.5, 3, 0, 1], "texture": "#1"},
				"down": {"uv": [1, 1, 0.5, 3], "texture": "#1"}
			}
		},
		{
			"from": [4, 0, 4],
			"to": [5, 1, 5],
			"rotation": {"angle": 0, "axis": "y", "origin": [4, 0, 4]},
			"faces": {
				"north": {"uv": [4, 7, 4.5, 7.5], "texture": "#1"},
				"east": {"uv": [7, 4, 7.5, 4.5], "texture": "#1"},
				"south": {"uv": [4.5, 7, 5, 7.5], "texture": "#1"},
				"west": {"uv": [7, 4.5, 7.5, 5], "texture": "#1"},
				"up": {"uv": [5.5, 7.5, 5, 7], "texture": "#1"},
				"down": {"uv": [7.5, 5, 7, 5.5], "texture": "#1"}
			}
		},
		{
			"from": [5, 0, 3],
			"to": [6, 1, 4],
			"rotation": {"angle": 0, "axis": "y", "origin": [5, 0, 3]},
			"faces": {
				"north": {"uv": [5.5, 7, 6, 7.5], "texture": "#1"},
				"east": {"uv": [7, 5.5, 7.5, 6], "texture": "#1"},
				"south": {"uv": [6, 7, 6.5, 7.5], "texture": "#1"},
				"west": {"uv": [7, 6, 7.5, 6.5], "texture": "#1"},
				"up": {"uv": [7, 7.5, 6.5, 7], "texture": "#1"},
				"down": {"uv": [7.5, 6.5, 7, 7], "texture": "#1"}
			}
		},
		{
			"from": [11, 0, 7],
			"to": [12, 1, 9],
			"rotation": {"angle": 0, "axis": "y", "origin": [11, 0, 7]},
			"faces": {
				"north": {"uv": [7, 7, 7.5, 7.5], "texture": "#1"},
				"east": {"uv": [6, 1.5, 7, 2], "texture": "#1"},
				"south": {"uv": [0, 7.5, 0.5, 8], "texture": "#1"},
				"west": {"uv": [2, 6, 3, 6.5], "texture": "#1"},
				"up": {"uv": [1.5, 7, 1, 6], "texture": "#1"},
				"down": {"uv": [6.5, 2.5, 6, 3.5], "texture": "#1"}
			}
		},
		{
			"from": [13, 0, 7],
			"to": [14, 1, 9],
			"rotation": {"angle": 0, "axis": "y", "origin": [13, 0, 7]},
			"faces": {
				"north": {"uv": [4.5, 6, 5, 6.5], "texture": "#1"},
				"east": {"uv": [0, 3, 1, 3.5], "texture": "#1"},
				"south": {"uv": [5.5, 6, 6, 6.5], "texture": "#1"},
				"west": {"uv": [0, 3.5, 1, 4], "texture": "#1"},
				"up": {"uv": [5, 2, 4.5, 1], "texture": "#1"},
				"down": {"uv": [2, 4.5, 1.5, 5.5], "texture": "#1"}
			}
		},
		{
			"from": [10, 0, 9],
			"to": [11, 1, 10],
			"rotation": {"angle": 0, "axis": "y", "origin": [10, 0, 9]},
			"faces": {
				"north": {"uv": [7.5, 0, 8, 0.5], "texture": "#1"},
				"east": {"uv": [0.5, 7.5, 1, 8], "texture": "#1"},
				"south": {"uv": [7.5, 0.5, 8, 1], "texture": "#1"},
				"west": {"uv": [1, 7.5, 1.5, 8], "texture": "#1"},
				"up": {"uv": [8, 1.5, 7.5, 1], "texture": "#1"},
				"down": {"uv": [2, 7.5, 1.5, 8], "texture": "#1"}
			}
		},
		{
			"from": [12, 0, 9],
			"to": [13, 1, 10],
			"rotation": {"angle": 0, "axis": "y", "origin": [12, 0, 9]},
			"faces": {
				"north": {"uv": [7.5, 1.5, 8, 2], "texture": "#1"},
				"east": {"uv": [2, 7.5, 2.5, 8], "texture": "#1"},
				"south": {"uv": [7.5, 2, 8, 2.5], "texture": "#1"},
				"west": {"uv": [2.5, 7.5, 3, 8], "texture": "#1"},
				"up": {"uv": [8, 3, 7.5, 2.5], "texture": "#1"},
				"down": {"uv": [3.5, 7.5, 3, 8], "texture": "#1"}
			}
		},
		{
			"from": [12, 0, 6],
			"to": [13, 1, 7],
			"rotation": {"angle": 0, "axis": "y", "origin": [12, 0, 6]},
			"faces": {
				"north": {"uv": [7.5, 3, 8, 3.5], "texture": "#1"},
				"east": {"uv": [3.5, 7.5, 4, 8], "texture": "#1"},
				"south": {"uv": [7.5, 3.5, 8, 4], "texture": "#1"},
				"west": {"uv": [4, 7.5, 4.5, 8], "texture": "#1"},
				"up": {"uv": [8, 4.5, 7.5, 4], "texture": "#1"},
				"down": {"uv": [5, 7.5, 4.5, 8], "texture": "#1"}
			}
		},
		{
			"from": [11, 0, 10],
			"to": [12, 1, 11],
			"rotation": {"angle": 0, "axis": "y", "origin": [11, 0, 10]},
			"faces": {
				"north": {"uv": [7.5, 4.5, 8, 5], "texture": "#1"},
				"east": {"uv": [5, 7.5, 5.5, 8], "texture": "#1"},
				"south": {"uv": [7.5, 5, 8, 5.5], "texture": "#1"},
				"west": {"uv": [5.5, 7.5, 6, 8], "texture": "#1"},
				"up": {"uv": [8, 6, 7.5, 5.5], "texture": "#1"},
				"down": {"uv": [6.5, 7.5, 6, 8], "texture": "#1"}
			}
		},
		{
			"from": [9, 0, 11],
			"to": [11, 1, 12],
			"rotation": {"angle": 0, "axis": "y", "origin": [9, 0, 12]},
			"faces": {
				"north": {"uv": [3.5, 6, 4.5, 6.5], "texture": "#1"},
				"east": {"uv": [7.5, 6, 8, 6.5], "texture": "#1"},
				"south": {"uv": [6, 4, 7, 4.5], "texture": "#1"},
				"west": {"uv": [6.5, 7.5, 7, 8], "texture": "#1"},
				"up": {"uv": [7, 5, 6, 4.5], "texture": "#1"},
				"down": {"uv": [7, 5, 6, 5.5], "texture": "#1"}
			}
		},
		{
			"from": [9, 0, 9],
			"to": [10, 1, 10],
			"rotation": {"angle": 0, "axis": "y", "origin": [9, 0, 9]},
			"faces": {
				"north": {"uv": [7.5, 6.5, 8, 7], "texture": "#1"},
				"east": {"uv": [7, 7.5, 7.5, 8], "texture": "#1"},
				"south": {"uv": [7.5, 7, 8, 7.5], "texture": "#1"},
				"west": {"uv": [7.5, 7.5, 8, 8], "texture": "#1"},
				"up": {"uv": [0.5, 8.5, 0, 8], "texture": "#1"},
				"down": {"uv": [8.5, 0, 8, 0.5], "texture": "#1"}
			}
		},
		{
			"from": [6, 0, 12],
			"to": [9, 1, 13],
			"rotation": {"angle": 0, "axis": "y", "origin": [6, 0, 13]},
			"faces": {
				"north": {"uv": [3, 3, 4.5, 3.5], "texture": "#1"},
				"east": {"uv": [0.5, 8, 1, 8.5], "texture": "#1"},
				"south": {"uv": [3, 3.5, 4.5, 4], "texture": "#1"},
				"west": {"uv": [8, 0.5, 8.5, 1], "texture": "#1"},
				"up": {"uv": [1.5, 4.5, 0, 4], "texture": "#1"},
				"down": {"uv": [5.5, 0, 4, 0.5], "texture": "#1"}
			}
		},
		{
			"from": [6, 0, 10],
			"to": [9, 1, 11],
			"rotation": {"angle": 0, "axis": "y", "origin": [6, 0, 11]},
			"faces": {
				"north": {"uv": [4, 0.5, 5.5, 1], "texture": "#1"},
				"east": {"uv": [1, 8, 1.5, 8.5], "texture": "#1"},
				"south": {"uv": [1.5, 4, 3, 4.5], "texture": "#1"},
				"west": {"uv": [8, 1, 8.5, 1.5], "texture": "#1"},
				"up": {"uv": [4.5, 4.5, 3, 4], "texture": "#1"},
				"down": {"uv": [1.5, 4.5, 0, 5], "texture": "#1"}
			}
		},
		{
			"from": [5, 0, 11],
			"to": [6, 1, 12],
			"rotation": {"angle": 0, "axis": "y", "origin": [5, 0, 11]},
			"faces": {
				"north": {"uv": [1.5, 8, 2, 8.5], "texture": "#1"},
				"east": {"uv": [8, 1.5, 8.5, 2], "texture": "#1"},
				"south": {"uv": [2, 8, 2.5, 8.5], "texture": "#1"},
				"west": {"uv": [8, 2, 8.5, 2.5], "texture": "#1"},
				"up": {"uv": [3, 8.5, 2.5, 8], "texture": "#1"},
				"down": {"uv": [8.5, 2.5, 8, 3], "texture": "#1"}
			}
		},
		{
			"from": [5, 0, 9],
			"to": [6, 1, 10],
			"rotation": {"angle": 0, "axis": "y", "origin": [5, 0, 9]},
			"faces": {
				"north": {"uv": [3, 8, 3.5, 8.5], "texture": "#1"},
				"east": {"uv": [8, 3, 8.5, 3.5], "texture": "#1"},
				"south": {"uv": [3.5, 8, 4, 8.5], "texture": "#1"},
				"west": {"uv": [8, 3.5, 8.5, 4], "texture": "#1"},
				"up": {"uv": [4.5, 8.5, 4, 8], "texture": "#1"},
				"down": {"uv": [8.5, 4, 8, 4.5], "texture": "#1"}
			}
		},
		{
			"from": [4, 0, 10],
			"to": [5, 1, 11],
			"rotation": {"angle": 0, "axis": "y", "origin": [4, 0, 10]},
			"faces": {
				"north": {"uv": [4.5, 8, 5, 8.5], "texture": "#1"},
				"east": {"uv": [8, 4.5, 8.5, 5], "texture": "#1"},
				"south": {"uv": [5, 8, 5.5, 8.5], "texture": "#1"},
				"west": {"uv": [8, 5, 8.5, 5.5], "texture": "#1"},
				"up": {"uv": [6, 8.5, 5.5, 8], "texture": "#1"},
				"down": {"uv": [8.5, 5.5, 8, 6], "texture": "#1"}
			}
		},
		{
			"from": [3, 0, 9],
			"to": [4, 1, 10],
			"rotation": {"angle": 0, "axis": "y", "origin": [3, 0, 9]},
			"faces": {
				"north": {"uv": [6, 8, 6.5, 8.5], "texture": "#1"},
				"east": {"uv": [8, 6, 8.5, 6.5], "texture": "#1"},
				"south": {"uv": [6.5, 8, 7, 8.5], "texture": "#1"},
				"west": {"uv": [8, 6.5, 8.5, 7], "texture": "#1"},
				"up": {"uv": [7.5, 8.5, 7, 8], "texture": "#1"},
				"down": {"uv": [8.5, 7, 8, 7.5], "texture": "#1"}
			}
		},
		{
			"from": [4, 0, 5],
			"to": [5, 1, 9],
			"rotation": {"angle": 0, "axis": "y", "origin": [4, 0, 5]},
			"faces": {
				"north": {"uv": [7.5, 8, 8, 8.5], "texture": "#1"},
				"east": {"uv": [1, 1, 3, 1.5], "texture": "#1"},
				"south": {"uv": [8, 7.5, 8.5, 8], "texture": "#1"},
				"west": {"uv": [1, 1.5, 3, 2], "texture": "#1"},
				"up": {"uv": [1.5, 4, 1, 2], "texture": "#1"},
				"down": {"uv": [2, 2, 1.5, 4], "texture": "#1"}
			}
		},
		{
			"from": [2, 0, 5],
			"to": [3, 1, 9],
			"rotation": {"angle": 0, "axis": "y", "origin": [2, 0, 5]},
			"faces": {
				"north": {"uv": [8, 8, 8.5, 8.5], "texture": "#1"},
				"east": {"uv": [2, 0, 4, 0.5], "texture": "#1"},
				"south": {"uv": [0, 8.5, 0.5, 9], "texture": "#1"},
				"west": {"uv": [2, 0.5, 4, 1], "texture": "#1"},
				"up": {"uv": [2.5, 4, 2, 2], "texture": "#1"},
				"down": {"uv": [3, 2, 2.5, 4], "texture": "#1"}
			}
		},
		{
			"from": [3, 0, 4],
			"to": [4, 1, 5],
			"rotation": {"angle": 0, "axis": "y", "origin": [3, 0, 4]},
			"faces": {
				"north": {"uv": [8.5, 0, 9, 0.5], "texture": "#1"},
				"east": {"uv": [0.5, 8.5, 1, 9], "texture": "#1"},
				"south": {"uv": [8.5, 0.5, 9, 1], "texture": "#1"},
				"west": {"uv": [1, 8.5, 1.5, 9], "texture": "#1"},
				"up": {"uv": [9, 1.5, 8.5, 1], "texture": "#1"},
				"down": {"uv": [2, 8.5, 1.5, 9], "texture": "#1"}
			}
		},
		{
			"from": [5, 0, 4],
			"to": [6, 1, 5],
			"rotation": {"angle": 0, "axis": "y", "origin": [5, 0, 4]},
			"faces": {
				"north": {"uv": [8.5, 1.5, 9, 2], "texture": "#1"},
				"east": {"uv": [2, 8.5, 2.5, 9], "texture": "#1"},
				"south": {"uv": [8.5, 2, 9, 2.5], "texture": "#1"},
				"west": {"uv": [2.5, 8.5, 3, 9], "texture": "#1"},
				"up": {"uv": [9, 3, 8.5, 2.5], "texture": "#1"},
				"down": {"uv": [3.5, 8.5, 3, 9], "texture": "#1"}
			}
		},
		{
			"from": [6, 0, 3],
			"to": [7, 1, 4],
			"rotation": {"angle": 0, "axis": "y", "origin": [6, 0, 3]},
			"faces": {
				"north": {"uv": [8.5, 3, 9, 3.5], "texture": "#1"},
				"east": {"uv": [3.5, 8.5, 4, 9], "texture": "#1"},
				"south": {"uv": [8.5, 3.5, 9, 4], "texture": "#1"},
				"west": {"uv": [4, 8.5, 4.5, 9], "texture": "#1"},
				"up": {"uv": [9, 4.5, 8.5, 4], "texture": "#1"},
				"down": {"uv": [5, 8.5, 4.5, 9], "texture": "#1"}
			}
		},
		{
			"from": [5, 0, 2],
			"to": [6, 1, 3],
			"rotation": {"angle": 0, "axis": "y", "origin": [5, 0, 2]},
			"faces": {
				"north": {"uv": [8.5, 4.5, 9, 5], "texture": "#1"},
				"east": {"uv": [5, 8.5, 5.5, 9], "texture": "#1"},
				"south": {"uv": [8.5, 5, 9, 5.5], "texture": "#1"},
				"west": {"uv": [5.5, 8.5, 6, 9], "texture": "#1"},
				"up": {"uv": [9, 6, 8.5, 5.5], "texture": "#1"},
				"down": {"uv": [6.5, 8.5, 6, 9], "texture": "#1"}
			}
		},
		{
			"from": [2, 0, 3],
			"to": [3, 1, 4],
			"rotation": {"angle": 0, "axis": "y", "origin": [2, 0, 3]},
			"faces": {
				"north": {"uv": [8.5, 6, 9, 6.5], "texture": "#1"},
				"east": {"uv": [6.5, 8.5, 7, 9], "texture": "#1"},
				"south": {"uv": [8.5, 6.5, 9, 7], "texture": "#1"},
				"west": {"uv": [7, 8.5, 7.5, 9], "texture": "#1"},
				"up": {"uv": [9, 7.5, 8.5, 7], "texture": "#1"},
				"down": {"uv": [8, 8.5, 7.5, 9], "texture": "#1"}
			}
		}
	],
	"display": {
		"thirdperson_righthand": {
			"rotation": [-50, 0, 90],
			"translation": [-4, 5.75, 0],
			"scale": [0.55, 0.55, 0.55]
		},
		"thirdperson_lefthand": {
			"rotation": [-81, 47, 0],
			"translation": [0.75, 10.25, -4.75]
		},
		"firstperson_righthand": {
			"rotation": [-90, 60, 70],
			"translation": [0.5, 9, -6.75]
		},
		"firstperson_lefthand": {
			"rotation": [23, 122, 180],
			"translation": [3.25, -2.5, -10]
		},
		"ground": {
			"translation": [2.25, 4, 2]
		},
		"gui": {
			"rotation": [0, 90, 90],
			"translation": [1.5, 1.25, 0]
		},
		"fixed": {
			"rotation": [0, -90, 90],
			"translation": [-1.25, 2.5, -8]
		}
	},
	"groups": [
		{
			"name": "handle",
			"origin": [2, 0, 7],
			"color": 0,
			"children": [0, 1]
		},
		2,
		3,
		4,
		5,
		{
			"name": "mainPart",
			"origin": [5, 0, 3],
			"color": 0,
			"children": [6, 7, 8, 9, 10, 11, 12, 13, 14]
		},
		15,
		16,
		17,
		18,
		19,
		20,
		21,
		22,
		23,
		24,
		25,
		26,
		27,
		28,
		29,
		30,
		31,
		32,
		33,
		34,
		35
	]
}