{
  "credit": "Blockbench",
  "textures": {
    "1": "infinitecrops:item/crops/pepper/stage_5",
    "3": "infinitecrops:item/crops/pepper/stick",
    "particle": "infinitecrops:item/crops/pepper/stage_5"
  },
  "elements": [
    {
      "from": [
        -2.7019,
        0,
        7.90071
      ],
      "to": [
        17.6381,
        18.08,
        7.90071
      ],
      "rotation": {
        "angle": 0,
        "axis": "y",
        "origin": [
          7.9201,
          9.04,
          8.23971
        ]
      },
      "faces": {
        "north": {
          "uv": [
            3,
            6,
            13.5,
            16
          ],
          "texture": "#1"
        },
        "east": {
          "uv": [
            3,
            6,
            13.5,
            16
          ],
          "texture": "#1"
        },
        "south": {
          "uv": [
            3,
            6,
            13.5,
            16
          ],
          "texture": "#1"
        },
        "west": {
          "uv": [
            3,
            6,
            13.5,
            16
          ],
          "texture": "#1"
        },
        "up": {
          "uv": [
            3,
            6,
            13.5,
            16
          ],
          "texture": "#1"
        },
        "down": {
          "uv": [
            3,
            6,
            13.5,
            16
          ],
          "texture": "#1"
        }
      }
    },
    {
      "from": [
        7.9201,
        0,
        -2.14329
      ],
      "to": [
        7.9201,
        18.08,
        18.19671
      ],
      "rotation": {
        "angle": 0,
        "axis": "y",
        "origin": [
          7.9201,
          9.04,
          8.23971
        ]
      },
      "faces": {
        "north": {
          "uv": [
            3,
            6,
            13.5,
            16
          ],
          "texture": "#1"
        },
        "east": {
          "uv": [
            3,
            6,
            13.5,
            16
          ],
          "texture": "#1"
        },
        "south": {
          "uv": [
            3,
            6,
            13.5,
            16
          ],
          "texture": "#1"
        },
        "west": {
          "uv": [
            3,
            6,
            13.5,
            16
          ],
          "texture": "#1"
        },
        "up": {
          "uv": [
            3,
            6,
            13.5,
            16
          ],
          "texture": "#1"
        },
        "down": {
          "uv": [
            3,
            6,
            13.5,
            16
          ],
          "texture": "#1"
        }
      }
    },
    {
      "from": [
        7.5,
        0,
        7.4
      ],
      "to": [
        8.5,
        15,
        8.4
      ],
      "faces": {
        "north": {
          "uv": [
            0,
            0,
            1,
            15
          ],
          "texture": "#3"
        },
        "east": {
          "uv": [
            0,
            0,
            1,
            15
          ],
          "texture": "#3"
        },
        "south": {
          "uv": [
            0,
            0,
            1,
            15
          ],
          "texture": "#3"
        },
        "west": {
          "uv": [
            0,
            0,
            1,
            15
          ],
          "texture": "#3"
        },
        "up": {
          "uv": [
            0,
            0,
            1,
            1
          ],
          "texture": "#3"
        },
        "down": {
          "uv": [
            0,
            0,
            1,
            1
          ],
          "texture": "#3"
        }
      }
    }
  ],
  "gui_light": "front",
  "display": {
    "gui": {
      "rotation": [
        19.98,
        19.84,
        -7.02
      ]
    },
    "fixed": {
      "rotation": [
        -90,
        0,
        0
      ],
      "translation": [
        0,
        0,
        -15
      ],
      "scale": [
        2,
        2,
        2
      ]
    },
    "display": {
      "scale": [
        0.5,
        0.5,
        0.5
      ]
    },
    "thirdperson_righthand": {
      "rotation": [
        0.0,
        -180.0,
        0.0
      ],
      "translation": [
        0.0,
        2.75,
        0.75
      ],
      "scale": [
        0.4,
        0.4,
        0.4
      ]
    },
    "thirdperson_lefthand": {
      "rotation": [
        0.0,
        0.0,
        0.0
      ],
      "translation": [
        0.0,
        2.75,
        0.75
      ],
      "scale": [
        0.4,
        0.4,
        0.4
      ]
    },
    "firstperson_righthand": {
      "rotation": [
        0.0,
        140.0,
        0.0
      ],
      "translation": [
        3.5,
        2.5,
        0.0
      ],
      "scale": [
        0.4,
        0.4,
        0.4
      ]
    },
    "firstperson_lefthand": {
      "rotation": [
        0.0,
        -44.0,
        0.0
      ],
      "translation": [
        -1.0,
        4.25,
        2.75
      ],
      "scale": [
        0.4,
        0.4,
        0.4
      ]
    },
    "ground": {
      "translation": [
        0.0,
        2.0,
        0.0
      ],
      "scale": [
        0.5,
        0.5,
        0.5
      ]
    }
  }
}