{
  "credit": "Made with Blockbench",
  "parent": "minecraft:item/generated",
  "textures": {
    "layer0": "infinitecrops:item/fertilizers/stage_increase_1"
  },
  "display": {
    "thirdperson_righthand": {
      "scale": [
        0.7,
        0.7,
        0.5
      ],
      "rotation": [
        0.0,
        0.0,
        0.0
      ],
      "translation": [
        0.0,
        0.75,
        0.0
      ]
    },
    "thirdperson_lefthand": {
      "scale": [
        0.7,
        0.7,
        0.5
      ],
      "rotation": [
        0.0,
        0.0,
        0.0
      ],
      "translation": [
        0.0,
        0.75,
        0.0
      ]
    },
    "ground": {
      "translation": [
        0.0,
        2.5,
        0.0
      ],
      "scale": [
        0.7,
        0.7,
        0.5
      ],
      "rotation": [
        0.0,
        0.0,
        0.0
      ]
    },
    "gui": {
      "translation": [
        0.25,
        -0.25,
        0
      ],
      "scale": [
        1.2,
        1.1,
        1
      ]
    },
    "fixed": {
      "scale": [
        1.5,
        1.3,
        1
      ]
    },
    "display": {
      "scale": [
        0.6,
        0.6,
        0.5
      ]
    },
    "firstperson_righthand": {
      "rotation": [
        0.0,
        0.0,
        25.0
      ],
      "translation": [
        3.75,
        1.5,
        0.5
      ],
      "scale": [
        0.6,
        0.6,
        0.5
      ]
    },
    "firstperson_lefthand": {
      "rotation": [
        0.0,
        0.0,
        25.0
      ],
      "translation": [
        3.75,
        1.5,
        0.5
      ],
      "scale": [
        0.6,
        0.6,
        0.5
      ]
    }
  }
}